t,path_0,path_1,path_2,path_3,path_4,path_5,path_6,path_7,path_8,path_9,path_10,path_11,path_12,path_13,path_14,path_15,path_16,path_17,path_18,path_19,path_20,path_21,path_22,path_23,path_24,path_25,path_26,path_27,path_28,path_29,path_30,path_31,path_32,path_33,path_34,path_35,path_36,path_37,path_38,path_39,path_40,path_41,path_42,path_43,path_44,path_45,path_46,path_47,path_48,path_49,path_50,path_51,path_52,path_53,path_54,path_55,path_56,path_57,path_58,path_59,path_60,path_61,path_62,path_63,path_64,path_65,path_66,path_67,path_68,path_69,path_70,path_71,path_72,path_73,path_74,path_75,path_76,path_77,path_78,path_79,path_80,path_81,path_82,path_83,path_84,path_85,path_86,path_87,path_88,path_89,path_90,path_91,path_92,path_93,path_94,path_95,path_96,path_97,path_98,path_99
0,0,0,0,0,0,0,0,0,0,0,0,0,0,0,0,0,0,0,0,0,0,0,0,0,0,0,0,0,0,0,0,0,0,0,0,0,0,0,0,0,0,0,0,0,0,0,0,0,0,0,0,0,0,0,0,0,0,0,0,0,0,0,0,0,0,0,0,0,0,0,0,0,0,0,0,0,0,0,0,0,0,0,0,0,0,0,0,0,0,0,0,0,0,0,0,0,0,0,0,0
0.002,-0.0447405,-0.0959374,0.0845372,-0.0137907,0.0483277,-0.00861619,0.00477584,-0.00232572,0.0283413,-0.0601366,-0.069294,0.0171874,-0.0389975,0.0312192,-0.00180954,-0.0945649,0.00157084,-0.0655505,-0.0372854,-0.0662738,0.0616152,0.0266105,0.0956445,0.00344541,0.074614,-0.00255039,0.0250258,0.0205523,-0.0123199,0.0889763,-0.0326087,0.0707885,-0.0131335,-0.0011017,-0.0411782,-0.0460769,-0.0551309,0.0232246,0.0631899,0.0366461,-0.00944806,-0.0284894,0.0519922,-0.0237931,-0.00108214,-0.0862301,-0.0794597,-0.0162445,0.035294,0.00119456,-0.0299477,-0.0134344,-0.0719187,-0.029399,0.00846611,-0.0545132,-0.0166572,-0.0174016,0.0621604,0.0833467,0.0504916,0.00976696,0.0305526,-0.0648287,-0.0431792,-2.65775e-05,0.0192074,-0.0405436,0.0534459,0.0857604,0.0103869,-0.00707088,-0.00928821,0.042151,0.00929599,0.0762722,0.0108546,-0.0596892,0.0157585,-0.00510029,-0.00695913,-0.0137181,-0.0213641,0.00933323,-0.0340322,-0.0126629,-0.102499,0.110605,0.000685715,0.0601109,-0.0636052,0.00210047,0.059075,0.021027,-0.065875,0.0207333,0.0344627,-0.00203232,-0.0459476,-0.025936
0.004,-0.0730577,-0.0524426,0.1691,-0.00319151,0.0321453,-0.0160376,0.0274316,0.0223912,-0.0175039,0.0099751,-0.00334112,0.041919,-0.089668,-0.0193567,-0.0121651,-0.104933,-0.0137097,-0.115078,0.0117812,-0.0749295,-0.0352174,0.0729628,0.0962188,-0.00872829,0.0720043,0.115172,0.0355724,-0.00295299,0.00597955,0.114481,0.0580066,0.017783,-0.0294296,-0.0183383,-0.0767629,0.0182759,-0.00570211,0.063068,0.154488,0.135372,-0.143783,0.0507724,0.0788478,-0.00562312,-0.010998,-0.0612825,-0.0902264,0.0261343,0.0989119,0.0296637,-0.0855802,-0.117582,-0.0445917,-0.0436933,0.0835549,-0.0656724,0.011182,-0.0471915,0.0560452,0.10663,0.0560793,0.0228607,0.0206166,-0.0423785,-0.0688503,0.0225783,0.000921547,0.00504258,-0.00828697,0.114449,-0.00349881,0.034722,0.0532471,0.0498999,0.00723817,0.0668043,0.00897636,-0.0605986,0.107574,0.0233333,0.000599491,0.000658625,-0.0266372,-0.0233644,-0.0664431,-0.0438466,-0.142687,0.0341782,-0.0208411,0.0400176,-0.0356275,0.00176618,-0.0443727,0.0262833,-0.0889276,0.0285584,0.0586615,0.0565519,-0.0650625,-0.0869328
0.006,-0.14715,-0.0203147,0.259383,-0.0286362,-0.0162615,0.0495541,0.126943,0.0682678,-0.0461033,0.00962482,-0.0407743,0.133903,0.00595739,0.0110914,0.126741,-0.0571895,0.034734,-0.124887,-0.0372659,-0.0932913,-0.0090339,0.226511,0.056165,-0.0262093,0.0673467,0.185034,0.054003,-0.0315228,-0.0436822,0.07475,-0.00605375,0.108316,-0.0194021,-0.0322343,-0.0542443,-0.00463512,0.0226646,0.0648594,0.117607,0.175348,-0.149482,-0.00930225,0.0985239,-0.0234861,-0.0124772,-0.0820181,0.00434999,0.0600942,0.00697722,-0.000675899,-0.0957022,-0.149398,-0.0666525,-0.0466305,0.113438,-0.0216296,-0.011542,-0.0121779,0.0669234,0.0819217,0.114681,0.043102,-0.0055869,-0.0159073,-0.162677,0.00174416,0.0193323,0.0221094,0.00941112,0.109469,-0.0411398,0.0579535,-0.00495285,0.0189836,0.0283853,-0.00409546,-0.0218769,-0.0770183,0.0802099,0.0512945,-0.0226544,0.0514023,0.00147777,0.0153277,-0.0623354,-0.109152,-0.1973,0.00420457,0.000922715,0.0772719,-0.0432413,0.066966,0.00990475,0.0506095,-0.0768079,0.105414,0.11996,0.0837958,-0.0787489,-0.0914675
0.008,-0.12232,0.0300466,0.272492,-0.0249789,-0.0626546,-0.0171712,0.108598,0.0678441,-0.0358537,-0.038951,0.0120268,0.205717,-0.010366,0.0452355,0.0521008,-0.0422472,0.0555532,-0.033518,0.00608526,-0.112774,-0.0621637,0.217572,0.0259014,-0.0599945,0.0244654,0.154008,0.0200663,0.0155473,-0.0103575,-0.023857,-0.0800086,0.0819005,-0.121583,-0.0393757,-0.0834177,0.0493877,0.00353388,0.0224655,0.0713381,0.166089,-0.0885464,0.0263142,0.041106,-0.00505976,0.0102155,-0.0131365,0.0591729,0.041082,0.0614034,0.0421412,-0.0748251,-0.105755,-0.0579202,-0.00421235,0.174624,0.139692,0.0161812,-0.0107046,-0.00694411,0.103037,0.095801,0.0653972,-0.0315426,-0.0560259,-0.181189,0.0249894,-0.0315071,-0.00867719,-0.0111943,0.11094,-0.00377994,0.0264972,-0.0983103,0.0261069,0.0196091,-0.0280986,0.0131268,-0.0291612,0.0805708,0.0852164,0.00656989,0.0358794,-0.0377185,-0.0510706,-0.0424108,-0.0992958,-0.181518,0.0341277,-0.0790464,0.093773,-0.0866445,-0.021955,-0.0252591,-0.0777258,0.00627318,0.102379,0.132046,0.082386,-0.0307008,-0.0527764
0.01,-0.118607,0.010409,0.287712,-0.00900811,-0.0113748,-0.000853583,0.0721441,0.0768815,-0.0347979,-0.0390771,0.0396946,0.221463,-0.00367424,-0.0175244,0.0172669,-0.0167173,0.0320675,-0.0164217,0.0426004,-0.155938,-0.0710216,0.302273,0.013825,-0.0126293,0.0153181,0.126907,0.101623,-0.0120984,-0.00440914,-0.0592219,-0.139469,0.0319376,-0.148838,-0.105238,-0.0518263,0.116387,-0.00919026,0.0823239,0.00767542,0.152865,-0.0232008,-0.0144875,0.0454662,0.029797,0.0472581,-0.0155188,0.107051,0.0283112,0.025793,0.00903224,-0.0480276,-0.0257656,-0.0438774,-0.0480377,0.144858,0.140007,0.0150612,-0.0585971,0.0326603,0.0825062,0.0693103,0.145036,-0.0450043,0.0104426,-0.156446,0.0742392,0.0410833,-0.134259,-0.0232194,0.0873748,-0.0135424,-0.124598,-0.136018,-0.054445,-0.0285195,0.0304485,0.0137114,-0.0261775,0.00603631,0.0632684,-0.0034495,-0.0337494,-0.0483079,-0.0337393,-0.0512296,-0.147374,-0.180151,-0.0187735,-0.0832226,0.120474,-0.120645,0.0471672,-0.0666916,0.00203903,-0.00735031,0.0899973,0.160056,0.118015,-0.0970845,0.0106475
0.012,-0.103601,-0.0613827,0.350612,-0.04841,0.0808119,0.0597622,0.0707819,0.134205,-0.0684401,-0.0638384,-0.025646,0.198215,-0.0358526,0.0866078,-0.0142164,0.000468127,-0.0589484,0.0461523,0.0552178,-0.151567,-0.0592055,0.2686,-0.000254992,-0.028638,-0.0838812,0.113922,0.0860051,-0.00131404,0.0315008,-0.00550785,-0.162811,0.0501396,-0.189707,-0.168263,0.0312064,0.085077,-0.0779046,0.0157285,0.0135899,0.152339,0.00525916,-0.0456233,0.0255398,0.0212241,0.0625779,0.00749485,0.10836,0.0507956,-0.014162,0.0139924,-0.119549,-0.0148401,0.00803442,0.00174721,0.122954,0.161688,-0.0355286,-0.0748735,-0.0220011,0.119692,-0.0235708,0.214671,-0.0258252,-0.048665,-0.177812,0.104881,0.0790912,-0.0923384,-0.0373158,0.0656164,-0.00401731,-0.26123,-0.217163,-0.0745084,-0.11961,0.0319618,0.0208698,-0.0889243,0.0065235,-0.00167272,-0.000998519,-0.0238667,-0.0369837,-0.0271832,-0.0661609,-0.0215234,-0.132799,0.0125747,-0.0635347,0.0561435,-0.0972986,0.0510252,-0.0595818,0.0158803,0.0439954,0.0698578,0.140117,0.125974,-0.124298,0.0590351
0.014,-0.128953,-0.108136,0.304602,0.00256914,0.0587496,0.100908,0.0389232,0.0584252,-0.0918791,-0.00758248,-0.0700218,0.223737,-0.059465,0.147999,0.0111365,0.0709763,-0.0916288,0.0951889,-0.0644941,-0.188214,-0.0766525,0.234685,-0.105998,-0.0674508,-0.0558709,0.114513,0.0185972,0.0221509,-0.026654,-0.00462013,-0.241595,0.105146,-0.265229,-0.146044,0.0229322,0.0793556,-0.0796509,0.0763679,0.045369,0.16676,-0.0621947,-0.143986,0.0927912,0.0194665,0.127335,0.00304179,0.157945,-0.0178679,-0.0669221,-0.0122106,-0.058561,-0.0092663,0.10477,-0.0371164,0.109302,0.102322,-0.0416256,-0.0752262,0.101981,0.119956,-0.0227227,0.183786,0.0502985,-0.0475697,-0.132988,0.0785899,0.0269623,-0.139954,-0.0624867,0.0458112,0.0263765,-0.239967,-0.220847,-0.050754,-0.200891,0.00417147,0.0214126,-0.0796373,0.0481305,0.000841063,0.0823415,-0.0471765,0.0103759,-0.044223,-0.132328,-0.0449096,-0.183431,-0.0272047,-0.135562,0.0458309,-0.0805579,0.0387739,-0.0131442,0.027591,-0.00311241,0.022901,0.138712,0.118621,-0.100907,0.0792338
0.016,-0.161285,-0.130048,0.330247,-0.00699026,0.0322486,0.0847191,0.0399832,0.118116,-0.0720716,0.00631039,-0.00237559,0.176143,-0.0366975,0.169035,-0.054039,0.078693,-0.124582,0.0453086,-0.0348507,-0.204625,-0.0688083,0.257176,-0.109301,-0.0301569,-0.00768815,0.108673,0.0214597,0.0357122,-0.0241099,0.00939287,-0.201605,0.123166,-0.30774,-0.228833,-0.0532355,0.0789957,-0.0789518,0.0726541,0.0427571,0.130982,-0.0451404,-0.152675,0.0312717,0.0895343,0.0196953,-0.0951823,0.186927,0.0322618,0.010224,0.0312267,-0.0985324,-0.0151334,0.111905,-0.0297053,0.150732,0.198608,-0.0371979,-0.0303132,0.0954584,0.078452,-0.0599123,0.0905893,0.133289,-0.081141,-0.0657832,0.0606335,0.000699369,-0.202227,-0.0837786,0.069966,-0.00604422,-0.165415,-0.257615,-0.0224729,-0.146531,0.0210842,0.0171464,-0.0956348,0.0844135,0.0109156,0.124307,-0.0993942,0.031373,-0.053916,-0.00687981,-0.0809161,-0.22797,-0.0363997,-0.14096,0.0803083,-0.0264058,-0.000711622,0.0168543,0.0371217,-0.00251465,-0.019653,0.201463,0.117673,-0.0390033,0.0797123
0.018,-0.140167,-0.0920312,0.328078,-0.0644484,0.0220937,0.0422597,0.121981,0.126688,-0.0787389,0.0409679,0.0106359,0.11622,-0.0556833,0.178753,-0.0600594,-0.0178395,-0.0968631,0.132857,0.00565993,-0.156563,-0.0892724,0.333594,-0.177555,-0.0780086,0.00333212,0.155876,0.0838689,0.0203412,-0.0420347,-0.031083,-0.269829,0.157149,-0.261339,-0.208056,-0.0681175,0.0606131,-0.113284,0.0800727,-0.0122552,0.175752,-0.0998701,-0.136112,-0.0637451,0.0978764,0.0256749,-0.0791743,0.204684,0.00806907,-0.000889918,0.0488071,-0.0878916,-0.0798163,0.0690254,0.0221956,0.160758,0.167771,-0.0582455,-0.0460507,0.109378,0.0787233,-0.0736011,0.0755366,0.124028,0.0145531,-0.0759694,0.0846825,0.115509,-0.25794,-0.160538,0.0383517,-0.0802723,-0.126932,-0.181049,-0.00965974,-0.198327,-0.04632,0.110754,-0.147679,0.0670989,0.0211364,0.100548,-0.144378,-0.0144176,-0.0658349,0.0136548,-0.0734286,-0.200487,-0.0199066,-0.0999464,0.134179,0.0443427,0.0036924,-0.00205838,0.054752,0.00230984,-0.015963,0.148886,0.163364,0.00921334,0.142699
0.02,-0.182237,-0.0744779,0.351739,-0.149715,0.0268001,0.0821524,0.128273,0.102055,-0.0418317,0.0658567,-0.0462034,0.16142,-0.0422762,0.214063,-0.0641286,0.0182506,-0.0450104,0.109653,-0.106539,-0.124305,-0.201417,0.389932,-0.209697,-0.0699712,-0.0403864,0.181049,0.141457,-0.00304879,-0.0951939,0.0086783,-0.312025,0.178559,-0.247845,-0.225681,-0.0793256,0.0385928,-0.0915401,0.125859,0.0655758,0.247297,-0.0709096,-0.160771,-0.00363755,0.105453,0.0188248,-0.0985005,0.267886,-0.0529193,0.000682204,0.0588843,-0.0873003,-0.0694808,0.108361,0.0391337,0.0803419,0.296787,-0.0834786,0.00887034,0.114901,0.0777239,-0.0383763,0.116661,0.0957325,0.0399491,-0.0708306,0.119253,0.17453,-0.314036,-0.183768,0.0140132,-0.132005,-0.0962054,-0.187853,0.0228836,-0.259087,-0.0530736,0.0643345,-0.156985,0.0952735,0.136568,-0.03442,-0.21567,0.0436795,-0.124633,0.0557784,-0.0835804,-0.164288,-0.0158125,-0.0506888,0.121971,0.100839,0.0162786,-0.0506036,0.0265945,-0.0789533,-0.0213142,0.170398,0.128578,0.000689475,0.0693789
0.022,-0.113052,-0.0950479,0.273324,-0.134003,0.125974,0.121325,0.100354,0.0831321,-0.0708788,-0.0376345,-0.0735533,0.162806,-0.0632863,0.183344,-0.013884,0.0645836,-0.0516911,0.123381,-0.131741,-0.174058,-0.243684,0.43001,-0.197644,-0.0569961,-0.0473085,0.161097,0.0762521,0.00486071,-0.0685499,0.0315223,-0.307052,0.184781,-0.284632,-0.188097,-0.0224694,-0.0168117,-0.130126,0.190512,0.0977834,0.264226,-0.0786923,-0.15463,0.043275,0.0304503,0.0743093,-0.132419,0.311298,-0.00206631,0.0332681,0.0514279,-0.0738883,-0.0681632,0.12293,0.0866395,0.0581121,0.350163,0.00800515,-0.00398556,0.183095,0.111871,-0.0384476,0.141919,0.13303,0.0815172,-0.0332099,0.165393,0.181525,-0.257208,-0.195867,-0.0103347,-0.119472,-0.0796539,-0.204808,0.0446543,-0.288345,-0.0438672,0.0245527,-0.103575,0.115737,0.103641,-0.00775632,-0.249399,0.0459167,-0.0722901,0.126398,-0.105413,-0.154863,0.038998,-0.054643,0.157645,0.0578499,-0.0206263,0.0242722,0.0377898,-0.0754165,-0.0110721,0.197787,0.085318,-0.0922852,0.0119151
0.024,-0.0400122,-0.110908,0.227425,-0.0759162,0.114935,0.0948182,0.0631942,0.0859096,-0.112589,-0.00253911,-0.123407,0.168356,-0.0703585,0.235377,-0.0198123,0.0549586,0.00217696,0.0783397,-0.158575,-0.134217,-0.301144,0.379727,-0.147089,-0.0410786,-0.0817772,0.122176,0.0596975,-0.0172044,-0.0560678,-0.0401704,-0.235475,0.170001,-0.300035,-0.157298,-0.00164245,0.0111246,-0.0476678,0.274969,0.121218,0.273243,-0.0717009,-0.167945,0.0638807,0.0705675,0.0769671,-0.0610783,0.283938,0.0197683,-0.0216541,0.0852738,-0.0893064,-0.0834119,0.140608,0.060422,0.096164,0.368848,-0.0337447,-0.0168389,0.192995,0.0458076,-0.105858,0.138092,0.128858,0.0881642,-0.0280239,0.208417,0.11012,-0.220173,-0.155086,-0.050295,-0.080463,-0.154665,-0.290557,-0.0415386,-0.224905,-0.0677682,0.0208145,-0.129554,0.200761,0.121101,0.0743769,-0.234635,0.0169617,-0.0447577,0.0984176,-0.106073,-0.237754,0.089635,-0.0121132,0.186819,0.0296975,-0.00765892,0.0870826,0.0648929,-0.0613264,0.0617358,0.180727,0.0853366,-0.0903977,0.00789053
0.026,-0.112688,-0.0842551,0.22046,-0.0322739,0.0552592,0.133901,-0.0300486,0.0683698,-0.111571,0.00038872,-0.130919,0.219251,0.00834458,0.233758,-0.0264017,0.0585067,-0.046608,0.0528307,-0.105707,-0.161874,-0.287979,0.32272,-0.139467,-0.105597,-0.0628739,0.135371,0.045122,-0.0642823,-0.0288737,-0.0412357,-0.260417,0.225515,-0.268524,-0.142134,0.0110966,0.0242371,-0.109158,0.288253,0.138348,0.210166,-0.086313,-0.176108,0.049088,0.0650278,0.137514,-0.0532178,0.284872,-0.0397482,0.0368694,0.159696,-0.103892,-0.0690128,0.177701,0.113513,0.0347373,0.429453,0.0245717,-0.00832691,0.196594,0.0367506,-0.111116,0.145214,0.142182,0.147743,-0.030552,0.222223,0.125994,-0.134911,-0.112209,-0.0643738,-0.112471,-0.157496,-0.30977,-0.0221424,-0.282334,-0.033691,0.0181079,-0.139442,0.216085,0.1054,0.148346,-0.250938,0.0111997,-0.0816164,0.0941615,-0.0992677,-0.258721,0.10491,-0.0399905,0.140958,0.119467,-0.0809537,0.0841413,0.115426,-0.07156,0.0896057,0.109045,0.127399,-0.0582845,0.0133501
0.028,-0.0590454,-0.0436248,0.233591,-0.0266387,0.08875,0.147756,-0.0439443,0.0038488,-0.138816,0.033558,-0.0614846,0.107796,-0.0306731,0.209078,-0.00823025,0.0471427,-0.0169024,-0.040461,-0.145618,-0.0990863,-0.344673,0.324279,-0.0788553,-0.0827456,-0.0276706,0.0885744,0.0324015,-0.0137358,-0.0891972,-0.14236,-0.292215,0.286279,-0.31426,-0.0655253,0.0229911,0.0349262,-0.111429,0.323711,0.146035,0.261492,-0.192271,-0.136413,0.109115,0.0087591,0.189374,-0.0286017,0.316842,-0.0392,0.0485995,0.157739,-0.0430016,0.0644895,0.162633,0.0955923,0.0246936,0.361351,-0.00153624,-0.018651,0.155855,-0.00445855,-0.104098,0.180177,0.0973256,0.141533,-0.066783,0.252059,0.125454,-0.150955,-0.179724,-0.117266,-0.0964599,-0.0758353,-0.378453,-0.0786118,-0.250558,0.00708912,0.0191351,-0.194056,0.173316,0.0436597,0.188979,-0.26258,-0.0647201,-0.130526,0.101512,-0.144872,-0.253339,0.078447,-0.0171881,0.0985099,0.130991,-0.0648156,0.0725544,0.0712335,-0.0464724,0.105157,0.103965,0.112507,-0.0807233,0.00710335
0.03,-0.0984612,-0.0922863,0.211336,-0.043342,0.0835215,0.136858,-0.0390504,-0.0363352,-0.178795,-0.0340442,-0.0285559,0.115864,-0.0457837,0.238979,-0.00078709,0.0346611,0.0337446,-0.0770013,-0.131259,-0.0390276,-0.37784,0.347674,0.010185,-0.073295,-0.0120001,0.106385,0.0846256,0.0230079,-0.137227,-0.167464,-0.275217,0.265518,-0.305956,-0.047019,-0.0272637,0.0876081,-0.151185,0.30656,0.12368,0.385333,-0.180932,-0.110448,0.136048,0.0181842,0.0883197,-0.0124295,0.259578,-0.0611731,0.0956609,0.178206,-0.0166041,0.0806205,0.151374,0.202141,-0.0097511,0.384222,-0.00251917,-0.014883,0.131855,0.00244294,-0.0345708,0.176064,0.180733,0.0383671,-0.0978962,0.277437,0.184419,-0.237493,-0.109793,-0.120611,-0.13553,-0.0417348,-0.346458,-0.118114,-0.240496,0.0300882,0.0122693,-0.141782,0.196661,0.090029,0.13791,-0.298315,-0.0557391,-0.160616,0.209905,-0.130938,-0.25437,0.0418394,-0.0293433,0.113718,0.0242305,0.0153692,0.132801,0.0832377,-0.0381608,0.0513022,0.128611,0.128891,-0.144739,-0.0227106
0.032,-0.0803227,-0.125983,0.255986,-0.0274032,0.117157,0.209333,0.0288186,-0.0374868,-0.259276,0.00283558,-0.0682512,0.0669624,-0.0588449,0.167918,0.0496178,0.014847,0.0533685,-0.00268037,-0.111833,-0.0610784,-0.430849,0.304466,0.0400833,-0.0534641,-0.016013,0.146823,0.0782836,0.0306612,-0.111513,-0.209118,-0.273024,0.274809,-0.367888,-0.0327592,-0.0329811,0.186612,-0.178114,0.297011,0.133977,0.48999,-0.108634,-0.0793146,0.101959,0.0281998,0.054989,0.0410244,0.248714,-0.115055,0.083164,0.246643,0.0161803,0.122786,0.159781,0.194226,0.00949891,0.403862,0.0164657,0.0318479,0.144164,0.0521162,-0.0975313,0.259196,0.185405,0.0591166,-0.134606,0.292557,0.216357,-0.285635,-0.0982705,-0.150076,-0.106519,0.00431035,-0.261509,-0.139588,-0.20009,-0.00105941,0.0577447,-0.183444,0.240964,0.223868,0.104715,-0.346848,-0.0756286,-0.144817,0.229417,-0.1324,-0.290358,0.0911881,-0.0353925,0.014599,0.0542046,0.0175195,0.214549,0.054439,-0.0629939,0.0490205,0.165142,0.0515722,-0.103696,-0.0146153
0.034,-0.0355871,-0.137376,0.213122,-0.0107827,0.177268,0.196894,0.0516532,0.0969179,-0.244542,0.0281455,-0.149058,-0.00190035,-0.0866578,0.157039,-0.0133649,0.081702,0.0816533,-0.0582594,-0.0761427,-0.13564,-0.463527,0.291368,-0.0287094,-0.0444682,-0.0134444,0.231866,0.0851298,0.00653769,-0.136591,-0.202075,-0.201217,0.354584,-0.373494,-0.0480357,-0.0767491,0.180801,-0.150675,0.284561,0.113478,0.457615,-0.081728,-0.0305981,0.0487013,0.0521822,-0.0142776,-0.0169495,0.257484,-0.107045,0.0733952,0.271774,0.035823,0.12044,0.168975,0.236521,-0.0453999,0.391709,-0.0814658,0.0427559,0.1564,-0.0209976,-0.078695,0.256915,0.183729,0.124298,-0.173429,0.309649,0.151361,-0.267836,0.0161761,-0.122128,-0.118602,0.0189271,-0.225969,-0.156913,-0.114745,0.00728884,0.0478441,-0.220792,0.173774,0.16556,0.067179,-0.356771,-0.0186273,-0.117626,0.184569,-0.0886509,-0.242063,0.0482654,-0.0822218,0.0263076,0.0633922,0.0104209,0.234628,0.0652823,-0.00941322,0.0811215,0.137016,0.0796717,-0.127145,-0.023125
0.036,-0.00854745,-0.150376,0.200225,0.0153753,0.145745,0.211827,0.0133922,0.0617518,-0.326837,0.0232639,-0.16249,-0.0207261,-0.129335,0.147926,0.0384421,0.0174503,0.110518,-0.141224,0.0223566,-0.0669074,-0.389478,0.309975,-0.0304754,-0.0304398,-0.0274251,0.339266,0.0216417,0.0219532,-0.13264,-0.220464,-0.260209,0.38694,-0.327458,-0.059235,-0.0408915,0.238096,-0.235546,0.232608,0.173338,0.405527,-0.0879193,-0.0143106,0.127719,-0.0019158,-0.0665042,-0.00414863,0.246381,-0.0963893,0.0646754,0.217288,0.0802788,0.130015,0.211362,0.192563,-0.159781,0.385901,-0.0571918,0.041464,0.139552,0.0679143,-0.104544,0.170332,0.286542,0.153233,-0.231936,0.262805,0.0111006,-0.25458,0.0295206,-0.103543,-0.190003,-0.0558073,-0.298392,-0.0730622,-0.163339,0.0591625,0.0134133,-0.234103,0.168101,0.117902,0.0611401,-0.313441,-0.131175,-0.106503,0.20088,-0.0961718,-0.166259,0.0483585,-0.102318,-0.00193304,0.159676,0.00165624,0.149551,0.118018,-0.0352203,0.033215,0.191316,0.0592799,-0.147648,-0.0551863
0.038,-0.0714827,-0.0769997,0.186272,-0.0679112,0.112117,0.144323,0.0302415,0.0699817,-0.296594,-0.00833723,-0.110502,-0.0575492,-0.142261,0.146654,0.0352782,-0.0386329,0.0752883,-0.090718,-0.0125437,-0.00723797,-0.396017,0.305322,-0.0637697,-0.0917834,0.0638936,0.363158,0.100749,0.0963328,-0.169818,-0.265247,-0.260846,0.37992,-0.329926,-0.0457826,0.0267748,0.244738,-0.269638,0.307143,0.10717,0.402158,-0.0904793,-0.0453841,0.195494,-0.036985,-0.133915,-0.0342116,0.208723,-0.0533585,0.0466606,0.152854,0.064306,0.203015,0.255681,0.249429,-0.195607,0.371339,-0.171048,0.0683637,0.176812,0.0566339,-0.128253,0.184086,0.296061,0.143123,-0.265608,0.29205,0.0221792,-0.223908,0.0172678,-0.071402,-0.154401,-0.0917436,-0.320038,-0.0835287,-0.144282,-0.0226406,-0.0140876,-0.283505,0.177067,0.199445,0.0245967,-0.320881,-0.0846157,-0.0801044,0.182338,-0.124004,-0.203931,0.0404331,-0.0914064,0.0116305,0.0538734,0.112857,0.117145,0.0666897,-0.0928379,0.0335434,0.203983,0.0106535,-0.133954,-0.0986002
0.04,-0.157622,-0.0876178,0.168144,-0.0879453,0.112691,0.103859,-0.0129625,0.143925,-0.292753,0.087986,-0.128863,-0.025472,-0.108078,0.110164,0.00808633,-0.117408,0.123433,-0.0456333,0.0128507,-0.0541365,-0.449031,0.312967,-0.0658891,-0.0648921,0.0842362,0.356722,0.0916855,0.0965456,-0.228463,-0.2657,-0.238665,0.345429,-0.292632,-0.0176003,0.0795256,0.227765,-0.262644,0.271578,0.133173,0.326403,0.000713044,0.0105853,0.250238,0.0192371,-0.0914554,-0.0547399,0.197762,-0.116782,-0.0179043,0.196103,0.031925,0.201314,0.172787,0.244346,-0.197539,0.389716,-0.167768,0.0483967,0.227884,0.0836012,-0.115005,0.226423,0.387259,0.108488,-0.228514,0.253866,0.00700865,-0.243283,0.057088,0.00212049,-0.154515,-0.0360599,-0.338429,-0.0320457,-0.107536,-0.0868978,-0.0797145,-0.213615,0.129067,0.166743,0.0307579,-0.321256,-0.0824125,-0.0541903,0.210924,-0.117355,-0.215259,0.0491621,-0.0244302,0.0025689,0.0625538,0.173804,0.0782727,-0.0201373,-0.151232,0.0298767,0.179564,0.0414852,-0.0963544,-0.116615
0.042,-0.191019,-0.130543,0.10415,-0.0772933,0.126011,0.0556231,-0.0404123,0.187673,-0.27989,0.109543,-0.147626,-0.0276636,-0.133171,0.112456,0.0298883,-0.0738359,0.131078,0.00491048,0.000152548,-0.193961,-0.481085,0.310623,-0.0926445,-0.0895438,0.0674443,0.386163,0.137699,0.0729488,-0.318325,-0.251493,-0.198885,0.355992,-0.36448,-0.0584294,0.0855708,0.20794,-0.261933,0.337848,0.128335,0.359045,-0.00319103,0.0190735,0.249611,-0.0635572,-0.11835,0.0152182,0.244238,-0.145942,-0.00499057,0.177925,0.0432224,0.202273,0.152257,0.219458,-0.196622,0.398093,-0.148211,0.1141,0.244969,0.0695269,-0.101408,0.245072,0.294955,0.170335,-0.207808,0.125727,0.00771649,-0.234436,0.0796231,-0.0615598,-0.181826,-0.0561638,-0.34179,-0.0632141,-0.138911,-0.151648,-0.0795734,-0.239975,0.214129,0.0607216,0.014876,-0.303851,-0.0583715,-0.0679305,0.200119,-0.0958323,-0.164356,0.0310988,-0.0702891,0.0423574,0.0530362,0.223325,0.167321,-0.0128291,-0.0658866,0.0667969,0.201058,0.0974563,-0.0795951,-0.129933
0.044,-0.13878,-0.0724195,0.139456,-0.12993,0.0760643,0.0646854,-0.0308487,0.162154,-0.305624,0.0781279,-0.106784,0.023546,-0.138207,0.0550289,-0.0271023,-0.0299412,0.120507,-0.0265364,-0.00476895,-0.205306,-0.499757,0.295399,-0.0500398,-0.0757407,-0.00220141,0.371217,0.189365,0.137859,-0.333626,-0.234557,-0.107776,0.30206,-0.441465,-0.0360211,0.0237413,0.20183,-0.235375,0.314977,0.148373,0.363396,0.029852,0.00245642,0.301398,-0.101723,-0.157725,-0.0219901,0.225933,-0.19147,0.03808,0.21993,0.0304498,0.146646,0.227022,0.301197,-0.228882,0.357719,-0.151757,0.0604498,0.246852,0.0574383,-0.118581,0.264006,0.248592,0.130157,-0.145502,0.0879574,0.0409804,-0.294414,0.109933,-0.0780537,-0.187294,-0.094585,-0.247306,-0.0140128,-0.166092,-0.105488,-0.111518,-0.262469,0.162337,0.0163573,-0.0217818,-0.277213,-0.0467122,-0.0892689,0.200065,-0.0777608,-0.165151,0.00458944,-0.0915145,0.016267,0.0729933,0.201733,0.104975,0.0561022,-0.0343572,0.0919451,0.205552,0.113588,-0.0166968,-0.139605
0.046,-0.156349,-0.047393,0.134335,-0.178154,0.105046,-0.0417986,0.0509008,0.154056,-0.267838,0.129135,-0.137804,0.0711251,-0.139815,-0.0140833,0.0131316,-0.0500065,0.115074,-0.0372716,0.0199087,-0.236148,-0.463301,0.331392,-0.0391875,-0.035853,0.0380648,0.329549,0.154472,0.0973834,-0.344082,-0.238152,-0.113529,0.258044,-0.470293,-0.0135801,-0.0416364,0.161746,-0.144207,0.298901,0.0452596,0.331819,0.0137997,-0.00995372,0.354774,-0.0733163,-0.135145,-0.0710679,0.133364,-0.199706,0.0476881,0.211341,0.0243526,0.126777,0.264978,0.387739,-0.250975,0.365478,-0.127315,-0.0100138,0.249075,0.0848178,-0.12511,0.333374,0.288987,0.0793667,-0.155374,0.0945001,-0.00327555,-0.309828,0.119715,-0.0705516,-0.163866,-0.124811,-0.216752,-0.0371369,-0.119858,-0.15156,-0.1228,-0.243081,0.189381,-0.100183,-0.0732322,-0.218295,-0.0785879,-0.0243017,0.237044,-0.0666944,-0.133732,0.030331,-0.153317,0.112271,0.0724507,0.146102,0.0719656,0.146719,-0.0352428,0.165686,0.152301,0.0992163,-0.0284576,-0.0952983
0.048,-0.154788,-0.0194972,0.10737,-0.109931,0.100207,-0.0536409,-0.0208695,0.177603,-0.218525,0.107256,-0.0550512,0.147833,-0.0442234,0.0289373,0.0183439,-0.0684928,0.19235,-0.0285311,-0.0259177,-0.215002,-0.457406,0.389433,-0.0245299,-0.0207915,0.0326302,0.344519,0.0979702,0.105909,-0.385223,-0.267359,-0.116251,0.215293,-0.428326,0.024873,-0.0445678,0.172764,-0.152377,0.317682,0.0376408,0.343015,-0.0261163,-0.0617882,0.38589,-0.0546092,-0.08602,-0.0808335,0.163704,-0.127954,0.102744,0.2585,0.0392657,0.116969,0.258586,0.411652,-0.22386,0.31658,-0.155984,0.0153852,0.200636,0.0516354,-0.163941,0.292631,0.241636,0.103759,-0.223231,0.11287,-0.00225979,-0.34402,0.0945966,-0.10345,-0.116829,-0.131104,-0.201302,0.0253417,-0.0983095,-0.135255,-0.166849,-0.225827,0.155576,-0.109264,-0.0611914,-0.221122,-0.00964934,-0.043131,0.264626,-0.121862,-0.0972338,-0.0298875,-0.218746,0.140539,0.0955891,0.217063,0.126982,0.123588,-0.0152413,0.179381,0.143013,0.085596,-0.111256,-0.0786095
0.05,-0.13749,-0.0257991,0.104656,-0.0860203,0.0414894,0.0442632,0.00222376,0.177753,-0.178165,0.123557,0.00399338,0.0402994,-0.0259094,0.0762151,0.00633079,-0.0558263,0.193897,-0.029481,0.0180837,-0.19919,-0.473656,0.362264,-0.0139951,-0.0271206,0.040497,0.369679,0.111264,0.101819,-0.405801,-0.215226,-0.0824626,0.250485,-0.409706,0.0220544,0.0188831,0.149698,-0.166757,0.37773,-0.022303,0.372757,-0.0639155,-0.110698,0.368244,-0.0540378,-0.124692,-0.101522,0.172717,-0.192952,0.105249,0.258024,0.0931966,0.138366,0.301308,0.320008,-0.186656,0.362073,-0.187896,0.00956975,0.172015,0.0125487,-0.199569,0.28071,0.172271,0.056445,-0.213346,0.0977757,-0.026637,-0.365278,0.159217,-0.0929624,-0.206607,-0.0748491,-0.214803,0.0229125,-0.152826,-0.096313,-0.190824,-0.210309,0.0849081,-0.0683408,-0.097856,-0.204156,-0.0326371,-0.0308576,0.227087,-0.15116,-0.132162,0.0507404,-0.202121,0.163239,0.0182429,0.25765,0.19758,0.177174,0.00115553,0.249794,0.185524,0.0813985,-0.0521705,-0.0381433
0.052,-0.189629,-0.0375628,0.0790696,-0.10372,0.0388357,0.146693,-0.0386609,0.240367,-0.152279,0.0958479,-0.0864614,0.0781632,0.0103363,0.00709253,0.00251899,-0.0889974,0.0731036,0.0157522,-0.0141313,-0.163583,-0.505157,0.363448,-0.00295576,-0.0240766,-0.056899,0.361684,0.158034,0.11667,-0.399887,-0.256322,-0.0844892,0.174888,-0.361955,0.111462,0.00535804,0.18689,-0.188335,0.430998,-0.073609,0.388908,-0.179952,-0.0907145,0.381135,-0.0480795,-0.154209,-0.162826,0.124792,-0.120504,0.130708,0.327798,0.115007,0.0879121,0.293614,0.363161,-0.179162,0.379381,-0.176824,0.00144849,0.228375,-0.0129965,-0.183471,0.257693,0.150443,-0.0127486,-0.223383,0.0691055,0.0298417,-0.342165,0.125002,-0.161064,-0.172759,-0.135935,-0.219573,0.0170328,-0.119065,-0.11803,-0.208119,-0.150466,0.0678502,-0.14878,-0.11293,-0.233012,-0.0102445,-0.00356161,0.18934,-0.18849,-0.152708,0.120529,-0.146618,0.168655,0.0295432,0.273023,0.212286,0.115352,-0.0470973,0.259835,0.197163,0.0752638,0.0446544,0.0335866
0.054,-0.202781,-0.05434,0.0929619,-0.138757,-0.0923255,0.130781,-0.0320874,0.292973,-0.0909688,0.140074,-0.065588,0.16019,0.00577988,0.0158145,0.00875229,-0.110545,0.124673,0.0822444,-0.0707546,-0.238371,-0.53551,0.41757,0.0785863,-0.035756,-0.117879,0.391422,0.149191,0.0857876,-0.473348,-0.277158,-0.0721608,0.21136,-0.349768,0.0705329,-0.0292283,0.286234,-0.163713,0.459594,-0.113927,0.412627,-0.130607,-0.102264,0.281634,-0.0011644,-0.19355,-0.199735,0.0885242,-0.0996768,0.183861,0.327771,0.189942,0.0945856,0.318415,0.390621,-0.1922,0.345772,-0.181167,-0.0555215,0.283527,0.0385697,-0.198827,0.352512,0.156578,-0.0387666,-0.167951,0.0787224,0.0274817,-0.312943,0.129734,-0.174312,-0.226795,-0.23032,-0.203804,-0.0146825,-0.238718,-0.0982385,-0.192534,-0.141497,0.0690706,-0.110331,-0.106591,-0.20622,0.00533053,0.0629921,0.203802,-0.272016,-0.1581,0.12975,-0.185397,0.180349,-0.00602917,0.233034,0.159599,0.0930676,-0.0623044,0.281175,0.207381,0.101385,0.048476,0.018981
0.056,-0.21662,-0.0600935,0.103127,-0.179943,-0.129808,0.136933,-0.117576,0.345084,-0.0748106,0.138864,0.00960046,0.12513,-0.0333981,0.00516843,0.0357833,-0.0832389,0.143702,0.109861,-0.0354879,-0.183181,-0.515704,0.367159,0.105152,-0.0319038,-0.100447,0.345146,0.130466,0.0738018,-0.441109,-0.297886,-0.0290817,0.189586,-0.308151,0.107561,-0.00174731,0.32636,-0.180227,0.372219,-0.162319,0.431667,-0.186436,-0.118028,0.196181,0.0417209,-0.183006,-0.198179,0.0978458,-0.107317,0.191373,0.298237,0.139729,0.100107,0.273723,0.37091,-0.229251,0.335685,-0.180786,-0.0386469,0.282584,0.00429209,-0.192072,0.387507,0.112443,-0.0452731,-0.175736,0.0826533,0.0652204,-0.310977,0.178012,-0.133727,-0.166576,-0.165038,-0.112122,-0.0659969,-0.252212,-0.16023,-0.206223,-0.132454,0.0264169,-0.129253,-0.089704,-0.228414,-0.014884,0.0530722,0.108584,-0.235884,-0.159065,0.10695,-0.151406,0.17268,0.0209783,0.258014,0.232808,0.0953891,-0.0786243,0.258138,0.16069,0.130673,-0.00160088,0.00793857
0.058,-0.209162,-0.0831986,0.0594535,-0.236536,-0.166432,0.133596,-0.13398,0.339333,-0.100077,0.135453,-0.0509992,0.216241,0.0224114,0.0341378,0.0164512,-0.106125,0.144403,0.0735547,0.0212432,-0.214252,-0.570174,0.33596,0.106592,-0.0459608,-0.0995537,0.343151,0.125885,0.0269125,-0.293249,-0.281185,0.0516649,0.196012,-0.331394,0.13128,-0.0398896,0.304125,-0.197906,0.333227,-0.073403,0.407689,-0.278928,-0.129098,0.262834,-0.0130288,-0.226276,-0.167356,0.0988882,-0.210274,0.168773,0.248423,0.142757,0.157096,0.24784,0.264488,-0.230489,0.343533,-0.194051,0.0477114,0.347181,-0.0132731,-0.224993,0.344315,0.0467853,-0.00594761,-0.162717,0.0679445,-0.0420335,-0.292756,0.168298,-0.131755,-0.211299,-0.0808645,-0.0771766,-0.112729,-0.281589,-0.116861,-0.212567,-0.0818472,-0.0776203,-0.14423,-0.0790548,-0.311285,0.0318029,0.173375,0.177615,-0.309837,-0.12753,0.0995117,-0.11858,0.186651,0.0199643,0.288414,0.232866,0.122442,-0.110606,0.237427,0.185877,0.0823283,-0.0463745,0.0257473
0.06,-0.148335,0.0188126,0.044996,-0.233569,-0.112774,0.155668,-0.152346,0.346897,-0.0702252,0.0986167,-0.0406814,0.269148,0.0179034,-0.0373551,-0.0152289,-0.124386,0.17301,0.0744057,0.0268491,-0.196506,-0.669612,0.34856,0.0561646,-0.0709254,-0.0522885,0.305722,0.103742,0.0145624,-0.347713,-0.278835,0.0404446,0.208696,-0.339253,0.216114,-0.0517604,0.351602,-0.189251,0.353364,-0.139775,0.355919,-0.255701,-0.169121,0.256174,0.0226717,-0.273977,-0.129542,0.136177,-0.179571,0.0380549,0.285158,0.126608,0.133314,0.282086,0.265037,-0.25283,0.357429,-0.252178,-0.0248097,0.335344,-0.0125901,-0.225712,0.359316,0.156747,-0.0760394,-0.185534,0.0452555,-0.0637143,-0.310546,0.195478,-0.0620812,-0.234932,-0.12101,-0.0703996,-0.225149,-0.21215,-0.188319,-0.239694,-0.175854,-0.0366365,-0.138713,-0.132937,-0.307923,-0.0373453,0.232038,0.14998,-0.344101,-0.0738081,0.0442328,-0.130054,0.10674,0.0826501,0.251157,0.212215,0.159578,-0.0252266,0.250128,0.147056,0.146747,-0.0367331,0.0740511
0.062,-0.15922,0.0240489,0.0268396,-0.238561,-0.13306,0.104584,-0.197057,0.301865,-0.0848562,0.0767528,-0.0140631,0.336931,-0.083276,-0.088455,-0.00776177,-0.107827,0.246135,0.045712,0.0457015,-0.178659,-0.685464,0.273266,0.0426663,-0.071742,-0.0473828,0.315306,0.00557086,-0.0406274,-0.359639,-0.362656,0.113501,0.216151,-0.310212,0.230139,-0.0451524,0.292486,-0.206086,0.429719,-0.145927,0.375434,-0.213154,-0.163842,0.26252,-0.0118379,-0.263641,-0.135932,0.0762441,-0.152303,-0.0209296,0.373876,0.0418225,0.16843,0.335131,0.231169,-0.323482,0.313887,-0.166231,-0.053186,0.312297,0.0177656,-0.295593,0.388165,0.161675,-0.0743356,-0.217805,0.0300718,-0.0200981,-0.365453,0.220667,-0.0540972,-0.212318,-0.0851893,-0.103565,-0.191083,-0.187722,-0.172601,-0.196981,-0.215292,-0.0513632,-0.165221,-0.195599,-0.299103,-0.0510469,0.292933,0.113362,-0.399811,-0.058976,-0.0250223,-0.183216,0.108637,0.104249,0.24517,0.190701,0.163847,-0.0445968,0.289227,0.160237,0.0588031,-0.0202849,-0.000650935
0.064,-0.188564,0.0308856,0.0381373,-0.216069,-0.074666,0.0618598,-0.253293,0.36957,-0.146538,0.0703915,0.103302,0.344212,-0.10481,-0.124299,0.0215792,-0.212213,0.242368,0.00932493,0.126567,-0.187327,-0.682428,0.228953,0.0580992,-0.139437,-0.0377503,0.258231,-0.00803398,-0.00193002,-0.396352,-0.464346,0.0220712,0.235625,-0.349746,0.270849,-0.0930341,0.281748,-0.240938,0.464915,-0.136398,0.340005,-0.301993,-0.144853,0.264924,0.00334093,-0.257472,-0.136027,0.101928,-0.141227,-0.0126294,0.356371,-0.00722657,0.107742,0.3198,0.285043,-0.349307,0.266699,-0.233154,-0.032755,0.258422,-0.0275471,-0.211906,0.315187,0.173207,-0.123668,-0.249458,0.0475691,-0.0316591,-0.369132,0.265307,-0.0916314,-0.224824,-0.148134,-0.0589554,-0.182689,-0.200317,-0.265962,-0.19347,-0.170612,-0.0638181,-0.0913953,-0.271028,-0.331847,-0.0451988,0.305931,-0.0207333,-0.360346,-0.0336264,0.00125632,-0.143149,0.155918,0.111249,0.253568,0.103793,0.254466,-0.0390867,0.330565,0.154838,0.0808298,0.0153283,-0.00810962
0.066,-0.199285,0.125001,0.0481327,-0.154983,-0.114314,0.0488135,-0.28921,0.409097,-0.188889,0.0415945,0.191627,0.339822,-0.13353,-0.154747,-0.000644146,-0.168593,0.237568,0.0724471,0.137247,-0.0988789,-0.667598,0.225114,0.0854588,-0.0741047,-0.0416074,0.289156,-0.0313809,0.0991414,-0.367082,-0.510331,0.101806,0.174529,-0.407077,0.236276,-0.147934,0.295825,-0.247189,0.46092,-0.132149,0.354921,-0.27403,-0.151665,0.267313,0.0629417,-0.229859,-0.110022,0.166903,-0.0823334,-0.0184765,0.356753,0.0279793,0.103277,0.352447,0.217015,-0.325255,0.228404,-0.276016,-0.00276914,0.239974,-0.0365368,-0.213464,0.20274,0.132242,-0.101337,-0.237849,0.0401375,-0.00165861,-0.364531,0.233562,-0.132199,-0.305761,-0.162068,0.0305452,-0.172657,-0.202593,-0.301639,-0.251738,-0.172926,-0.0939159,-0.0929321,-0.260655,-0.352096,-0.042594,0.370591,0.0653346,-0.352888,-0.0237328,-0.000738037,-0.0533348,-0.00897477,0.146361,0.198619,0.117969,0.361288,0.0250931,0.282203,0.126701,0.0967916,0.00178896,-0.0202759
0.068,-0.174449,0.12549,-0.00321126,-0.112062,-0.0611466,-0.0323095,-0.273734,0.398157,-0.203838,0.00629113,0.207494,0.308709,-0.0618155,-0.0690231,-0.00568981,-0.115491,0.257464,0.102127,0.140672,-0.125306,-0.668423,0.229809,0.0982918,0.0315093,-0.032019,0.215546,-0.0212471,0.0713064,-0.410805,-0.507117,0.0407067,0.174086,-0.367104,0.193361,-0.158978,0.193949,-0.240913,0.467851,-0.117922,0.309624,-0.240579,-0.0820227,0.336804,-0.00268333,-0.277419,-0.0933638,0.18003,-0.0841478,-0.0783616,0.412639,-0.0534612,0.104054,0.284557,0.178471,-0.372653,0.206628,-0.233101,-0.0838978,0.262504,-0.0576713,-0.156059,0.179204,0.1311,-0.165977,-0.245599,0.031716,-0.0384098,-0.356701,0.238054,-0.0508707,-0.281955,-0.216787,0.000903718,-0.111505,-0.248903,-0.311373,-0.210034,-0.154939,-0.034618,-0.143838,-0.274027,-0.397967,-0.0280397,0.368176,0.0471769,-0.313237,0.0143799,0.0573234,0.016825,0.000527601,0.151151,0.171921,0.0370349,0.478458,0.0834418,0.210814,0.229684,0.0787106,0.0423859,0.00207415
0.07,-0.144274,0.155185,0.0168323,-0.07183,-0.113224,-0.0355954,-0.264464,0.465973,-0.262018,0.11648,0.135331,0.24944,0.0127526,-0.0878798,-0.068674,-0.131993,0.167151,0.116999,0.164734,-0.168498,-0.683972,0.232973,0.097766,0.00249699,-0.0730514,0.187058,-0.035762,0.0958806,-0.398139,-0.547593,-0.0335673,0.118976,-0.368255,0.181604,-0.14102,0.258426,-0.309502,0.563807,-0.151824,0.362908,-0.296466,-0.0603488,0.270497,-0.021601,-0.256199,-0.0918886,0.205291,-0.0289378,-0.0786116,0.369401,0.0549611,0.0539271,0.336129,0.14793,-0.301982,0.279306,-0.263132,-0.132023,0.215421,-0.0256632,-0.209873,0.217312,0.171595,-0.169378,-0.185516,0.0733708,-0.112827,-0.349754,0.250678,-0.0240298,-0.31537,-0.168165,0.0562805,-0.133961,-0.234565,-0.224246,-0.201182,-0.0862993,-0.0239975,-0.130232,-0.269578,-0.409154,0.0147196,0.350364,0.0793555,-0.249699,0.0170574,0.0567104,0.0122455,-0.0219853,0.109872,0.147485,0.0203649,0.509378,0.103315,0.156143,0.219152,0.13744,-0.0548265,-0.0349601
0.072,-0.178871,0.118159,0.0523956,-0.0487238,-0.137936,-0.0344997,-0.25793,0.38792,-0.333775,0.155356,0.0991379,0.301032,-0.0131668,-0.0944888,-0.0373034,-0.141238,0.103883,0.181009,0.117139,-0.164467,-0.742499,0.208147,0.161706,0.0572301,-0.0369327,0.155325,-0.00469516,0.0835431,-0.489704,-0.515381,0.0342059,0.0646054,-0.329984,0.166407,-0.192842,0.25556,-0.30387,0.506617,-0.166248,0.388213,-0.30007,-0.034075,0.277342,-0.0189203,-0.276213,-0.0703871,0.154889,0.00652842,-0.107556,0.385714,0.144366,0.0313322,0.352997,0.0916264,-0.348274,0.231333,-0.214036,-0.0558348,0.183596,0.0587041,-0.215437,0.288174,0.124217,-0.22145,-0.216862,0.0452912,-0.11818,-0.300684,0.225498,-0.0395219,-0.34056,-0.213477,0.0933804,-0.194641,-0.244548,-0.349015,-0.198644,-0.107137,-0.0343505,-0.0981475,-0.20882,-0.376231,0.0313657,0.320614,0.0738029,-0.241665,0.00114501,0.0446312,0.0507442,-0.0519578,0.0822216,0.170789,0.0864721,0.516137,0.17118,0.163512,0.211894,0.10058,-0.0729758,0.0218751
0.074,-0.151203,0.0964529,0.0243347,-0.132693,-0.105261,-0.0331558,-0.250059,0.407786,-0.286468,0.14924,0.0936712,0.381173,-0.0267371,-0.00782933,-0.0658948,-0.219494,0.0772782,0.169784,0.142319,-0.204496,-0.72677,0.288351,0.154356,0.123791,-0.0682243,0.173061,-0.0238141,0.202833,-0.482275,-0.514296,0.0417616,0.0764943,-0.321135,0.14612,-0.253945,0.265787,-0.413788,0.584036,-0.169203,0.339576,-0.237774,-0.0588225,0.226794,-0.0279684,-0.22686,-0.155328,0.173303,-0.00182273,-0.111431,0.427968,0.135886,0.0205129,0.29613,0.058197,-0.338512,0.199454,-0.178251,-0.0530571,0.164335,0.0365196,-0.149309,0.323192,0.192983,-0.203724,-0.194525,0.00224541,-0.141563,-0.297684,0.249486,-0.0772441,-0.301134,-0.227903,0.168617,-0.147156,-0.295502,-0.416269,-0.153349,-0.0892272,-0.0400259,-0.163486,-0.226314,-0.374965,0.0753617,0.360433,0.0724608,-0.16066,-0.0232457,0.0373953,-0.0205982,0.0103406,0.0835602,0.18216,0.0999521,0.53036,0.166507,0.173001,0.220895,0.0374923,-0.0248909,0.0352661
0.076,-0.191476,0.0954086,0.0189067,-0.205007,-0.10099,-0.0892201,-0.21657,0.480261,-0.316625,0.211473,0.085054,0.357552,-0.0904904,0.0647905,-0.0539168,-0.238304,0.0344924,0.117822,0.122076,-0.198217,-0.653221,0.218184,0.0844865,0.131827,-0.0822983,0.225927,-0.00486354,0.137238,-0.489316,-0.49551,0.072455,0.101344,-0.249037,0.226682,-0.232837,0.29975,-0.376352,0.573269,-0.111768,0.352484,-0.267743,-0.0305271,0.240874,-0.0623922,-0.178497,-0.13899,0.172268,0.0149068,-0.0528515,0.438511,0.0963539,-0.0265358,0.22568,0.0774854,-0.310442,0.166898,-0.21556,-0.0913628,0.114772,0.0522539,-0.139801,0.407274,0.141329,-0.199825,-0.200168,-0.0662966,-0.204171,-0.27513,0.304797,-0.103369,-0.219095,-0.210765,0.16283,-0.143042,-0.235919,-0.332932,-0.158413,-0.154515,-0.0784307,-0.133841,-0.210663,-0.414977,0.12816,0.33952,0.0508857,-0.134973,-0.0345698,0.0298122,-0.0392486,0.00191392,0.0580444,0.164038,0.0526269,0.479775,0.20988,0.121555,0.314741,0.00550093,-0.0312586,0.0722171
0.078,-0.17659,0.151509,0.0085057,-0.206943,-0.0466855,-0.0721004,-0.209666,0.44366,-0.311323,0.201245,0.0899143,0.360434,-0.0467532,0.135983,-0.100464,-0.21761,-0.0134804,0.1009,0.151961,-0.125404,-0.661951,0.231572,0.133322,0.0859312,-0.0516722,0.240731,0.0470343,0.125891,-0.504523,-0.447091,0.015545,0.156275,-0.211245,0.178135,-0.272305,0.282485,-0.412706,0.517166,-0.131885,0.374502,-0.256316,0.0120058,0.275205,-0.0128702,-0.15198,-0.086637,0.179864,-0.00530734,-0.071703,0.447668,0.153667,-0.0526789,0.277416,0.141442,-0.33962,0.135261,-0.215419,-0.17382,0.1582,0.106408,-0.122478,0.302938,0.0849274,-0.233479,-0.218663,-0.168939,-0.290152,-0.363414,0.430986,-0.129739,-0.213281,-0.206527,0.192,-0.164147,-0.237273,-0.303813,-0.197958,-0.166432,-0.0178785,-0.182749,-0.242783,-0.335282,0.12547,0.372921,0.0979437,-0.163351,0.0793951,0.0323978,0.0289922,0.0160813,-0.0200492,0.197537,0.0446354,0.504387,0.191646,0.177314,0.258158,-0.00688903,0.0601311,0.0453465
0.08,-0.253085,0.195105,0.0692071,-0.231023,-0.0353695,-0.0832795,-0.191553,0.500211,-0.280409,0.290689,0.0661341,0.357451,0.011634,0.228845,-0.0892121,-0.234031,-0.0273384,0.0788481,0.247515,-0.123949,-0.621856,0.218885,0.170877,0.113935,-0.0873024,0.28104,0.117305,0.204717,-0.4788,-0.399247,0.0756473,0.145762,-0.110469,0.181095,-0.285703,0.261074,-0.39546,0.537547,-0.0886966,0.347325,-0.248255,0.0917943,0.349034,0.0306604,-0.15394,-0.109311,0.186022,0.0135699,-0.0973765,0.511057,0.200181,-0.086945,0.228735,0.0707719,-0.334105,0.191036,-0.24638,-0.152707,0.218715,0.0554647,-0.101379,0.325537,0.164425,-0.20007,-0.237388,-0.172398,-0.23911,-0.427556,0.464871,-0.162746,-0.233335,-0.161314,0.202235,-0.1003,-0.262686,-0.220069,-0.158587,-0.155757,-0.0637968,-0.195961,-0.229263,-0.411287,0.117001,0.401648,0.127581,-0.169904,0.0449665,0.0323318,-0.036435,0.0558212,-0.0941068,0.206989,0.00371844,0.524337,0.133707,0.219044,0.211306,0.0326318,-0.000660567,0.0566019
0.082,-0.282231,0.131312,0.142624,-0.204139,-0.030919,-0.0371417,-0.105865,0.496167,-0.24608,0.341514,0.0536881,0.363749,0.0743061,0.323403,-0.0821828,-0.2644,-0.0577411,0.148262,0.258123,-0.134007,-0.680741,0.348473,0.123408,0.109188,-0.140334,0.281971,0.185465,0.140596,-0.436212,-0.374062,0.155335,0.104121,-0.0819574,0.185617,-0.286059,0.314425,-0.363773,0.522306,-0.0324996,0.350025,-0.179318,0.0443984,0.352933,-0.025551,-0.0697426,-0.116198,0.112758,0.0650007,-0.0636163,0.459865,0.227356,-0.091009,0.181977,0.0140507,-0.329638,0.192036,-0.232057,-0.182084,0.20672,0.083947,-0.119491,0.337971,0.193335,-0.278817,-0.27335,-0.181715,-0.234195,-0.39353,0.454566,-0.190151,-0.236672,-0.208087,0.148974,-0.107299,-0.247338,-0.167597,-0.174405,-0.152512,-0.110932,-0.216112,-0.238063,-0.406545,0.124043,0.434879,0.160496,-0.14544,0.0817335,0.0308746,-0.0301073,-0.0697071,-0.195979,0.171461,0.00633299,0.578209,0.140609,0.214704,0.187809,0.104529,-0.0230443,0.0984328
0.084,-0.310137,0.156384,0.147354,-0.165021,-0.0289762,-0.0802607,-0.020063,0.504577,-0.169015,0.39876,0.0643786,0.329779,0.0261056,0.327754,-0.0680133,-0.242654,-0.119017,0.0872038,0.271876,-0.0909118,-0.727724,0.301584,0.128484,0.00876277,-0.106603,0.31124,0.115191,0.148113,-0.36604,-0.334697,0.127397,0.160106,0.00899164,0.218148,-0.290523,0.26379,-0.346053,0.501054,-0.00598417,0.343547,-0.152698,0.0488315,0.352018,-0.00843805,-0.0934281,-0.0586024,0.0964623,0.0871675,-0.184556,0.431902,0.17581,-0.155836,0.192569,-0.0189889,-0.329702,0.20315,-0.241608,-0.0714324,0.243908,0.102984,-0.138839,0.32634,0.124229,-0.282781,-0.282493,-0.136065,-0.256744,-0.416712,0.439874,-0.226936,-0.240257,-0.251202,0.171498,-0.102382,-0.230991,-0.216785,-0.131452,-0.0958914,-0.150612,-0.223258,-0.25266,-0.402001,0.101383,0.451254,0.15512,-0.151323,0.079123,0.0749926,-0.0787823,-0.122766,-0.222534,0.116193,0.0154857,0.591191,0.160701,0.263297,0.199906,0.120305,0.0289561,0.145647
0.086,-0.311458,0.187898,0.151376,-0.175482,-0.0860668,-0.0327231,-0.0224248,0.476742,-0.187764,0.475914,0.0213905,0.297299,0.0642725,0.341956,-0.0716032,-0.200932,-0.0837233,0.0616847,0.302544,-0.108132,-0.766982,0.285564,0.0355891,0.049261,-0.124292,0.189254,0.138039,0.126239,-0.403258,-0.357571,0.130694,0.199086,-0.0386214,0.216836,-0.310297,0.200502,-0.328705,0.553569,0.0129385,0.28313,-0.220205,0.0254259,0.330122,0.0472657,-0.105142,-0.0655756,0.0673782,0.0929029,-0.141199,0.405843,0.273962,-0.188791,0.222662,0.0394239,-0.348084,0.171121,-0.258516,-0.121174,0.270582,0.133843,-0.0669176,0.311981,0.145647,-0.313481,-0.260068,-0.164987,-0.25819,-0.403386,0.485168,-0.257572,-0.285949,-0.232584,0.181302,-0.0790283,-0.251481,-0.315728,-0.216228,-0.0517038,-0.144313,-0.215827,-0.177802,-0.396078,0.197296,0.401936,0.113749,-0.139528,0.0996112,0.0689123,-0.0785226,-0.143259,-0.178136,0.161836,0.06574,0.667286,0.17746,0.282389,0.176241,0.180957,0.0312413,0.161716
0.088,-0.384884,0.203459,0.170707,-0.194828,-0.0664292,-0.0790487,-0.0706324,0.484682,-0.249574,0.485907,0.033218,0.330687,0.0231613,0.414069,-0.0109744,-0.141304,-0.0351383,0.0455372,0.344075,-0.20036,-0.781087,0.320707,0.0719601,-0.0342329,-0.0916401,0.184426,0.136768,0.0817146,-0.462479,-0.330793,0.120061,0.217549,-0.128254,0.199948,-0.286768,0.181403,-0.293665,0.47509,-0.0903671,0.31689,-0.27088,0.0100587,0.328178,0.0386751,-0.169769,-0.0399188,0.0774813,0.160397,-0.0656321,0.362564,0.218143,-0.116978,0.236669,0.0688377,-0.356863,0.159377,-0.257695,-0.122293,0.313514,0.0659866,-0.143608,0.284241,0.154687,-0.2999,-0.285858,-0.112671,-0.229556,-0.436264,0.509372,-0.244922,-0.205749,-0.242827,0.217127,-0.120387,-0.290085,-0.323521,-0.119492,-0.0665023,-0.178989,-0.255311,-0.173445,-0.367843,0.145425,0.406977,0.152338,-0.171867,0.111833,-0.0118154,-0.0446004,-0.148033,-0.20296,0.11214,0.0366685,0.636872,0.272107,0.228099,0.149383,0.207658,0.0690546,0.163804
0.09,-0.30269,0.241006,0.191855,-0.224239,-0.0345985,-0.0376189,-0.144192,0.57713,-0.250099,0.450466,0.0741322,0.365633,0.035686,0.38754,-0.0525096,-0.190795,-0.11149,0.115683,0.268423,-0.103086,-0.748411,0.308566,0.0915299,-0.0725236,-0.0451646,0.212886,0.0942869,0.0813712,-0.438854,-0.341408,0.117274,0.202338,-0.146521,0.204463,-0.281888,0.175837,-0.221005,0.445836,-0.120939,0.291613,-0.349011,0.00227935,0.343696,0.0798997,-0.120154,-0.0373178,0.0463433,0.156336,-0.0830073,0.385613,0.172826,-0.17067,0.165894,0.0665952,-0.355737,0.172701,-0.212261,-0.0498653,0.288839,0.0669591,-0.224338,0.182888,0.211278,-0.340141,-0.307142,-0.12202,-0.281971,-0.399104,0.523753,-0.251155,-0.240559,-0.287281,0.302647,-0.0558054,-0.34769,-0.293867,-0.0776256,-0.0572984,-0.173119,-0.23082,-0.17611,-0.416563,0.252772,0.333578,0.323298,-0.204426,0.106783,0.0522462,0.0107827,-0.165101,-0.234306,0.090788,0.0491047,0.715358,0.284702,0.206034,0.1243,0.160548,0.0535932,0.16413
0.092,-0.276721,0.262523,0.132206,-0.229694,0.00168799,-0.0528235,-0.106554,0.561579,-0.293777,0.430842,0.121804,0.414897,-0.00226077,0.383685,0.0337777,-0.188464,-0.070428,0.126507,0.354663,-0.122368,-0.746627,0.255507,0.168039,-0.103738,-0.0171354,0.156974,0.0405045,0.0724916,-0.433784,-0.366485,0.0673617,0.190566,-0.166255,0.141762,-0.250275,0.2228,-0.221048,0.390603,-0.0741476,0.278249,-0.404224,0.0398658,0.335842,0.102303,-0.0742831,-0.0728735,0.0526513,0.22401,-0.0684538,0.37176,0.118173,-0.189982,0.219211,0.0881186,-0.440442,0.168663,-0.213886,-0.0779251,0.292386,0.121706,-0.200925,0.151527,0.222907,-0.298761,-0.340614,-0.0935777,-0.277647,-0.416109,0.50982,-0.299063,-0.195027,-0.244972,0.311107,-0.040675,-0.290525,-0.34474,-0.121477,-0.0319899,-0.242383,-0.26383,-0.285381,-0.371903,0.211639,0.332579,0.194987,-0.238319,0.0675854,0.0152109,0.0119246,-0.0931069,-0.163595,0.0838779,0.0649156,0.772577,0.280676,0.212563,0.0827156,0.15942,0.0673263,0.118494
0.094,-0.255242,0.260018,0.118711,-0.180882,-0.0210056,-0.0206503,-0.145432,0.497504,-0.267347,0.429626,0.105154,0.42976,-0.0275902,0.414501,0.0764276,-0.163477,-0.039243,0.186615,0.345888,-0.14078,-0.786373,0.300108,0.232822,-0.140711,-0.0826724,0.123547,0.0183104,0.0394623,-0.458398,-0.304481,0.00430563,0.244942,-0.158153,0.137334,-0.239991,0.230346,-0.247217,0.44743,-0.0967473,0.281487,-0.328121,0.0242517,0.352123,0.0313181,-0.186129,-0.0629409,0.054975,0.244707,-0.193875,0.364916,0.141606,-0.220709,0.259735,0.162717,-0.454464,0.147227,-0.126597,-0.0637098,0.310135,0.0582864,-0.214737,0.160889,0.170079,-0.287654,-0.353263,-0.112756,-0.264031,-0.458141,0.497219,-0.325622,-0.201763,-0.167624,0.392317,-0.0350333,-0.299716,-0.293375,-0.166297,0.00456262,-0.240927,-0.198174,-0.304297,-0.247835,0.212479,0.37978,0.246415,-0.265017,0.0431042,-0.0113263,0.00803963,-0.0481159,-0.269155,0.0894849,0.0512322,0.779048,0.328152,0.216945,0.0313803,0.143266,0.152022,0.12368
0.096,-0.186374,0.34961,0.126254,-0.16459,-0.0507132,-0.0136989,-0.123271,0.473308,-0.296037,0.425555,0.10552,0.452036,-0.00256077,0.357167,0.0724736,-0.119466,-0.0380851,0.236019,0.364604,-0.114119,-0.80288,0.271338,0.272164,-0.12731,-0.0657111,0.0855573,-0.0144327,0.0314468,-0.480073,-0.290224,0.0858257,0.239786,-0.16077,0.209623,-0.266401,0.176338,-0.143782,0.433717,-0.0787528,0.246528,-0.314986,0.032055,0.342388,0.0520381,-0.186376,-0.136158,0.0529668,0.246054,-0.166795,0.324563,0.133471,-0.204849,0.211468,0.18404,-0.462458,0.26964,-0.167266,-0.0863067,0.397027,0.0516948,-0.23357,0.153468,0.241981,-0.296531,-0.362084,-0.0536341,-0.332971,-0.524957,0.512778,-0.413335,-0.23953,-0.304005,0.393308,-0.0928191,-0.23446,-0.257486,-0.168065,-0.0254753,-0.284967,-0.265802,-0.27725,-0.226122,0.157038,0.375448,0.233324,-0.285754,0.0630019,0.0090768,0.00731351,-0.0773198,-0.305347,0.0722753,-0.031188,0.787805,0.283459,0.23118,0.0221789,0.169686,0.204974,0.158298
0.098,-0.210596,0.352211,0.221873,-0.136014,-0.117321,0.0480592,-0.0751452,0.54175,-0.268621,0.420684,0.208441,0.454552,-0.0687994,0.389874,0.115357,-0.0958815,-0.0886397,0.261623,0.375712,-0.0386196,-0.761907,0.256445,0.277358,-0.0872423,-0.00641791,0.0497861,0.0380716,0.0822564,-0.584272,-0.272099,0.0363979,0.163377,-0.0952662,0.225835,-0.293858,0.204644,-0.120116,0.412001,-0.0993611,0.192423,-0.246957,0.0421983,0.327486,0.0896693,-0.208031,-0.141301,0.108747,0.255596,-0.138258,0.30992,0.0975101,-0.158342,0.200208,0.200947,-0.498399,0.229341,-0.137826,-0.166819,0.44153,0.0129536,-0.245944,0.162201,0.275616,-0.34521,-0.296475,-0.099459,-0.296727,-0.49962,0.439145,-0.361096,-0.247086,-0.249693,0.444115,-0.145793,-0.181841,-0.239922,-0.182663,-0.0405455,-0.322803,-0.334553,-0.302523,-0.245349,0.129289,0.39575,0.260115,-0.29907,0.0129496,-0.0290058,-0.0766765,-0.152531,-0.362647,0.073689,0.0319927,0.786139,0.321396,0.290945,0.0638651,0.135769,0.214627,0.156086
0.1,-0.292301,0.292522,0.200181,-0.126214,-0.120367,0.0564341,0.0339287,0.544587,-0.213358,0.414784,0.189154,0.432958,-0.0842648,0.369853,0.127033,-0.0528835,-0.0847659,0.210762,0.369681,-0.139101,-0.702835,0.236837,0.338409,-0.117829,-0.0220328,0.0305923,0.0522557,0.078242,-0.59038,-0.296698,0.0692179,0.141356,-0.0860083,0.254171,-0.351668,0.168005,-0.200519,0.464335,-0.0305446,0.163549,-0.329197,0.0464703,0.356913,0.143229,-0.202368,-0.166358,0.105367,0.236942,-0.0753809,0.285585,-0.0183893,-0.157005,0.109542,0.254099,-0.479464,0.175382,-0.116346,-0.176108,0.439422,-0.032197,-0.315802,0.166287,0.301781,-0.357023,-0.309618,-0.14856,-0.267217,-0.589472,0.421329,-0.360765,-0.310461,-0.353329,0.505985,-0.206631,-0.159614,-0.276884,-0.213311,-0.0412005,-0.297298,-0.327479,-0.307127,-0.215093,0.149256,0.377498,0.302085,-0.304059,0.0218975,-0.0873717,-0.0725467,-0.1,-0.452146,0.0061163,-0.0450709,0.797017,0.251645,0.233363,0.0394703,0.204464,0.184527,0.104842
0.102,-0.301154,0.321491,0.107234,-0.240449,-0.151327,0.0671836,-0.0120591,0.580023,-0.156848,0.397515,0.215777,0.520863,-0.0573157,0.484458,0.0703428,-0.0816422,-0.173345,0.133462,0.43755,-0.0564084,-0.70449,0.237421,0.384903,-0.174645,-0.0520482,0.069177,0.08115,0.0979968,-0.627465,-0.355436,0.0964582,0.162857,-0.0477018,0.300478,-0.328443,0.254867,-0.224321,0.459297,-0.0223017,0.214187,-0.363228,0.0980296,0.325857,0.0257139,-0.249625,-0.210993,0.129703,0.284239,0.00819439,0.326046,-0.0506227,-0.0883689,0.121612,0.310774,-0.518773,0.139963,-0.159776,-0.156247,0.488426,-0.0689379,-0.387938,0.171234,0.361204,-0.377857,-0.336516,-0.142643,-0.248735,-0.562834,0.439336,-0.364596,-0.271236,-0.392708,0.542484,-0.138666,-0.231667,-0.246399,-0.256474,-0.00802,-0.299816,-0.316743,-0.331798,-0.2693,0.132404,0.309681,0.305786,-0.299574,0.0552754,-0.0377075,-0.105371,-0.0827573,-0.456206,0.0311371,-0.0443302,0.75462,0.295886,0.272073,0.102434,0.133003,0.145236,0.109817
0.104,-0.284392,0.279952,0.109059,-0.243774,-0.135261,0.095847,-0.0647847,0.486356,-0.17343,0.346586,0.166247,0.551119,-0.13761,0.562311,0.104048,-0.033345,-0.247302,0.0828043,0.479515,-0.110388,-0.696084,0.304963,0.37863,-0.178563,0.0227547,0.108106,0.127946,0.0989935,-0.673237,-0.348752,0.159004,0.152573,0.0257931,0.331408,-0.251746,0.256632,-0.240003,0.413912,0.0160576,0.233241,-0.340181,0.121713,0.363246,0.0882351,-0.258891,-0.253858,0.0518604,0.323897,-0.0106377,0.304389,-0.0216691,-0.0268217,0.052733,0.303728,-0.487575,0.175097,-0.176465,-0.164913,0.542569,-0.0396915,-0.354028,0.163227,0.347876,-0.3865,-0.380291,-0.0991571,-0.274428,-0.554777,0.469469,-0.362254,-0.330829,-0.363367,0.583251,-0.18646,-0.21319,-0.131129,-0.304162,0.0957716,-0.279438,-0.307943,-0.342986,-0.348726,0.129061,0.29828,0.243322,-0.383157,0.105782,-0.135223,-0.0790935,0.0324177,-0.37623,0.0168336,-0.0563514,0.711353,0.296606,0.354834,0.107158,0.114035,0.126171,0.0976115
0.106,-0.323437,0.278786,-0.0137208,-0.167242,-0.184698,0.123492,-0.0244759,0.505821,-0.170736,0.324156,0.190349,0.563514,-0.116798,0.561602,0.123778,-0.072095,-0.117076,0.0591063,0.557123,-0.0812517,-0.689742,0.316727,0.415493,-0.174872,0.0547689,0.0767901,0.179101,0.123327,-0.666614,-0.350634,0.119099,0.0954949,-0.0393202,0.361785,-0.296277,0.192517,-0.195602,0.365879,-0.0477925,0.253295,-0.337724,0.0713209,0.370539,0.0837388,-0.237825,-0.266992,0.0540701,0.275087,-0.00635903,0.222914,-0.0588817,-0.010082,0.043649,0.338259,-0.5064,0.139777,-0.227066,-0.194405,0.611919,-0.0949961,-0.298366,0.131378,0.424784,-0.382595,-0.441219,-0.0904387,-0.292319,-0.595742,0.3961,-0.351841,-0.394714,-0.407891,0.600954,-0.166023,-0.160861,-0.108858,-0.273164,0.121993,-0.353145,-0.297456,-0.306029,-0.289751,0.119749,0.364687,0.275994,-0.340182,0.015611,-0.0292005,-0.0599666,0.0475455,-0.359497,-0.0551141,-0.127768,0.768573,0.237247,0.35619,0.142632,0.0173276,0.103054,0.0806245
0.108,-0.291392,0.274267,0.0861844,-0.228503,-0.155365,0.210874,-0.00393617,0.510453,-0.156897,0.403958,0.280718,0.529868,-0.0844509,0.583744,0.0855504,-0.0378275,-0.0324306,0.0511778,0.525939,-0.11187,-0.657505,0.350393,0.448066,-0.0792827,-0.068331,0.0329459,0.185683,0.189203,-0.656633,-0.327302,0.173783,0.079252,-0.108813,0.406807,-0.277124,0.198131,-0.180238,0.451561,-0.095161,0.287122,-0.348752,0.117473,0.413453,0.180474,-0.261075,-0.239431,0.0446588,0.265775,-0.050097,0.238011,-0.111363,0.00910016,-0.0201038,0.291454,-0.458311,0.145491,-0.259341,-0.157245,0.606215,-0.0781729,-0.303954,0.181869,0.498347,-0.353705,-0.466199,-0.0683044,-0.349401,-0.612498,0.412439,-0.327731,-0.383447,-0.374105,0.519995,-0.162334,-0.169637,-0.104528,-0.242927,0.159025,-0.420054,-0.24317,-0.265289,-0.211116,0.0126449,0.364306,0.236124,-0.329204,-0.0501822,-0.101859,-0.0960029,0.00891831,-0.404067,0.000470548,-0.127843,0.778527,0.243215,0.369639,0.158184,-0.00320898,0.0899343,0.00300848
0.11,-0.28998,0.213399,0.110596,-0.257069,-0.138885,0.232695,0.0347859,0.454252,-0.184915,0.52241,0.315626,0.537756,-0.0805133,0.62183,0.0166072,-0.0606042,0.03826,-0.0161436,0.470495,-0.143616,-0.770275,0.332948,0.478123,-0.115361,-0.0713224,0.0252518,0.157406,0.213134,-0.745067,-0.333568,0.129395,0.105363,-0.116655,0.395446,-0.238221,0.253077,-0.143029,0.457277,-0.0658922,0.291702,-0.347769,0.0971565,0.350388,0.189549,-0.274229,-0.165922,-0.0146257,0.241291,-0.00203818,0.20085,0.00703881,-0.0459011,-0.0273756,0.297977,-0.50923,0.0692234,-0.296544,-0.238362,0.59857,-0.0568366,-0.349451,0.258837,0.460178,-0.447474,-0.541906,-0.109596,-0.380107,-0.607387,0.369027,-0.369805,-0.429201,-0.406685,0.59212,-0.125445,-0.0994349,-0.0458491,-0.180475,0.201739,-0.337857,-0.251131,-0.25596,-0.219645,0.0555333,0.393387,0.237336,-0.374259,-0.0649165,-0.116266,-0.126214,0.0198445,-0.516886,-0.0775998,-0.0714817,0.775389,0.288166,0.358142,0.16015,0.00158608,0.152229,0.00283347
0.112,-0.288074,0.186798,0.182354,-0.242848,-0.160933,0.190574,0.00371533,0.498051,-0.15778,0.541492,0.309076,0.435916,-0.152039,0.55714,-0.00990647,-0.00945631,0.0112162,-0.0456009,0.462855,-0.164742,-0.643701,0.328738,0.500526,-0.110011,-0.0199848,0.121952,0.151133,0.0997661,-0.701921,-0.337848,0.122958,0.0877585,-0.107903,0.419821,-0.218021,0.293376,-0.116665,0.438435,0.00160746,0.289871,-0.392649,0.105653,0.33034,0.163746,-0.243353,-0.212617,-0.021492,0.259373,0.00224318,0.204011,-0.0495455,-0.0427291,-0.0875678,0.274147,-0.43051,0.0516418,-0.351842,-0.279055,0.643476,0.0473307,-0.269256,0.322207,0.472915,-0.472074,-0.504364,-0.138213,-0.380937,-0.626375,0.431112,-0.445801,-0.376338,-0.431889,0.586385,-0.134095,-0.0498582,-0.0506212,-0.158322,0.178624,-0.302152,-0.25557,-0.302158,-0.26178,0.0313819,0.404319,0.209779,-0.340509,-0.0596169,-0.124915,-0.0802221,0.0650364,-0.537994,-0.115416,-0.00942851,0.80095,0.298767,0.313566,0.128243,-0.0137777,0.149,-0.0281281
0.114,-0.256981,0.124596,0.144393,-0.213829,-0.19959,0.169407,-0.0186681,0.525875,-0.101038,0.597507,0.374787,0.354285,-0.179621,0.663938,-0.0300724,-0.0336803,-0.0056043,-0.0443935,0.472606,-0.186025,-0.610445,0.31031,0.498543,-0.133112,0.0212216,0.118002,0.109131,0.0956035,-0.728963,-0.388238,0.17169,0.0401042,-0.0369437,0.443282,-0.181582,0.269302,-0.105453,0.417312,-0.0469997,0.350474,-0.39379,0.0942066,0.292,0.238353,-0.207498,-0.122377,0.0279767,0.344186,-0.0196796,0.257575,-0.0550242,0.0505161,-0.0946196,0.214677,-0.397866,0.0615865,-0.34502,-0.237391,0.623603,0.106372,-0.278854,0.278208,0.431004,-0.474369,-0.472465,-0.114051,-0.318774,-0.577973,0.355176,-0.458812,-0.396099,-0.382225,0.580115,-0.183137,0.00153489,-0.10196,-0.133191,0.142488,-0.354729,-0.265716,-0.260231,-0.174252,0.0669607,0.402412,0.261552,-0.338465,-0.036258,-0.198187,-0.0699535,0.0456732,-0.510132,-0.0342517,-0.0256859,0.79474,0.309871,0.341169,0.139571,0.00750375,0.0634583,0.0387002
0.116,-0.208791,0.103596,0.176389,-0.235949,-0.306471,0.141077,-0.0381052,0.548548,-0.0528416,0.607995,0.401575,0.349456,-0.221556,0.669349,-0.0565187,0.030825,-0.0635589,-0.0441324,0.469101,-0.12873,-0.589938,0.280549,0.439191,-0.193514,0.0275263,0.159255,0.059641,0.119542,-0.718514,-0.445077,0.18251,0.0610038,-0.0845663,0.395478,-0.204434,0.25135,-0.0726699,0.415891,-0.0121845,0.361791,-0.423101,0.026143,0.370059,0.242284,-0.242014,-0.129918,-0.00435915,0.344463,0.0352657,0.238341,-0.109059,0.0592181,-0.0966189,0.146637,-0.371903,0.124426,-0.324351,-0.227816,0.650233,0.084864,-0.219441,0.271902,0.461042,-0.516669,-0.448292,-0.0769389,-0.316877,-0.564199,0.365662,-0.430554,-0.383849,-0.415616,0.592809,-0.208639,0.0348117,-0.168483,-0.15793,0.108652,-0.260495,-0.288388,-0.17029,-0.14129,0.0788014,0.329511,0.234079,-0.359965,0.0659669,-0.180629,-0.0617906,0.0404033,-0.48344,0.0507853,-0.0190058,0.823762,0.295397,0.342205,0.0786613,0.0553521,-0.0182837,0.0744256
0.118,-0.170852,0.184988,0.191388,-0.150834,-0.294013,0.112185,0.017391,0.511618,-0.0838266,0.5386,0.414836,0.27494,-0.230768,0.658736,-0.00423444,0.0244864,-0.0295801,-0.0512084,0.482296,-0.144781,-0.542152,0.31763,0.396613,-0.123159,0.0924688,0.115466,0.0180539,0.186613,-0.747209,-0.392447,0.165933,0.105607,-0.101739,0.452219,-0.142062,0.220744,-0.146017,0.383186,-0.0722291,0.382885,-0.48584,-0.0222352,0.378326,0.289508,-0.282214,-0.104337,-0.0200931,0.355598,0.108655,0.215586,-0.132755,0.0746613,-0.103321,0.158458,-0.385606,0.0725057,-0.337468,-0.235112,0.615903,0.13946,-0.277333,0.358585,0.467253,-0.535226,-0.431559,-0.0538843,-0.304487,-0.635027,0.38562,-0.391307,-0.441406,-0.476383,0.531592,-0.120595,-0.0138793,-0.117115,-0.122842,0.138847,-0.221471,-0.232758,-0.212915,-0.108827,0.0583876,0.292707,0.333665,-0.338011,0.0197745,-0.186899,-0.0194994,0.0705958,-0.499278,0.0737053,0.0137831,0.888421,0.313982,0.310504,0.0884197,0.011026,0.0459554,0.076394
0.12,-0.159928,0.270235,0.209585,-0.222625,-0.375281,0.0336008,0.0208686,0.551188,-0.124117,0.490924,0.388836,0.315193,-0.29549,0.694356,0.0801849,0.0241738,-0.0975641,-0.038259,0.458235,-0.159707,-0.474206,0.260609,0.397179,-0.162597,0.110425,0.0763573,0.0550507,0.146631,-0.6819,-0.410374,0.224682,0.0903767,-0.130145,0.498848,-0.143744,0.241785,-0.158688,0.339399,-0.0195147,0.395327,-0.461106,-0.0919003,0.382684,0.299407,-0.342991,-0.104906,-0.00701279,0.357802,0.0812471,0.26834,-0.146273,0.0670645,-0.145372,0.162025,-0.341549,0.077001,-0.385825,-0.234208,0.575334,0.047013,-0.295391,0.3899,0.439975,-0.541253,-0.433325,-0.134153,-0.319527,-0.663289,0.400497,-0.354454,-0.402345,-0.518714,0.510841,-0.199686,0.0353127,-0.159083,-0.0868618,0.14578,-0.144703,-0.2144,-0.219311,-0.0268909,0.0415014,0.28786,0.396823,-0.420938,-0.0265043,-0.162626,-0.070967,0.0337503,-0.501529,-0.00144021,-0.0152124,0.963623,0.294092,0.392817,0.1117,0.0804009,-0.017697,0.0559013
0.122,-0.14586,0.244673,0.175958,-0.273929,-0.384752,0.0373897,0.102346,0.481459,-0.157642,0.519834,0.394624,0.27076,-0.302122,0.730001,0.0568495,0.0166489,-0.0148617,0.0264217,0.396973,-0.0986495,-0.426455,0.219552,0.375612,-0.170214,0.064959,0.0653277,-0.0047389,0.0910537,-0.691385,-0.357404,0.240206,0.0779701,-0.159406,0.491142,-0.0814541,0.306997,-0.0854357,0.357616,0.0280438,0.327092,-0.469122,-0.0739197,0.376697,0.32054,-0.340897,-0.119492,0.0140129,0.406158,0.114359,0.331882,-0.181779,0.17656,-0.0460904,0.204806,-0.322677,0.0877634,-0.405757,-0.266249,0.520511,0.020842,-0.315242,0.412605,0.402344,-0.495026,-0.514279,-0.132974,-0.380614,-0.55951,0.384047,-0.338786,-0.383982,-0.58922,0.44693,-0.202358,0.109436,-0.214598,-0.065721,0.0760328,-0.110763,-0.185283,-0.213804,0.0183498,0.0140562,0.288006,0.341914,-0.396296,-0.0296622,-0.152461,-0.129128,0.0707635,-0.575774,-0.00597942,-0.06954,1.0024,0.377939,0.432948,0.0745946,0.155317,-0.0211996,0.110168
0.124,-0.120749,0.281535,0.238369,-0.186147,-0.317789,0.0522711,0.0791149,0.444378,-0.135841,0.555969,0.317648,0.272179,-0.355227,0.734957,-0.0779152,0.00452652,-0.0118091,-0.00898688,0.406219,-0.122745,-0.505793,0.206858,0.324129,-0.204182,0.069125,0.192778,0.0510161,0.104569,-0.685197,-0.374131,0.237688,0.120511,-0.0761594,0.530781,-0.0336836,0.327857,-0.0890222,0.321553,0.00477145,0.375088,-0.507193,-0.144696,0.441588,0.264977,-0.291197,-0.136043,-0.0455785,0.454906,0.207921,0.372552,-0.198738,0.181455,-0.0890423,0.125,-0.337972,0.11527,-0.406928,-0.258573,0.486124,0.0441869,-0.335319,0.405237,0.41902,-0.564246,-0.484476,-0.151604,-0.377978,-0.586185,0.428966,-0.296553,-0.39412,-0.592841,0.441302,-0.197433,0.0642386,-0.261067,-0.0481531,0.072045,-0.102769,-0.201021,-0.216573,0.00672916,-0.0238071,0.383037,0.338187,-0.413284,-0.0623733,-0.108596,-0.108543,0.125584,-0.598719,0.0221071,-0.0506677,0.958273,0.438135,0.426013,0.0827345,0.142076,0.0479048,0.0933437
0.126,-0.198744,0.307757,0.262869,-0.251167,-0.328441,0.0971539,0.111868,0.481216,-0.138879,0.649167,0.262746,0.377091,-0.350822,0.687983,-0.0313596,-0.0292637,0.0114356,-0.0789549,0.391304,-0.048899,-0.537161,0.187566,0.401274,-0.148435,0.149005,0.134009,-0.0350552,0.209958,-0.634659,-0.375639,0.197237,0.0625202,-0.0957105,0.548187,-0.137894,0.327734,-0.0450522,0.234668,-0.0645748,0.333097,-0.55923,-0.149819,0.438005,0.290551,-0.35908,-0.0861048,-0.0612379,0.3581,0.195143,0.306868,-0.194609,0.165092,-0.115637,0.155062,-0.34771,0.0846318,-0.440791,-0.253739,0.447794,-0.026588,-0.415186,0.356084,0.365067,-0.550864,-0.529694,-0.120331,-0.33064,-0.648636,0.440557,-0.267137,-0.455692,-0.545505,0.45727,-0.229453,0.0846444,-0.266924,-0.0406529,0.0888609,-0.0821762,-0.223379,-0.214894,-0.0440031,-0.0457577,0.369982,0.296874,-0.380285,-0.0745883,-0.038382,-0.118034,0.0971963,-0.466155,0.0551037,-0.0482964,0.981504,0.40477,0.386706,0.0387701,0.163458,0.0360663,0.183507
0.128,-0.157375,0.338268,0.291456,-0.283474,-0.34822,0.0691298,0.0576917,0.4628,-0.173102,0.580158,0.304598,0.490024,-0.307397,0.643756,-0.00647447,-0.0357044,0.0745486,-0.0879505,0.425987,-0.0127308,-0.620318,0.257906,0.456801,-0.1204,0.19185,0.148598,0.0179898,0.136781,-0.57855,-0.343178,0.243543,0.0662645,-0.0568633,0.601293,-0.140837,0.288667,0.0359713,0.336803,-0.0445311,0.40673,-0.578525,-0.0435544,0.436005,0.276453,-0.358978,-0.103439,-0.114957,0.393704,0.190235,0.276027,-0.155984,0.167297,-0.0522473,0.0996731,-0.3726,0.0735419,-0.512675,-0.293844,0.397032,-0.0695573,-0.491433,0.380993,0.403312,-0.594081,-0.525732,-0.123106,-0.321642,-0.655301,0.409942,-0.22733,-0.503626,-0.568415,0.424581,-0.234673,0.0515374,-0.282846,-0.0489721,0.152917,-0.080057,-0.272512,-0.262125,-0.0714395,0.0185017,0.344231,0.343903,-0.35724,-0.0740078,-0.0386984,-0.152041,0.134132,-0.468244,0.0582254,0.00781182,0.95243,0.375573,0.338996,-0.00939682,0.190877,0.0509328,0.144643
0.13,-0.203158,0.336733,0.303194,-0.347829,-0.345427,0.0287453,0.0725333,0.492475,-0.233914,0.454734,0.261179,0.518153,-0.25553,0.632526,-0.00204904,-0.0450587,0.0974814,-0.0183692,0.445638,-0.0603016,-0.632002,0.173735,0.442694,-0.0756907,0.241805,0.134693,-0.028993,0.133612,-0.65203,-0.324061,0.28187,0.0526396,-0.0991157,0.648582,-0.0801305,0.33125,0.0783462,0.309187,0.03507,0.436527,-0.609247,-0.0117708,0.43083,0.281763,-0.328596,-0.105445,-0.0636764,0.416703,0.198295,0.237994,-0.156823,0.156619,-0.0860915,0.180129,-0.35513,0.107517,-0.479156,-0.344696,0.31044,-0.0637867,-0.452903,0.42893,0.384748,-0.557496,-0.59866,-0.116902,-0.265789,-0.652881,0.404666,-0.254882,-0.459101,-0.559294,0.400809,-0.255352,0.0540724,-0.348147,0.0162132,0.0572619,-0.189091,-0.350119,-0.214263,-0.0129967,0.00748167,0.291939,0.312335,-0.372906,-0.00773233,0.0128779,-0.259989,0.16727,-0.511819,0.0591938,0.0656261,0.967435,0.353168,0.362448,-0.0137596,0.125697,-0.0278433,0.0970034
0.132,-0.233474,0.373719,0.278639,-0.365434,-0.327062,0.0765265,0.0110419,0.495411,-0.251137,0.490066,0.266693,0.548315,-0.238936,0.630174,-0.0438277,-0.0566971,0.106975,0.0342249,0.445811,-0.104092,-0.654645,0.112517,0.367749,-0.151235,0.295611,0.0951987,-0.0686257,0.167535,-0.689764,-0.317531,0.212282,0.0265735,-0.166534,0.605867,-0.111763,0.186927,0.0924268,0.267804,0.133544,0.494268,-0.606504,0.06759,0.450897,0.283014,-0.306455,-0.0945536,-0.0433376,0.321322,0.212139,0.275079,-0.234267,0.145585,-0.098676,0.142439,-0.41241,0.148632,-0.509155,-0.308144,0.328709,-0.0503977,-0.491237,0.469302,0.335475,-0.59605,-0.593851,-0.038703,-0.223455,-0.56813,0.439697,-0.275188,-0.488802,-0.589481,0.427585,-0.332987,0.0373397,-0.356871,0.0159358,0.124914,-0.23754,-0.319761,-0.177824,-0.0154742,0.0801273,0.188497,0.383753,-0.448307,-0.0572257,0.0050696,-0.264301,0.26402,-0.44762,0.0719256,0.158988,0.981573,0.338324,0.371796,0.0220922,0.180875,0.0366502,0.0746087
0.134,-0.228945,0.259889,0.223311,-0.35917,-0.344919,0.108642,0.0559055,0.626382,-0.168508,0.433559,0.179526,0.572293,-0.217516,0.660371,-0.0108883,-0.0180099,0.143488,0.0580846,0.408896,-0.0840303,-0.662118,0.123275,0.436436,-0.17064,0.319586,0.117637,-0.0214715,0.16869,-0.592839,-0.372993,0.271439,0.0320202,-0.153577,0.647545,-0.136009,0.143216,0.0388912,0.313936,0.126612,0.53896,-0.705789,0.0648049,0.440635,0.312775,-0.334492,0.0105762,-0.0431176,0.396147,0.308166,0.226341,-0.296175,0.12821,-0.113998,0.194279,-0.390377,0.125168,-0.48949,-0.22685,0.227956,-0.105224,-0.486826,0.488004,0.358187,-0.710087,-0.554798,-0.0137621,-0.288977,-0.498949,0.453577,-0.289218,-0.509534,-0.685784,0.472021,-0.33544,0.0456461,-0.385886,0.00990802,0.157094,-0.241593,-0.306892,-0.196982,-0.007278,0.1327,0.171111,0.425059,-0.445885,-0.0298592,0.032254,-0.241259,0.280116,-0.487494,0.0734643,0.12105,0.899132,0.381923,0.323038,0.0259861,0.133061,0.0674134,0.0346111
0.136,-0.255511,0.236274,0.152553,-0.360792,-0.364484,0.0764068,0.0666455,0.635352,-0.234096,0.474892,0.0780018,0.626879,-0.165579,0.652637,-0.010191,-0.0451354,0.0945704,0.0525153,0.410458,-0.094549,-0.693473,0.134745,0.460355,-0.161132,0.364062,0.129996,-0.0858988,0.0910276,-0.58369,-0.452242,0.301772,-0.109327,-0.193589,0.523174,-0.137355,0.0499294,0.0162285,0.34579,0.127444,0.552014,-0.653423,0.0545577,0.473999,0.346838,-0.308528,0.00534472,-0.0188229,0.422865,0.396198,0.225874,-0.238033,0.137455,-0.132842,0.194371,-0.38377,0.0891246,-0.407294,-0.263557,0.233646,-0.101785,-0.477629,0.507055,0.435173,-0.723955,-0.525007,0.00603212,-0.34354,-0.399765,0.454534,-0.343239,-0.504245,-0.678684,0.417964,-0.374192,0.0459895,-0.418356,0.0402797,0.115137,-0.27408,-0.294254,-0.163337,-0.0468571,0.143224,0.129689,0.411118,-0.396596,-0.101206,-0.0295922,-0.264186,0.295156,-0.435061,0.072597,0.123369,0.848759,0.390917,0.310735,0.0925089,0.126809,0.0696959,0.00200506
0.138,-0.224045,0.273962,0.179686,-0.38863,-0.352584,0.0463018,0.0531463,0.609142,-0.277745,0.436404,0.180689,0.64518,-0.138453,0.651006,-0.0653328,-0.11904,0.118827,0.0463299,0.359891,-0.118304,-0.670576,0.190607,0.447841,-0.25629,0.345608,0.157796,-0.00678455,0.0780173,-0.589431,-0.387588,0.231818,-0.130358,-0.254825,0.534003,-0.111667,0.0604228,0.0134739,0.344725,0.141051,0.54009,-0.61017,0.056804,0.427572,0.367341,-0.307268,0.00373272,-0.134754,0.481855,0.449908,0.214928,-0.289263,0.174509,-0.197783,0.198166,-0.361169,0.0491561,-0.428493,-0.240437,0.267933,-0.0631104,-0.484989,0.522202,0.402856,-0.676866,-0.52722,0.0140953,-0.300578,-0.356051,0.463616,-0.298235,-0.554691,-0.72942,0.534527,-0.418774,0.109623,-0.43355,0.0712981,0.173695,-0.318188,-0.264738,-0.169922,-0.0867051,0.246011,0.0952139,0.483734,-0.385511,-0.102052,0.0793998,-0.294131,0.344614,-0.346359,0.0204879,0.0943919,0.882581,0.370679,0.272499,-0.0426638,0.0894583,0.0708663,-0.0645926
0.14,-0.26788,0.231392,0.159423,-0.325355,-0.380608,0.103127,0.116551,0.571808,-0.353981,0.431723,0.165544,0.667264,-0.0893657,0.610631,0.00838642,-0.139891,0.126495,0.0321503,0.32166,-0.131187,-0.676353,0.210298,0.618207,-0.322484,0.34297,0.132392,0.00533093,0.032747,-0.538913,-0.413528,0.209193,-0.132669,-0.270878,0.431711,-0.123806,0.0474095,-0.00948042,0.285801,0.12755,0.487092,-0.543291,0.0377549,0.344644,0.383913,-0.231757,0.0843218,-0.0732832,0.482052,0.455236,0.18536,-0.288383,0.15762,-0.192642,0.207204,-0.452529,0.0731891,-0.429679,-0.248035,0.283648,0.00094555,-0.437763,0.501454,0.417804,-0.710623,-0.527743,-0.0249491,-0.258042,-0.3868,0.490906,-0.313776,-0.564089,-0.764892,0.49328,-0.402041,0.0916623,-0.511339,0.0351102,0.218862,-0.314277,-0.248731,-0.170647,-0.0459687,0.264909,0.0784545,0.494873,-0.35971,-0.170081,0.0613045,-0.225389,0.362976,-0.330262,0.0421468,0.164306,0.930936,0.325306,0.328479,-0.0745671,0.0860422,0.0358479,-0.0736606
0.142,-0.226679,0.229761,0.162703,-0.369998,-0.321461,0.146945,0.0605298,0.627298,-0.339962,0.400572,0.185728,0.699041,-0.0980951,0.628321,0.0240595,-0.120412,0.123881,0.0283376,0.289106,-0.0746788,-0.700944,0.205721,0.541167,-0.289204,0.408962,0.100908,0.0417189,0.0250047,-0.572285,-0.382168,0.19158,-0.128894,-0.270916,0.41904,-0.117781,0.104768,0.0174344,0.289203,0.0869351,0.497236,-0.522637,0.0230976,0.412234,0.345666,-0.191158,0.0881425,-0.133881,0.381077,0.38393,0.146602,-0.334627,0.155908,-0.255735,0.209736,-0.448215,0.126544,-0.404231,-0.155814,0.305443,-0.0825467,-0.447759,0.55424,0.340158,-0.794371,-0.562767,-0.0625811,-0.213776,-0.343758,0.473709,-0.335111,-0.551249,-0.769922,0.545828,-0.374315,0.062291,-0.58327,0.0417145,0.192317,-0.30909,-0.253113,-0.186043,-0.0824989,0.261317,0.0542219,0.443127,-0.297239,-0.171758,0.0560592,-0.258192,0.341911,-0.294036,0.140782,0.0951774,0.952292,0.293971,0.328961,-0.00385182,0.132245,0.071179,-0.122245
0.144,-0.137276,0.143987,0.1392,-0.470932,-0.298056,0.130161,0.0102136,0.601902,-0.369461,0.347042,0.228953,0.732033,-0.129562,0.576913,0.0088477,-0.133613,0.153879,0.0232521,0.272745,-0.121157,-0.709768,0.232977,0.496034,-0.31339,0.459349,0.0664334,0.0345384,0.0769497,-0.670367,-0.412278,0.153434,-0.0744566,-0.185296,0.40678,-0.118781,0.118824,-0.0228122,0.233778,0.06824,0.534731,-0.49857,0.083329,0.356012,0.31818,-0.168517,0.10066,-0.108105,0.356248,0.36826,0.161905,-0.37642,0.129578,-0.286847,0.196547,-0.394641,0.112996,-0.331242,-0.226581,0.270448,-0.109951,-0.492095,0.582255,0.289883,-0.792719,-0.555879,-0.107923,-0.203647,-0.246655,0.502858,-0.390398,-0.619904,-0.723873,0.627943,-0.344498,0.0248004,-0.610009,-0.0395164,0.17993,-0.3786,-0.301668,-0.0869897,-0.0619808,0.257034,0.0762023,0.448174,-0.337625,-0.149946,0.0924292,-0.314205,0.269533,-0.306105,0.10136,0.144591,0.979315,0.355201,0.373138,-0.0473814,0.132308,0.0567801,-0.0685175
0.146,-0.0932525,0.152493,0.0775363,-0.441324,-0.265177,0.120137,0.0808609,0.598528,-0.433164,0.341979,0.246199,0.822129,-0.15989,0.558637,-0.0367893,-0.0965127,0.154914,0.0971661,0.264748,-0.144227,-0.70685,0.233744,0.457799,-0.350836,0.444573,0.0768976,-0.0132952,0.0755913,-0.723781,-0.442622,0.196894,-0.0749479,-0.187321,0.30834,-0.118842,0.139752,-0.0236077,0.236736,0.052606,0.490615,-0.5113,0.102407,0.313023,0.246923,-0.0792329,0.142843,-0.141645,0.351718,0.374237,0.225147,-0.328366,0.129739,-0.192458,0.274598,-0.445015,0.0788831,-0.32505,-0.207162,0.270738,-0.121509,-0.453452,0.637961,0.324722,-0.665983,-0.564796,-0.0588659,-0.166181,-0.212139,0.556104,-0.491135,-0.674255,-0.743055,0.572618,-0.329906,0.0535551,-0.581091,-0.0863587,0.219403,-0.477923,-0.330572,-0.0529149,-0.0497406,0.251111,0.0576756,0.439579,-0.407135,-0.204844,0.0728786,-0.309635,0.241906,-0.357193,0.0341944,0.163842,0.955929,0.350134,0.39186,-0.0420799,0.17529,0.0802668,-0.0864787
0.148,-0.0549217,0.167051,0.0595735,-0.362773,-0.248061,0.172748,0.0363152,0.556427,-0.397491,0.382879,0.28611,0.858958,-0.167938,0.626367,-0.0178056,-0.0900548,0.168702,0.103394,0.264577,-0.159385,-0.737351,0.160097,0.504801,-0.40691,0.524417,0.115534,-0.0425007,0.0613609,-0.661786,-0.449761,0.169456,-0.0703089,-0.229189,0.291741,-0.208731,0.122779,-0.000544365,0.203105,0.0465861,0.498545,-0.536429,0.119217,0.370231,0.228542,-0.0086184,0.18663,-0.112797,0.333922,0.380856,0.226932,-0.296055,0.140484,-0.114887,0.164341,-0.487116,0.0292631,-0.272344,-0.185449,0.325511,-0.117782,-0.465508,0.600355,0.339796,-0.628748,-0.578653,-0.0535469,-0.12602,-0.232704,0.603833,-0.493345,-0.639924,-0.729517,0.631563,-0.343518,0.136204,-0.573685,-0.130669,0.209974,-0.499137,-0.254671,-0.0815189,-0.0477494,0.275818,0.074692,0.42334,-0.468565,-0.169304,0.130125,-0.309551,0.261484,-0.280803,0.0778749,0.194189,0.934106,0.304485,0.371666,-0.0631844,0.130709,0.106587,-0.072461
0.15,-0.0656045,0.11875,0.0933523,-0.380832,-0.236151,0.199106,0.0765935,0.608939,-0.319595,0.356406,0.360755,0.90242,-0.159335,0.670486,-0.00525376,-0.0907088,0.176425,0.0740204,0.247709,-0.120458,-0.798281,0.174837,0.473907,-0.380906,0.496792,0.0805727,0.01955,0.125706,-0.67292,-0.461815,0.197571,-0.0775758,-0.260031,0.366708,-0.194089,0.104091,0.0644484,0.289983,-0.017114,0.550743,-0.499934,0.121163,0.414255,0.25796,-0.0251987,0.147748,-0.150467,0.248871,0.370824,0.214883,-0.219299,0.221457,-0.143022,0.158535,-0.484933,-0.0101686,-0.286387,-0.231726,0.375521,-0.0379111,-0.424213,0.658908,0.355607,-0.687335,-0.691428,-0.0349057,-0.143117,-0.143269,0.643941,-0.535022,-0.646787,-0.697822,0.609412,-0.383696,0.106814,-0.640076,-0.165095,0.231729,-0.559387,-0.285262,-0.109127,-0.0289422,0.279149,0.0221574,0.411293,-0.449397,-0.137543,0.118294,-0.268622,0.174438,-0.18934,0.103925,0.220629,0.869972,0.281793,0.414883,-0.0568694,0.116434,0.0734755,-0.0972952
0.152,-0.0781188,0.121502,0.10116,-0.438427,-0.215399,0.196363,0.051373,0.555865,-0.25032,0.295709,0.320602,0.889384,-0.132394,0.667531,-0.0743213,-0.148237,0.150595,0.0775873,0.261245,-0.0170781,-0.829915,0.150459,0.485386,-0.45806,0.445421,0.11535,0.00634533,0.128638,-0.665509,-0.47888,0.196175,-0.0957642,-0.249984,0.444653,-0.157503,0.0388758,0.0754235,0.355582,-0.0661052,0.604754,-0.413949,0.123436,0.380055,0.163321,-0.011015,0.116443,-0.132387,0.273975,0.521104,0.215777,-0.269972,0.165421,-0.155242,0.181405,-0.552238,-0.0102771,-0.328752,-0.246627,0.275868,0.00755265,-0.385851,0.564957,0.340521,-0.704596,-0.653485,-0.00789577,-0.211789,-0.133987,0.629881,-0.606684,-0.732091,-0.70364,0.678692,-0.378582,0.104956,-0.656527,-0.124511,0.252015,-0.612592,-0.317445,-0.156433,0.0290579,0.251566,0.0876967,0.372518,-0.472115,-0.13516,0.105526,-0.198651,0.21008,-0.212037,0.165117,0.211769,0.871106,0.247143,0.326251,-0.114634,0.118275,0.0822852,-0.0189072
0.154,-0.0438864,0.0813456,0.0371593,-0.409161,-0.224593,0.189479,0.0450372,0.5772,-0.21988,0.316112,0.282418,0.863864,-0.196166,0.741145,-0.0764992,-0.221106,0.166205,0.150158,0.272973,0.00753301,-0.832671,0.0751063,0.491203,-0.508515,0.494766,0.14309,-0.0528111,0.077138,-0.656221,-0.478856,0.184909,-0.100255,-0.205344,0.508059,-0.0982287,0.0960872,0.0155371,0.370626,-0.0795317,0.647655,-0.482584,0.11173,0.365024,0.159503,-0.0373173,0.0991557,-0.213908,0.32966,0.59164,0.275781,-0.341345,0.175257,-0.113414,0.157253,-0.558193,-0.0681909,-0.33449,-0.154784,0.236042,0.033992,-0.358314,0.599977,0.386357,-0.761812,-0.553544,0.0290427,-0.147797,-0.142569,0.639632,-0.570849,-0.674784,-0.682123,0.65107,-0.380073,0.127808,-0.660017,-0.166741,0.301358,-0.535954,-0.284371,-0.148825,0.13457,0.276099,0.04281,0.316623,-0.448498,-0.123248,0.0890004,-0.1577,0.231632,-0.111197,0.136119,0.182822,0.845824,0.256583,0.274488,-0.181254,0.0995758,0.052163,-0.0131149
0.156,0.0422602,0.0481843,-0.0200865,-0.320187,-0.176727,0.159149,0.0422162,0.569195,-0.261668,0.353942,0.260595,0.842243,-0.182945,0.784164,-0.0697217,-0.251051,0.0722795,0.102636,0.273733,0.0486558,-0.819738,0.0844904,0.537238,-0.510687,0.512925,0.115659,-0.112328,0.0450792,-0.645677,-0.503209,0.138165,-0.111844,-0.148164,0.57689,-0.114707,0.0802055,0.0325532,0.362872,-0.0840735,0.678949,-0.454197,0.0495777,0.404734,0.0775429,-0.00491495,0.128917,-0.216288,0.402138,0.613075,0.291251,-0.364109,0.157377,-0.128182,0.0949597,-0.598265,-0.147339,-0.268424,-0.221378,0.252879,0.0191501,-0.429979,0.549,0.383584,-0.741085,-0.541367,-0.0217341,-0.207729,-0.123815,0.611592,-0.481926,-0.668374,-0.684084,0.604238,-0.371834,0.139841,-0.660476,-0.178993,0.209925,-0.428815,-0.311628,-0.158525,0.1725,0.301758,0.103005,0.268109,-0.481082,-0.18329,0.0330641,-0.142359,0.241834,-0.0779047,0.0681997,0.248475,0.801427,0.299847,0.256016,-0.284521,0.067813,0.0427606,-0.127865
0.158,0.0149037,0.0472139,-0.0218705,-0.324541,-0.165306,0.169744,0.121543,0.556254,-0.269581,0.36515,0.301269,0.906324,-0.172285,0.810561,-0.0202062,-0.326169,0.102684,0.0476453,0.22619,0.00769905,-0.878767,0.0595853,0.561604,-0.471038,0.48926,0.0684887,-0.218405,0.118955,-0.650388,-0.522605,0.132159,-0.0427927,-0.192499,0.552912,-0.15411,0.0766873,0.0101405,0.317345,-0.00740367,0.667093,-0.468553,0.0746317,0.408856,0.0933631,-0.0632134,0.142129,-0.225418,0.445059,0.662255,0.263242,-0.297902,0.190751,-0.153705,0.0478283,-0.650111,-0.0576552,-0.274003,-0.170966,0.213102,0.107978,-0.408099,0.493476,0.44773,-0.748805,-0.483886,-0.0667338,-0.15572,-0.111081,0.611299,-0.520739,-0.688924,-0.758574,0.623229,-0.326828,0.132049,-0.659525,-0.145676,0.196581,-0.519827,-0.294686,-0.163027,0.225924,0.294128,0.0826974,0.213872,-0.49505,-0.130773,0.025879,-0.191882,0.289871,-0.0903795,0.0890205,0.259831,0.770331,0.273452,0.29093,-0.203616,0.103439,0.0969344,-0.0642407
0.16,0.0313227,0.0860266,0.00419504,-0.337896,-0.143637,0.141983,0.0917165,0.669244,-0.260394,0.327426,0.228521,0.906098,-0.13617,0.761692,-0.0219491,-0.311702,0.125744,0.0647934,0.254503,0.0200679,-0.851845,0.0892358,0.550498,-0.469998,0.485465,0.0348541,-0.220554,0.0698557,-0.610141,-0.546288,0.111553,-0.0902901,-0.224879,0.478865,-0.0799905,0.129639,-0.0519982,0.33877,-0.0349822,0.688753,-0.4639,0.129771,0.350204,0.123789,-0.0646917,0.242268,-0.146666,0.455868,0.65709,0.309421,-0.422383,0.189839,-0.127102,0.0559847,-0.610419,-0.0954624,-0.20041,-0.205912,0.284316,0.174549,-0.409659,0.358362,0.42622,-0.69927,-0.457957,-0.0880971,-0.0313355,-0.16418,0.614457,-0.483697,-0.638597,-0.728506,0.584306,-0.299567,0.143345,-0.689222,-0.128806,0.216365,-0.430857,-0.352431,-0.108383,0.225722,0.389008,0.0772616,0.20173,-0.394398,-0.121735,0.0398228,-0.191793,0.328997,-0.0848356,0.0931993,0.291663,0.83685,0.214372,0.284261,-0.294686,0.147684,0.102706,-0.0729774
0.162,0.0498376,0.155145,-0.0106196,-0.344335,-0.209427,0.171139,0.0690966,0.557317,-0.228372,0.287869,0.231728,0.874814,-0.137282,0.76161,-0.0427875,-0.305295,0.162624,0.114754,0.257081,0.0134539,-0.847706,0.120705,0.485423,-0.445128,0.519851,-0.0210393,-0.193292,0.0035349,-0.596112,-0.529041,0.137533,-0.0692439,-0.257457,0.497692,-0.134363,0.104883,-0.0139427,0.293559,0.0224186,0.696015,-0.439321,0.133867,0.382679,0.112793,-0.00701221,0.270232,-0.153346,0.396596,0.666519,0.298138,-0.419676,0.173659,-0.125944,0.0316604,-0.651064,-0.15878,-0.226359,-0.206861,0.309299,0.163668,-0.381379,0.393268,0.479748,-0.627186,-0.543841,-0.144161,-0.0754246,-0.0398642,0.554415,-0.476885,-0.67511,-0.677596,0.577577,-0.328084,0.194713,-0.633744,-0.0675644,0.218293,-0.443447,-0.303705,-0.0717378,0.240926,0.396253,0.12286,0.252003,-0.408707,-0.0370415,0.00452321,-0.19342,0.316939,-0.0371699,0.05365,0.309347,0.797781,0.189682,0.27933,-0.278848,0.195211,0.192483,-0.163779
0.164,0.0693696,0.0988372,0.0477746,-0.320836,-0.255219,0.141667,0.131828,0.505429,-0.268128,0.324729,0.238299,0.9471,-0.249312,0.798332,-0.0575188,-0.29683,0.125963,0.144754,0.279833,0.0436739,-0.840547,0.146007,0.51185,-0.378355,0.48523,-0.0727429,-0.170422,-0.0490239,-0.574356,-0.499659,0.124671,-0.107334,-0.180022,0.524131,-0.141456,0.0607452,0.000431926,0.307207,-0.0138448,0.678044,-0.331984,0.137819,0.440777,0.0272717,-0.0144599,0.200335,-0.130969,0.357853,0.625191,0.289127,-0.395741,0.0911313,-0.109704,0.0106565,-0.692902,-0.182651,-0.159488,-0.167352,0.255826,0.0769157,-0.413029,0.339952,0.382036,-0.620091,-0.548554,-0.107462,-0.0421764,-0.0717086,0.594039,-0.467216,-0.71034,-0.651589,0.647272,-0.331288,0.290523,-0.588868,-0.145148,0.214305,-0.413046,-0.309387,-0.0600208,0.207491,0.318869,0.0984342,0.339339,-0.405115,-0.00332756,0.00179167,-0.187068,0.269799,0.0278901,0.0745373,0.319321,0.755233,0.178278,0.231836,-0.217111,0.129121,0.202801,-0.180126
0.166,0.0681233,0.0849552,-0.0248437,-0.36753,-0.316891,0.143739,0.102961,0.517592,-0.31659,0.359846,0.261652,0.946705,-0.247698,0.895005,-0.0926097,-0.309791,0.131856,0.178191,0.258341,0.0141799,-0.918374,0.0787558,0.527889,-0.369157,0.47301,-0.17769,-0.146707,-0.0277618,-0.582329,-0.542085,0.0508109,-0.0719033,-0.177206,0.537224,-0.107179,0.0231348,-0.0485914,0.2884,0.000704061,0.605629,-0.415058,0.199756,0.376336,0.0501359,-0.0217752,0.229223,-0.168128,0.411398,0.625145,0.379732,-0.438437,0.0673599,-0.0978993,0.033061,-0.601202,-0.197072,-0.00525203,-0.168599,0.263684,-0.0365332,-0.386217,0.355926,0.416438,-0.707209,-0.577073,-0.144409,-0.0589202,-0.0857506,0.615313,-0.445985,-0.803852,-0.711842,0.641629,-0.380005,0.312928,-0.579983,-0.116054,0.246639,-0.424383,-0.363319,-0.0727748,0.14989,0.31031,0.113138,0.375778,-0.4102,0.0142023,-0.0335764,-0.197966,0.28454,0.015557,0.0733091,0.27801,0.735635,0.206345,0.189466,-0.209096,0.13125,0.308812,-0.144987
0.168,0.138034,0.0321817,-0.00636818,-0.328937,-0.308639,0.0854783,0.112026,0.52855,-0.303739,0.29773,0.200618,1.0041,-0.155091,0.836915,-0.112867,-0.337928,0.157634,0.196235,0.222599,0.0888398,-1.00174,0.0629367,0.531013,-0.334039,0.505837,-0.161707,-0.110897,-0.052457,-0.581408,-0.532569,0.13218,-0.0260922,-0.224874,0.590946,-0.168603,0.0164831,0.000789105,0.241643,0.00137351,0.626898,-0.509883,0.151592,0.427803,-0.0138382,0.050555,0.268534,-0.147702,0.411179,0.64681,0.348947,-0.446764,-0.0324331,-0.101419,-0.0426632,-0.594444,-0.19613,0.0701595,-0.231514,0.274021,-0.090755,-0.427072,0.410278,0.454376,-0.728576,-0.595941,-0.0961994,-0.0253813,-0.0858781,0.639163,-0.501126,-0.7733,-0.773651,0.685521,-0.410564,0.279892,-0.553691,-0.168382,0.183527,-0.397662,-0.354212,-0.0820521,0.150527,0.307357,0.107596,0.337321,-0.370452,-0.00899772,-0.0034242,-0.231982,0.333911,-0.0154996,0.0155206,0.298879,0.72484,0.14981,0.252564,-0.285549,0.127161,0.309762,-0.186665
0.17,0.0515113,0.01436,0.0127002,-0.329306,-0.219581,0.138667,0.0768426,0.533004,-0.275148,0.323499,0.227907,0.880531,-0.104613,0.834887,0.00800282,-0.336692,0.127699,0.151993,0.271304,0.0705142,-1.08104,0.0486224,0.550451,-0.308563,0.490628,-0.169301,-0.0454419,-0.0138304,-0.618311,-0.587899,0.222791,-0.0296014,-0.260217,0.593639,-0.129118,-0.028532,-0.0769562,0.206994,-0.0629977,0.618479,-0.606864,0.118767,0.426443,0.0146546,0.0349556,0.242058,-0.16508,0.431517,0.620056,0.286526,-0.401996,0.0172184,-0.12113,-0.099897,-0.653131,-0.20526,0.161986,-0.279769,0.213117,-0.0667108,-0.428797,0.480146,0.355795,-0.729855,-0.589078,-0.0556691,-0.0481252,-0.0259816,0.655425,-0.496414,-0.827445,-0.749579,0.650759,-0.396667,0.280344,-0.628446,-0.148624,0.157149,-0.39178,-0.377204,-0.181901,0.145814,0.249647,0.158874,0.384006,-0.320165,-0.0322034,0.0249147,-0.185575,0.260338,-0.0395563,0.0421642,0.314632,0.736774,0.094348,0.187852,-0.268663,0.102256,0.282394,-0.175089
0.172,0.00926188,0.0452811,0.0558233,-0.311757,-0.141565,0.146521,0.0914786,0.524276,-0.253902,0.413647,0.236401,0.894565,-0.147035,0.836268,0.0478188,-0.411008,0.128373,0.104042,0.300706,0.0830814,-1.12901,0.15545,0.597148,-0.353149,0.49387,-0.154396,-0.0152981,0.0215751,-0.672299,-0.563111,0.164464,-0.0706645,-0.305741,0.624603,-0.188194,-0.00982788,-0.0304735,0.238979,-0.0297321,0.648799,-0.539989,0.068538,0.375283,0.00775862,0.01017,0.305205,-0.134006,0.406017,0.619731,0.307592,-0.404715,-0.0762332,-0.218513,-0.0981723,-0.624377,-0.16653,0.134452,-0.29987,0.155702,-0.138054,-0.384857,0.410806,0.319015,-0.690231,-0.593157,-0.0737307,-6.28076e-05,-0.0313959,0.572803,-0.506986,-0.826848,-0.785067,0.722179,-0.312566,0.281608,-0.63052,-0.14552,0.230402,-0.391414,-0.401047,-0.267819,0.221992,0.287766,0.0546645,0.33161,-0.34221,-0.0770889,-0.0398812,-0.149978,0.247978,-0.0608271,0.0657611,0.368601,0.731275,0.107348,0.17124,-0.223422,0.0834832,0.256988,-0.231856
0.174,0.00569936,0.0416518,-0.00993306,-0.260844,-0.171893,0.136471,0.138267,0.497386,-0.297427,0.428298,0.191424,0.885292,-0.111779,0.866527,0.0269458,-0.37545,0.100485,0.0693762,0.241721,0.0409382,-1.21372,0.127361,0.613777,-0.310743,0.42588,-0.188253,0.0261847,0.00552601,-0.677344,-0.612499,0.135267,-0.158107,-0.407462,0.623617,-0.177164,0.0319857,-0.0265846,0.149912,-0.051514,0.63884,-0.546552,0.146595,0.409305,-0.0179947,-0.0515781,0.308131,-0.130948,0.466143,0.612307,0.339579,-0.416548,-0.103755,-0.163047,-0.0557197,-0.613133,-0.3134,0.203479,-0.252559,0.141356,-0.150942,-0.45944,0.433608,0.268297,-0.755955,-0.640711,-0.0954514,-0.0503747,0.00253423,0.545406,-0.537837,-0.75523,-0.794165,0.762729,-0.405983,0.256078,-0.617577,-0.117954,0.243843,-0.278636,-0.375444,-0.176628,0.19436,0.325025,0.08473,0.338631,-0.32848,0.00055534,0.00615189,-0.168493,0.186649,0.000675161,0.13977,0.410547,0.738204,0.106345,0.172284,-0.105285,0.0941254,0.28973,-0.246016
0.176,-0.00612645,0.0171792,0.00409316,-0.353194,-0.154415,0.146233,0.164907,0.486847,-0.299841,0.473177,0.228895,0.912083,-0.174225,0.890542,0.00696867,-0.377763,0.0921179,0.0972075,0.196018,0.0456987,-1.2676,0.0883532,0.649732,-0.35217,0.451355,-0.166666,-0.0275332,-0.00733715,-0.647147,-0.644124,0.118972,-0.175486,-0.459938,0.638421,-0.134155,0.04387,-0.0603722,0.137771,0.00107981,0.679732,-0.480322,0.192714,0.374136,0.0444018,-0.0881584,0.243009,-0.172364,0.477083,0.558832,0.375888,-0.309708,-0.0351256,-0.154902,-0.119894,-0.573759,-0.298622,0.247171,-0.177793,0.114135,-0.168739,-0.48134,0.446544,0.336188,-0.718918,-0.695354,-0.0500232,-0.0900211,-0.0705009,0.565585,-0.569448,-0.800641,-0.727212,0.728243,-0.418515,0.216717,-0.605699,-0.150127,0.186579,-0.240984,-0.340537,-0.222048,0.211641,0.324836,0.064284,0.27461,-0.35081,-0.032038,-0.0118832,-0.154475,0.167761,-0.0527354,0.161083,0.397525,0.749169,0.094052,0.226103,-0.0865356,0.108234,0.297156,-0.286724
0.178,-0.0381863,0.0882286,0.0241326,-0.344793,-0.209015,0.202122,0.220708,0.497739,-0.332852,0.454678,0.232857,0.879393,-0.190778,0.855817,0.0504272,-0.418281,0.123344,0.130779,0.258221,0.0608373,-1.16924,0.0763806,0.717336,-0.354097,0.459765,-0.23763,-0.0445654,-0.10406,-0.580359,-0.643724,0.133954,-0.226139,-0.503584,0.560391,-0.116829,0.0472028,-0.0436574,0.125012,-0.0748683,0.704734,-0.412036,0.258896,0.449807,0.0242927,-0.156308,0.28853,-0.151716,0.478007,0.534463,0.429367,-0.359357,-0.106349,-0.17952,-0.140714,-0.513511,-0.390167,0.250268,-0.202618,0.123367,-0.111908,-0.448341,0.418301,0.329365,-0.752189,-0.704899,-0.0451421,-0.0338062,-0.016384,0.498444,-0.537498,-0.774922,-0.769229,0.749361,-0.454566,0.277952,-0.568507,-0.196175,0.197562,-0.214757,-0.324534,-0.243072,0.222524,0.224332,-0.0023235,0.324778,-0.379197,-0.0564806,0.014162,-0.185123,0.14357,-0.0640724,0.213976,0.377637,0.731549,0.0362188,0.161999,-0.0593364,0.0971403,0.338509,-0.27152
0.18,-0.0179433,0.0179013,-0.00286256,-0.432769,-0.20735,0.19351,0.138774,0.490936,-0.274265,0.393245,0.263879,0.872303,-0.295338,0.778757,-0.0215256,-0.456152,0.139744,0.184543,0.243659,0.0662588,-1.13781,0.0819366,0.670821,-0.27962,0.513103,-0.216489,-0.10852,-0.115175,-0.637197,-0.695796,0.0937785,-0.24742,-0.594521,0.519072,-0.0897822,0.0524504,-0.0729906,0.104903,-0.0561878,0.704408,-0.376825,0.230941,0.455618,0.0582309,-0.0967339,0.267786,-0.221378,0.461579,0.511878,0.465708,-0.395524,-0.167685,-0.232891,-0.207179,-0.549922,-0.382302,0.251963,-0.174549,0.143893,-0.0687969,-0.444624,0.469441,0.349589,-0.771431,-0.636835,-0.0432101,-0.0097594,-0.0470306,0.480375,-0.548482,-0.772506,-0.818306,0.8194,-0.444699,0.299387,-0.608112,-0.234044,0.226008,-0.285139,-0.312687,-0.259393,0.222475,0.295308,0.0434227,0.343701,-0.452974,-0.0354341,-0.0558355,-0.211736,0.0423705,-0.0394559,0.199466,0.263457,0.729721,0.0425566,0.147216,-0.0403048,0.121416,0.407414,-0.262234
0.182,-0.0741538,-0.00503692,-0.030736,-0.303245,-0.287292,0.138564,0.259839,0.468174,-0.251644,0.409033,0.336624,0.899538,-0.315456,0.728871,-0.040538,-0.435746,0.16793,0.128908,0.224213,0.0850992,-1.12865,0.109185,0.651726,-0.240514,0.514443,-0.262138,-0.0311751,-0.195343,-0.724766,-0.686348,0.130569,-0.262244,-0.608223,0.534052,-0.147261,0.0758828,-0.111644,0.0953691,-0.0243348,0.688946,-0.383494,0.193091,0.419446,0.11345,-0.0922327,0.215063,-0.192333,0.461309,0.487574,0.390144,-0.343836,-0.141254,-0.253005,-0.195803,-0.476906,-0.40804,0.304515,-0.169253,0.055378,-0.0547622,-0.479632,0.522357,0.357943,-0.748962,-0.571536,-0.0644566,-0.0033636,-0.0226317,0.447682,-0.579776,-0.808323,-0.855133,0.810249,-0.421802,0.370948,-0.555399,-0.279375,0.181923,-0.314468,-0.349779,-0.322642,0.199509,0.295016,-0.00673994,0.351997,-0.456915,0.000472385,-0.082077,-0.17914,-0.0144679,-0.0210271,0.152742,0.338644,0.680796,0.0445215,0.258328,-0.00753049,0.173062,0.413978,-0.181627
0.184,-0.116831,0.0229074,0.0629121,-0.270624,-0.298129,0.108816,0.299168,0.458848,-0.312493,0.479003,0.308254,0.858876,-0.275206,0.67242,-0.0451823,-0.433643,0.23286,0.164511,0.241592,0.180318,-1.14628,0.0540817,0.64751,-0.179188,0.582652,-0.261555,-0.0266029,-0.213458,-0.657173,-0.717726,0.142691,-0.233206,-0.660588,0.637413,-0.151263,0.110573,-0.174835,0.142394,-0.0217426,0.614831,-0.474862,0.224147,0.37936,0.12371,-0.0370275,0.199598,-0.240955,0.431621,0.423324,0.392814,-0.377112,-0.120876,-0.366865,-0.198921,-0.528508,-0.399446,0.279406,-0.224087,0.156748,-0.073503,-0.528678,0.51556,0.339015,-0.714654,-0.621904,-0.109867,0.00839331,-0.0303654,0.440901,-0.59403,-0.811049,-0.796522,0.803465,-0.461747,0.358102,-0.517928,-0.32789,0.196894,-0.245542,-0.416528,-0.310064,0.184706,0.391035,-0.0124536,0.283531,-0.425951,-0.0865214,-0.0579478,-0.16522,-0.0529901,-0.0615991,0.193813,0.338157,0.7009,0.0201179,0.289092,-0.0090132,0.176678,0.405872,-0.167193
0.186,-0.165034,0.0630852,0.0958258,-0.274861,-0.201803,0.0322061,0.275912,0.397484,-0.325415,0.466243,0.297163,0.946065,-0.297795,0.660033,-0.017769,-0.463287,0.232274,0.152838,0.156361,0.200865,-1.09885,0.0482435,0.651248,-0.17397,0.59875,-0.22566,0.00423223,-0.196876,-0.600319,-0.734954,0.118272,-0.294351,-0.719835,0.690965,-0.147402,0.128915,-0.166038,0.173714,-0.014391,0.619572,-0.47238,0.270702,0.425753,0.0578591,-0.0237423,0.206923,-0.197706,0.422639,0.448397,0.409152,-0.379045,-0.0889909,-0.393114,-0.181817,-0.488645,-0.399449,0.219877,-0.212835,0.168126,-0.0596951,-0.573453,0.533233,0.342585,-0.716109,-0.602968,-0.11078,0.0298165,-0.0825831,0.469973,-0.51755,-0.804025,-0.770053,0.797536,-0.474921,0.381446,-0.488975,-0.253356,0.188674,-0.222512,-0.43514,-0.253535,0.19116,0.455831,0.0889875,0.281825,-0.428865,-0.0985106,-0.10583,-0.156064,-0.0583442,-0.0841722,0.252654,0.369041,0.658437,-0.0356682,0.300135,-0.0439567,0.139284,0.436538,-0.217576
0.188,-0.137338,-0.0256609,0.0405591,-0.356572,-0.249107,-0.0539384,0.271936,0.296206,-0.326623,0.412463,0.304183,0.88271,-0.347717,0.651424,-0.047626,-0.482827,0.281601,0.139085,0.0727808,0.260303,-1.1206,0.0860417,0.603761,-0.212533,0.582528,-0.191848,0.0157812,-0.203115,-0.621507,-0.814694,0.132816,-0.256829,-0.6515,0.597212,-0.173034,0.103753,-0.162193,0.210869,-0.0631203,0.648834,-0.494222,0.33574,0.426263,0.0568905,0.0223388,0.264535,-0.257989,0.48271,0.467667,0.409088,-0.338145,-0.118036,-0.413044,-0.142907,-0.529242,-0.402639,0.242027,-0.233099,0.235889,-0.0468607,-0.549533,0.534575,0.358402,-0.785809,-0.574983,-0.131021,-0.03209,-0.0423955,0.455505,-0.487137,-0.772801,-0.793499,0.8222,-0.486601,0.36393,-0.490148,-0.216682,0.134423,-0.229612,-0.421212,-0.177105,0.183312,0.48121,0.0923126,0.308591,-0.524432,-0.0945842,-0.133787,-0.0999759,-0.0330665,-0.135443,0.296814,0.382195,0.763853,-0.0484868,0.233232,-0.0254306,0.0933153,0.44958,-0.22902
0.19,-0.160428,-0.0665334,0.0108858,-0.426147,-0.214155,-0.00890802,0.237144,0.220449,-0.303548,0.385977,0.298381,0.894958,-0.416075,0.626172,-0.0618768,-0.59415,0.334315,0.0110429,0.0884561,0.270253,-1.12237,0.0186062,0.568925,-0.164204,0.56555,-0.186741,-0.00836464,-0.312637,-0.636963,-0.77776,0.121975,-0.281387,-0.704489,0.525346,-0.172863,0.0458397,-0.128134,0.133067,-0.0136512,0.556686,-0.563558,0.375566,0.550025,0.104291,-0.0137541,0.280144,-0.27072,0.52806,0.431501,0.433586,-0.30956,-0.101273,-0.412432,-0.113259,-0.541922,-0.384035,0.218038,-0.277454,0.287021,-0.0545573,-0.513722,0.549409,0.272413,-0.786553,-0.615349,-0.170397,-0.070824,-0.0514456,0.488499,-0.46337,-0.844749,-0.715592,0.824446,-0.521735,0.326003,-0.447948,-0.22142,0.0889225,-0.244282,-0.445864,-0.147112,0.234958,0.440107,0.0891672,0.310845,-0.510211,-0.120507,-0.131159,-0.0986531,-0.0670415,-0.101192,0.2344,0.338301,0.748687,-0.0597242,0.277166,-0.0377504,0.0980393,0.4979,-0.229719
0.192,-0.19879,0.0319089,0.0299759,-0.411389,-0.211262,-0.0152158,0.246228,0.276392,-0.353838,0.397567,0.331244,0.918224,-0.410239,0.623705,-0.107198,-0.54397,0.305739,0.0327221,0.104607,0.313688,-1.09245,0.0525036,0.519858,-0.216219,0.572205,-0.144786,-0.00987411,-0.332045,-0.636151,-0.785753,0.168636,-0.153371,-0.703513,0.630361,-0.129558,0.0190694,-0.146657,0.137863,-0.00494029,0.518183,-0.52837,0.315298,0.621335,0.0989795,-0.0521845,0.317651,-0.318222,0.500146,0.535444,0.342502,-0.303114,-0.0619299,-0.350988,-0.123338,-0.567477,-0.363251,0.251907,-0.20747,0.299036,-0.0710308,-0.559366,0.580805,0.310757,-0.808583,-0.642785,-0.237022,-0.161844,-0.0938512,0.529177,-0.54543,-0.836441,-0.672769,0.772622,-0.444126,0.371076,-0.44178,-0.206482,0.0670466,-0.2649,-0.443347,-0.146196,0.274901,0.408731,0.152929,0.268722,-0.480637,-0.0990011,-0.204835,-0.0938525,-0.0817996,-0.142865,0.211649,0.360647,0.793452,-0.0681438,0.349146,-0.0533754,0.0692491,0.51721,-0.213411
0.194,-0.141452,0.0362717,0.131631,-0.388238,-0.206407,-0.0304876,0.173062,0.236551,-0.384809,0.354191,0.251767,0.878487,-0.466877,0.584698,-0.174097,-0.487223,0.300241,0.0609277,0.0872893,0.290638,-1.08943,0.0889759,0.514846,-0.110866,0.565123,-0.096634,-0.121725,-0.369775,-0.610869,-0.76573,0.164203,-0.167325,-0.746277,0.543097,-0.0755852,0.0538041,-0.230422,0.124057,-0.0313191,0.545686,-0.519957,0.29486,0.669573,0.193509,-0.0746467,0.307792,-0.296166,0.579696,0.495496,0.360117,-0.350334,-0.194727,-0.309117,-0.172541,-0.628542,-0.42281,0.177983,-0.204001,0.260477,-0.151798,-0.637393,0.557116,0.309962,-0.841446,-0.65734,-0.223531,-0.207857,-0.0584406,0.496122,-0.563507,-0.819276,-0.699304,0.825427,-0.424522,0.357447,-0.448368,-0.198869,0.0158027,-0.292222,-0.428707,-0.0837053,0.236446,0.400233,0.20284,0.270111,-0.493914,-0.202597,-0.196826,-0.0119861,-0.163225,-0.135721,0.129673,0.329633,0.828223,-0.024723,0.304462,-0.0459736,0.0942011,0.517708,-0.232689
0.196,-0.219096,-0.0187056,0.083358,-0.30943,-0.255943,-0.0255955,0.213391,0.250105,-0.330138,0.315016,0.214023,0.914891,-0.490304,0.618306,-0.177511,-0.567987,0.250686,0.0876177,0.0565846,0.291796,-1.08648,0.103698,0.538067,-0.157958,0.585231,-0.0776305,-0.141903,-0.418854,-0.576544,-0.714801,0.182159,-0.201783,-0.779678,0.556774,-0.0305844,0.0489884,-0.26884,0.0872803,-0.0661707,0.521349,-0.501749,0.273042,0.698274,0.175061,-0.0415546,0.27279,-0.302773,0.539249,0.545735,0.337255,-0.360841,-0.254569,-0.291788,-0.259324,-0.652828,-0.417737,0.192067,-0.166839,0.197385,-0.155564,-0.670784,0.635887,0.313006,-0.806731,-0.631535,-0.25284,-0.331416,-0.112198,0.538182,-0.55099,-0.789309,-0.719639,0.853234,-0.374674,0.30251,-0.537653,-0.202378,-0.00080333,-0.257999,-0.408093,-0.0793331,0.185856,0.363601,0.273078,0.237366,-0.541158,-0.217806,-0.278078,-0.0475628,-0.207197,-0.081948,0.139038,0.300814,0.884009,-0.0381133,0.269107,-0.0849072,0.0514345,0.527833,-0.214637
0.198,-0.148297,-0.0118358,0.166206,-0.350496,-0.311907,-0.0181641,0.181036,0.279377,-0.307752,0.249481,0.206534,0.94418,-0.475582,0.618279,-0.139645,-0.552715,0.247804,0.157981,0.097018,0.262185,-1.04865,0.0970255,0.577152,-0.19521,0.601718,-0.0146025,-0.0967774,-0.409533,-0.612871,-0.743163,0.11596,-0.26454,-0.805994,0.59153,0.00335162,0.0280434,-0.380081,0.0284562,-0.0729966,0.477248,-0.491174,0.199217,0.766485,0.26991,-0.0394747,0.322085,-0.274627,0.586071,0.645641,0.432722,-0.421378,-0.334811,-0.309431,-0.254631,-0.711306,-0.468514,0.181301,-0.11437,0.168118,-0.177035,-0.67712,0.618554,0.299144,-0.771127,-0.623995,-0.221616,-0.389288,-0.106523,0.538512,-0.60446,-0.715929,-0.702429,0.799565,-0.384382,0.293423,-0.456947,-0.191781,-0.0418332,-0.294969,-0.376112,-0.105593,0.135792,0.345562,0.329234,0.265169,-0.51893,-0.210864,-0.234041,-0.054892,-0.160725,-0.039508,0.147887,0.341396,0.874229,-0.0108641,0.229368,-0.115832,0.0920299,0.57198,-0.230489
0.2,-0.132769,0.0037359,0.222712,-0.336832,-0.243421,0.0424439,0.217109,0.275274,-0.23947,0.215158,0.193004,0.915607,-0.483375,0.625848,-0.166421,-0.639472,0.182199,0.167147,0.078166,0.326512,-1.07442,-0.0311573,0.564077,-0.190044,0.649974,-0.0413413,-0.202782,-0.389126,-0.685523,-0.711664,0.114878,-0.259716,-0.795295,0.586252,0.0403229,0.0685121,-0.422628,0.113943,-0.0965616,0.527754,-0.517558,0.207122,0.826468,0.214913,-0.0143403,0.262661,-0.231519,0.665815,0.702409,0.438507,-0.400251,-0.290955,-0.311374,-0.360992,-0.722841,-0.469056,0.287583,-0.145627,0.308421,-0.239089,-0.627393,0.661887,0.306159,-0.810875,-0.654673,-0.303684,-0.423178,-0.132726,0.573665,-0.611139,-0.713801,-0.755541,0.832336,-0.396815,0.235222,-0.449416,-0.142019,-0.0827811,-0.287113,-0.339718,-0.0880609,0.191968,0.342434,0.373257,0.302091,-0.447499,-0.149542,-0.218319,-0.0689368,-0.168159,-0.00703147,0.124779,0.271725,0.83404,-0.00840923,0.230714,-0.147989,0.168051,0.528883,-0.265409
0.202,-0.147854,-0.0381145,0.24207,-0.409063,-0.278756,0.0719235,0.277172,0.243145,-0.243686,0.165053,0.112011,1.00554,-0.449127,0.582038,-0.199879,-0.63195,0.259175,0.253899,0.106293,0.326593,-1.09613,-0.0769422,0.500396,-0.110394,0.623051,0.101576,-0.191736,-0.359048,-0.667318,-0.737735,0.20515,-0.252593,-0.817064,0.646404,0.0454442,0.0394945,-0.422033,0.166697,-0.123194,0.475651,-0.542359,0.187046,0.822619,0.170849,-0.109511,0.245028,-0.217879,0.720885,0.741804,0.42901,-0.396305,-0.314772,-0.316816,-0.368837,-0.799998,-0.428196,0.278647,-0.0844379,0.188112,-0.280677,-0.559196,0.705933,0.283578,-0.768359,-0.678655,-0.278105,-0.403376,-0.188764,0.655033,-0.626752,-0.734604,-0.681203,0.844784,-0.445579,0.229122,-0.468819,-0.163947,-0.0793695,-0.261797,-0.320965,-0.0809424,0.217854,0.386599,0.426113,0.302418,-0.482081,-0.10167,-0.220969,0.0142022,-0.109998,0.0390059,0.11285,0.282481,0.827657,0.0377795,0.214428,-0.153782,0.0926548,0.489441,-0.233265
0.204,-0.261873,-0.0762497,0.286551,-0.511718,-0.269825,0.0405909,0.247974,0.216109,-0.208696,0.0772907,0.0870104,1.00568,-0.42177,0.571239,-0.15009,-0.61404,0.323314,0.238037,0.112004,0.281071,-1.09246,-0.0442624,0.558081,-0.204516,0.67971,0.0855781,-0.198248,-0.323736,-0.68151,-0.733788,0.20522,-0.287763,-0.880933,0.620593,0.0256547,0.117028,-0.516347,0.152278,-0.160488,0.512192,-0.495635,0.196067,0.733213,0.236471,-0.0766515,0.301382,-0.159869,0.789359,0.682107,0.469893,-0.336237,-0.263675,-0.307683,-0.380367,-0.880049,-0.492257,0.2608,-0.0527454,0.234382,-0.256068,-0.568277,0.705608,0.244257,-0.67867,-0.717958,-0.336633,-0.413625,-0.159212,0.650894,-0.66935,-0.727651,-0.746407,0.86941,-0.400911,0.283845,-0.411186,-0.216251,-0.00529523,-0.314284,-0.315772,-0.103555,0.134845,0.382054,0.546553,0.382202,-0.524733,-0.176626,-0.194871,0.0656681,-0.125264,0.0646174,0.155456,0.295084,0.862326,-0.0271194,0.244538,-0.138172,0.147763,0.549996,-0.249919
0.206,-0.342874,-0.0931516,0.341446,-0.470735,-0.291244,-0.0205885,0.209024,0.240399,-0.226899,0.071126,0.0411881,0.985466,-0.430003,0.470572,-0.127104,-0.628209,0.229523,0.260052,0.111968,0.268086,-1.11193,-0.0034854,0.520559,-0.255798,0.738352,0.117479,-0.195111,-0.287051,-0.661809,-0.76218,0.220309,-0.308506,-0.841103,0.589502,0.0387061,0.0386396,-0.542017,0.122884,-0.159154,0.447024,-0.522222,0.307566,0.700025,0.230264,-0.0385276,0.347883,-0.103411,0.847797,0.7489,0.461836,-0.267102,-0.326877,-0.293253,-0.388982,-0.842994,-0.416395,0.22309,-0.0205955,0.217711,-0.210108,-0.556234,0.658603,0.188204,-0.662305,-0.639671,-0.275971,-0.375639,-0.136424,0.622969,-0.622584,-0.775877,-0.802461,0.899146,-0.399302,0.263073,-0.389443,-0.168469,0.0400058,-0.375451,-0.249246,-0.178248,0.172799,0.402445,0.598922,0.375256,-0.536926,-0.181609,-0.222813,0.0912542,-0.0879754,0.172948,0.151207,0.371804,0.894362,-0.0706394,0.21508,-0.150844,0.0953261,0.559693,-0.246917
0.208,-0.319279,-0.082127,0.27071,-0.464753,-0.344682,0.0446876,0.189894,0.312112,-0.188081,0.113102,0.0583472,0.918622,-0.536994,0.518754,-0.084677,-0.638759,0.230726,0.283372,0.134108,0.202517,-1.07652,-0.057213,0.587182,-0.281155,0.785271,0.146318,-0.107082,-0.323103,-0.696058,-0.682404,0.273412,-0.236481,-0.882705,0.52689,0.034038,0.00695101,-0.611434,0.129277,-0.0990414,0.484633,-0.514163,0.347858,0.717808,0.171161,-0.105728,0.379262,-0.106764,0.818145,0.80727,0.480075,-0.255445,-0.353992,-0.302478,-0.383495,-0.837487,-0.413267,0.287156,-0.0269073,0.135491,-0.227279,-0.5513,0.663565,0.155234,-0.690703,-0.619998,-0.283218,-0.394677,-0.12489,0.593095,-0.583383,-0.785544,-0.850898,0.852518,-0.469199,0.22791,-0.345478,-0.140599,0.0416167,-0.386009,-0.193506,-0.202893,0.16035,0.466946,0.70796,0.378598,-0.485489,-0.158834,-0.174156,0.0958262,-0.0856084,0.142572,0.0729095,0.409813,0.905916,-0.0307316,0.206935,-0.198952,0.087088,0.506869,-0.229862
0.21,-0.326253,-0.11475,0.353485,-0.521057,-0.421759,0.00476027,0.156078,0.227652,-0.168577,0.067966,0.0571419,0.907616,-0.654547,0.479765,-0.148527,-0.710278,0.313386,0.259814,0.152721,0.271431,-1.06957,-0.0183322,0.526426,-0.210343,0.769968,0.101602,-0.0784628,-0.233224,-0.628741,-0.721212,0.240234,-0.234742,-0.940176,0.537529,0.0485432,-0.040358,-0.62993,0.0892284,-0.00980729,0.499373,-0.617501,0.414849,0.717607,0.242088,-0.130203,0.341405,-0.104149,0.777955,0.849294,0.479145,-0.290113,-0.388113,-0.326851,-0.326589,-0.755421,-0.437075,0.326639,-0.0412049,0.190423,-0.253432,-0.616229,0.605012,0.156579,-0.728951,-0.661563,-0.284249,-0.404678,-0.114358,0.631453,-0.583051,-0.845813,-0.854977,0.893935,-0.513395,0.21448,-0.353555,-0.0718566,-0.0128799,-0.457967,-0.143885,-0.22348,0.161438,0.388127,0.698446,0.341368,-0.48173,-0.192108,-0.242099,0.0170495,-0.0777471,0.208167,-0.0530782,0.458381,0.91413,-0.0693932,0.224469,-0.207329,0.148909,0.480443,-0.311295
0.212,-0.269882,-0.177174,0.391354,-0.467006,-0.409601,-0.0523847,0.140241,0.198461,-0.151156,0.0999102,0.0522744,0.879131,-0.699305,0.515114,-0.147415,-0.653878,0.339626,0.206047,0.154673,0.187454,-1.06428,-0.0648968,0.489407,-0.220282,0.720347,0.151959,-0.0758626,-0.208792,-0.661279,-0.763811,0.208433,-0.134856,-0.977665,0.538826,0.0419615,-0.046512,-0.553861,0.117608,0.0334939,0.548197,-0.560612,0.426098,0.685944,0.231596,-0.188926,0.259451,-0.043796,0.751712,0.825938,0.51603,-0.227125,-0.459773,-0.37295,-0.354305,-0.786138,-0.44621,0.37628,-0.0199807,0.203836,-0.216652,-0.683951,0.597733,0.284327,-0.704248,-0.740773,-0.194443,-0.431326,-0.00763471,0.672736,-0.583106,-0.828772,-0.913819,0.941745,-0.553994,0.207595,-0.333913,-0.0279202,0.0696679,-0.448412,-0.188543,-0.250115,0.0743106,0.429753,0.723128,0.328619,-0.442006,-0.292641,-0.246051,-0.026974,-0.0488043,0.227806,-0.0941395,0.420268,0.92684,-0.0680329,0.285093,-0.163471,0.0489416,0.522087,-0.351599
0.214,-0.359211,-0.123193,0.456526,-0.461111,-0.423835,-0.0607767,0.145937,0.174322,-0.161865,0.0673562,0.119756,0.879946,-0.653991,0.611034,-0.170515,-0.704755,0.306473,0.17765,0.173082,0.183563,-1.09616,-0.0981655,0.530013,-0.206332,0.744168,0.135091,-0.0542392,-0.199134,-0.655942,-0.767453,0.18724,-0.0948919,-0.902916,0.489083,-0.0432148,-0.0215614,-0.506493,0.0545752,0.0772279,0.530748,-0.560294,0.442885,0.644964,0.339909,-0.253486,0.208519,0.0171293,0.697176,0.79903,0.519796,-0.230912,-0.427634,-0.356356,-0.406855,-0.788515,-0.463061,0.34108,-0.0135117,0.100087,-0.223342,-0.675151,0.647913,0.237933,-0.697933,-0.808566,-0.162799,-0.464958,0.0287889,0.68113,-0.512973,-0.842714,-0.948892,0.963794,-0.493427,0.291826,-0.3301,-0.0722012,0.00503891,-0.440681,-0.203765,-0.257116,0.169734,0.304842,0.696328,0.367926,-0.397276,-0.364239,-0.275142,0.00286572,-0.095544,0.187638,-0.190582,0.419681,0.918794,-0.0185981,0.329464,-0.237447,0.060468,0.481652,-0.315655
0.216,-0.385416,-0.0793262,0.481282,-0.462796,-0.362272,-0.0944581,0.0894315,0.169632,-0.136024,0.0753141,0.169743,0.852305,-0.756712,0.625973,-0.135992,-0.674466,0.261805,0.196082,0.115597,0.210058,-1.08403,-0.152817,0.439546,-0.180799,0.736352,0.160174,-0.00471367,-0.235777,-0.625865,-0.734982,0.227757,-0.0692926,-0.902005,0.554543,-0.0438173,-0.0945768,-0.461198,0.0365396,0.0860256,0.525858,-0.536394,0.536005,0.582201,0.319531,-0.357034,0.213162,0.00995132,0.671217,0.748458,0.595975,-0.218957,-0.388148,-0.409478,-0.406161,-0.694698,-0.437272,0.423491,-0.00273785,0.111137,-0.184873,-0.678195,0.675584,0.208423,-0.633589,-0.836372,-0.0928095,-0.47288,-0.0283198,0.658464,-0.46433,-0.844187,-0.995148,0.922244,-0.53501,0.317599,-0.360548,-0.10772,-0.0154597,-0.528297,-0.183673,-0.244311,0.205188,0.354977,0.654768,0.337289,-0.360045,-0.357171,-0.284723,-0.0930524,-0.0896808,0.25799,-0.0976227,0.415938,0.88259,-0.0462675,0.417014,-0.287577,0.106832,0.465645,-0.266116
0.218,-0.39289,-0.0280448,0.471213,-0.469109,-0.447901,-0.10484,0.120321,0.172919,-0.148228,0.0662391,0.138505,0.794365,-0.784163,0.491386,-0.230938,-0.655202,0.244753,0.245544,0.21552,0.18315,-1.04983,-0.182354,0.386553,-0.117614,0.790559,0.121115,0.00297951,-0.240042,-0.690746,-0.723822,0.197991,-0.0768764,-0.894547,0.687577,-0.0258315,-0.103886,-0.394609,0.0578821,0.0170317,0.536465,-0.521243,0.550173,0.554331,0.33719,-0.366231,0.160721,-0.0149322,0.724796,0.75236,0.556787,-0.229526,-0.413061,-0.376856,-0.390632,-0.658252,-0.417349,0.35554,-0.0792245,0.123687,-0.256835,-0.707701,0.662618,0.251362,-0.592735,-0.900012,-0.0541125,-0.41512,0.00407703,0.641946,-0.467336,-0.838563,-0.951903,0.855181,-0.61039,0.29142,-0.331543,-0.0768386,0.0260287,-0.560622,-0.148668,-0.238912,0.183897,0.375183,0.707563,0.308885,-0.358209,-0.404402,-0.335149,-0.138938,-0.151994,0.285179,-0.0701073,0.408004,0.91558,-0.0188325,0.449886,-0.259452,0.114549,0.506727,-0.317662
0.22,-0.392978,-0.0891646,0.520798,-0.506787,-0.492991,-0.15824,0.0514452,0.157652,-0.171182,0.0859694,0.163119,0.773348,-0.775555,0.531878,-0.283181,-0.694713,0.242367,0.244127,0.198289,0.157196,-1.10287,-0.147642,0.281808,-0.0559556,0.72386,0.141014,0.0685614,-0.258404,-0.680141,-0.692163,0.177636,-0.0340236,-0.893979,0.63708,0.0127573,-0.0784562,-0.472312,0.0595571,0.0192257,0.502172,-0.507998,0.604697,0.524427,0.29572,-0.345481,0.207917,-0.00266697,0.756979,0.852571,0.575903,-0.248988,-0.386249,-0.389106,-0.40751,-0.642283,-0.409518,0.347196,-0.0959309,0.146595,-0.176425,-0.684582,0.629353,0.279581,-0.591903,-0.907262,-0.0344277,-0.444721,0.0232155,0.739853,-0.563893,-0.841678,-0.927409,0.876445,-0.605292,0.340545,-0.369684,-0.0734706,0.0984312,-0.572487,-0.16102,-0.244612,0.112609,0.377986,0.689459,0.337641,-0.384446,-0.367062,-0.313283,-0.00729378,-0.166758,0.328878,-0.142949,0.429556,0.952467,-0.0174035,0.445288,-0.26068,0.137401,0.501848,-0.308307
0.222,-0.41077,-0.0708088,0.514193,-0.50869,-0.502303,-0.149614,0.0826852,0.147861,-0.223633,0.0841796,0.184273,0.747996,-0.773826,0.554595,-0.312062,-0.719988,0.231649,0.257422,0.259873,0.0993742,-1.06579,-0.143741,0.211686,-0.0387042,0.767048,0.121261,0.042418,-0.241332,-0.674148,-0.714295,0.180936,0.00368524,-0.921492,0.692517,-0.0342114,-0.0898354,-0.501191,0.0326066,0.0834131,0.521023,-0.439934,0.676437,0.522654,0.296001,-0.33893,0.268208,0.0492067,0.727629,0.811574,0.56053,-0.222478,-0.395934,-0.334297,-0.390132,-0.620247,-0.430473,0.25873,-0.11777,0.146097,-0.231888,-0.738319,0.592096,0.272261,-0.614155,-0.91327,-0.0572223,-0.418996,0.0131007,0.781049,-0.478522,-0.876249,-0.903755,0.881857,-0.704916,0.42531,-0.348799,-0.133871,0.12307,-0.597175,-0.144095,-0.253887,0.13451,0.445167,0.741366,0.339306,-0.366974,-0.420624,-0.252421,-0.0920112,-0.195379,0.311338,-0.204046,0.452977,0.89628,0.0104304,0.420307,-0.324419,0.153003,0.512573,-0.250142
0.224,-0.441309,-0.11124,0.527692,-0.421681,-0.475387,-0.163592,0.092666,0.189483,-0.179269,0.134777,0.192949,0.643659,-0.775932,0.542046,-0.313109,-0.731571,0.268672,0.2593,0.248494,0.127433,-1.12639,-0.154557,0.183541,-0.0261223,0.758282,0.16495,-0.0210121,-0.198087,-0.639238,-0.744971,0.230695,-0.00930825,-0.880081,0.631513,0.0143908,-0.178693,-0.465301,0.00390144,0.141947,0.511536,-0.408461,0.776437,0.527668,0.289288,-0.395294,0.273632,0.0844492,0.782623,0.852336,0.552333,-0.239319,-0.370721,-0.318887,-0.396648,-0.632944,-0.442718,0.205462,-0.161045,0.18448,-0.355598,-0.764672,0.632863,0.27261,-0.612674,-0.897236,-0.0990349,-0.408797,0.00956258,0.699334,-0.525506,-0.876928,-0.932543,0.873728,-0.724728,0.451972,-0.357888,-0.0903077,0.0859419,-0.626329,-0.236657,-0.28176,0.0697491,0.463727,0.772495,0.398258,-0.421527,-0.416598,-0.168819,-0.0289837,-0.267143,0.279564,-0.182366,0.376323,0.851002,0.0177341,0.481232,-0.357088,0.0780773,0.468711,-0.270703
0.226,-0.440569,-0.0842339,0.505673,-0.363164,-0.398041,-0.234091,0.0138037,0.303869,-0.262364,0.168776,0.236633,0.700031,-0.725411,0.524509,-0.352806,-0.677993,0.275494,0.222822,0.297526,0.109323,-1.07966,-0.151737,0.122568,-0.0459439,0.744653,0.175896,-0.00635901,-0.221162,-0.631894,-0.803919,0.260655,-0.00476165,-0.882509,0.620277,0.0182899,-0.0686272,-0.408408,-0.00943323,0.130538,0.616569,-0.463607,0.755324,0.567958,0.291367,-0.462344,0.293835,0.127466,0.798282,0.90678,0.484297,-0.257096,-0.468668,-0.29006,-0.423768,-0.638409,-0.459713,0.272619,-0.11401,0.209456,-0.420774,-0.732909,0.69889,0.272321,-0.644343,-0.876331,-0.0942931,-0.350852,0.0098993,0.637101,-0.636497,-0.903946,-0.86913,0.928703,-0.748353,0.462103,-0.316311,-0.120241,0.00155956,-0.701947,-0.157744,-0.242999,0.136726,0.460466,0.725756,0.384498,-0.37083,-0.380848,-0.195906,-0.0271696,-0.233845,0.271001,-0.166401,0.359054,0.934832,-0.0260461,0.482398,-0.378361,0.162482,0.477196,-0.315095
0.228,-0.461728,-0.0851979,0.498328,-0.353957,-0.387331,-0.240171,-0.0281738,0.419552,-0.208566,0.229221,0.225118,0.633222,-0.764,0.499962,-0.41357,-0.668367,0.304351,0.278761,0.320681,0.0618119,-1.18017,-0.210183,0.0460697,-0.0704832,0.676744,0.191263,-0.0466718,-0.250568,-0.715643,-0.783075,0.206581,0.0257084,-0.825236,0.622637,-0.012044,-0.104744,-0.481282,0.0230826,0.18461,0.619222,-0.435781,0.78936,0.558892,0.290191,-0.4854,0.270525,0.178329,0.836759,0.976662,0.494786,-0.182362,-0.396766,-0.290016,-0.491407,-0.557419,-0.515314,0.232819,-0.111585,0.222067,-0.381763,-0.68526,0.637659,0.286724,-0.682157,-0.896872,-0.129308,-0.354339,9.08463e-05,0.680353,-0.582628,-0.902947,-0.923752,0.959374,-0.766593,0.480036,-0.332826,-0.100454,0.0131211,-0.722764,-0.11292,-0.187136,0.105943,0.50919,0.794519,0.433928,-0.385507,-0.344698,-0.275899,-0.0108044,-0.164398,0.238148,-0.113779,0.311322,0.930347,-0.0102678,0.474219,-0.344875,0.140267,0.446562,-0.304906
0.23,-0.492867,6.93329e-05,0.519393,-0.378482,-0.327152,-0.265545,-0.0466064,0.44065,-0.120226,0.209244,0.115152,0.692166,-0.862789,0.48234,-0.444165,-0.710252,0.267835,0.255609,0.341545,0.0819553,-1.11589,-0.187396,0.010557,-0.019648,0.656616,0.230243,-0.0249626,-0.215728,-0.739388,-0.788772,0.249757,0.106162,-0.801875,0.626167,-0.0234638,-0.194654,-0.508338,-0.00904815,0.220065,0.638163,-0.391988,0.774388,0.572405,0.303285,-0.383778,0.297188,0.101871,0.811264,0.920633,0.51704,-0.151663,-0.513313,-0.2612,-0.529996,-0.591492,-0.538547,0.318882,-0.120179,0.258573,-0.397921,-0.696789,0.603134,0.293366,-0.664205,-0.903069,-0.0903859,-0.381301,0.0774532,0.67166,-0.594664,-0.839584,-0.885414,0.980799,-0.700803,0.426465,-0.34521,-0.116513,0.0550692,-0.742931,-0.116341,-0.186213,0.174443,0.589519,0.760645,0.45864,-0.476912,-0.285487,-0.341321,-0.0898719,-0.14814,0.133164,-0.00298016,0.295883,1.00009,-0.0675988,0.445589,-0.290624,0.141471,0.426526,-0.282058
0.232,-0.450192,0.0344531,0.515625,-0.378178,-0.386429,-0.290397,-0.0583455,0.420756,-0.131263,0.264703,0.120498,0.655032,-0.853819,0.501019,-0.385046,-0.688499,0.215418,0.240324,0.299793,0.087235,-1.10261,-0.207181,-0.0181623,0.00582605,0.645985,0.230572,-0.103002,-0.252185,-0.752969,-0.79617,0.229611,0.172306,-0.749332,0.589609,-0.0495632,-0.200981,-0.503758,-0.0714822,0.222476,0.58416,-0.35279,0.746939,0.577163,0.293263,-0.480543,0.324647,0.0973925,0.824476,0.935867,0.457173,-0.116997,-0.512591,-0.369759,-0.550278,-0.537308,-0.590745,0.306419,-0.152047,0.273822,-0.395062,-0.783973,0.605676,0.278021,-0.689891,-0.893107,-0.0997558,-0.366173,0.106606,0.718534,-0.557246,-0.83099,-0.954427,0.969115,-0.666329,0.392998,-0.247787,-0.0965589,0.0517657,-0.813262,-0.208693,-0.147808,0.18947,0.571205,0.690028,0.410605,-0.417283,-0.217157,-0.339167,-0.104944,-0.126073,0.112074,-0.00247533,0.378856,0.939032,-0.142308,0.415725,-0.33267,0.139967,0.365838,-0.262618
0.234,-0.479733,0.0354348,0.449719,-0.410555,-0.334869,-0.250707,-0.0229971,0.408879,-0.119211,0.286745,0.1896,0.644212,-0.806187,0.365605,-0.34224,-0.685461,0.178263,0.288098,0.363177,0.0828988,-1.1653,-0.236783,-0.0316103,-0.0239274,0.573692,0.210322,-0.0658258,-0.327998,-0.763503,-0.840119,0.242249,0.236448,-0.726929,0.6046,-0.0828218,-0.234984,-0.453788,-0.0181102,0.189788,0.580155,-0.432765,0.71594,0.664468,0.312696,-0.471565,0.241932,0.137984,0.897757,0.961048,0.451182,-0.0955833,-0.572351,-0.278695,-0.544154,-0.535307,-0.542028,0.27888,-0.10388,0.189406,-0.417713,-0.845388,0.585129,0.300503,-0.630813,-0.936667,-0.0855259,-0.317356,0.0536015,0.772983,-0.568188,-0.733662,-0.944931,0.972842,-0.677402,0.316729,-0.256305,-0.0592163,0.0679373,-0.8306,-0.134713,-0.0931353,0.218406,0.510627,0.740061,0.429308,-0.320965,-0.231737,-0.351105,-0.0599188,-0.132982,0.101023,0.0108332,0.420567,1.019,-0.186841,0.397191,-0.321173,0.173516,0.390964,-0.283454
0.236,-0.460889,-0.0296649,0.447063,-0.441761,-0.308442,-0.28134,-0.0275029,0.449667,-0.152807,0.30126,0.252827,0.634851,-0.745637,0.422921,-0.40866,-0.650723,0.166535,0.247378,0.357423,0.0296917,-1.18725,-0.212823,-0.168298,-0.0113672,0.554515,0.227652,-0.11657,-0.37975,-0.765599,-0.817173,0.137366,0.100845,-0.795449,0.583262,-0.124232,-0.239359,-0.518625,-0.0295108,0.169124,0.610742,-0.424195,0.711399,0.686948,0.314423,-0.504704,0.251041,0.0854155,0.914361,0.92213,0.400484,-0.0623359,-0.644929,-0.259265,-0.492886,-0.578453,-0.499666,0.279602,-0.1203,0.0740554,-0.434695,-0.816462,0.655235,0.312628,-0.622823,-0.88919,-0.0625825,-0.374016,-0.0176722,0.776636,-0.521546,-0.750688,-0.896791,0.905672,-0.695533,0.427378,-0.236634,-0.0898986,0.112606,-0.89774,-0.100443,-0.0682002,0.21075,0.548127,0.76409,0.401382,-0.362565,-0.298301,-0.338273,-0.0857768,-0.197936,0.135687,-0.0702981,0.444659,1.00074,-0.149744,0.383799,-0.31655,0.137212,0.434344,-0.297066
0.238,-0.40465,-0.0334587,0.401251,-0.446169,-0.265773,-0.273414,0.00511251,0.437155,-0.189976,0.272624,0.297576,0.634298,-0.780918,0.333104,-0.472646,-0.660509,0.103336,0.294309,0.322645,-0.0254995,-1.25972,-0.128695,-0.113152,-0.0392431,0.614238,0.319467,-0.112987,-0.40898,-0.835619,-0.799554,0.0861337,0.0181681,-0.842506,0.67836,-0.198838,-0.213653,-0.537757,-0.000351556,0.22639,0.61147,-0.43523,0.723709,0.750418,0.308256,-0.542502,0.28715,0.101447,0.89459,0.885676,0.414574,-0.0520446,-0.732031,-0.228412,-0.476717,-0.460092,-0.533646,0.340054,-0.1305,0.0569388,-0.389677,-0.819651,0.612142,0.245418,-0.539449,-0.876422,-0.10272,-0.322681,0.010707,0.672289,-0.495622,-0.767603,-0.943279,0.806394,-0.693461,0.444407,-0.284673,-0.119902,0.0872681,-0.849335,-0.086595,-0.0306995,0.213435,0.583172,0.78522,0.41649,-0.291408,-0.308983,-0.358205,-0.0463569,-0.217838,0.162138,-0.10745,0.479959,0.954895,-0.166316,0.384877,-0.298357,0.179091,0.489052,-0.330252
0.24,-0.363895,0.0329117,0.47882,-0.461182,-0.283489,-0.210578,0.0970527,0.4482,-0.171238,0.316893,0.306769,0.642254,-0.834535,0.430172,-0.514538,-0.645127,0.170846,0.274608,0.330134,-0.0427536,-1.30834,-0.129474,-0.0242166,-0.0368802,0.556475,0.367401,-0.132939,-0.366025,-0.838117,-0.887654,0.0520471,-0.00710722,-0.898985,0.645463,-0.167411,-0.194897,-0.575737,0.044778,0.211669,0.615449,-0.463664,0.704112,0.778435,0.281958,-0.477328,0.231414,0.0281177,0.914065,0.933103,0.418269,-0.0267165,-0.708288,-0.11761,-0.508098,-0.475916,-0.44204,0.305381,-0.0627008,0.0358092,-0.446875,-0.796838,0.660216,0.176309,-0.573985,-0.883381,-0.0833314,-0.242048,0.0386769,0.705954,-0.482313,-0.762625,-0.986236,0.832552,-0.731568,0.472821,-0.255762,-0.131216,0.0550874,-0.82277,-0.0755274,0.00762417,0.149057,0.605572,0.784676,0.468745,-0.31025,-0.314259,-0.319544,-0.0496522,-0.159252,0.254498,-0.125881,0.528964,0.952506,-0.158751,0.399116,-0.350559,0.130544,0.405758,-0.28645
0.242,-0.372743,0.0256963,0.420098,-0.429114,-0.248499,-0.0739486,0.0104514,0.344715,-0.170616,0.353489,0.406149,0.693333,-0.90489,0.485716,-0.543037,-0.67411,0.159524,0.350161,0.321944,-0.0948539,-1.34876,-0.111355,-0.0380379,-0.0458524,0.505462,0.238946,-0.177179,-0.392434,-0.783747,-0.905896,0.0193972,0.019408,-0.914805,0.690969,-0.143879,-0.195947,-0.62417,0.0518211,0.211143,0.562303,-0.4383,0.700836,0.728273,0.308923,-0.551375,0.287709,-0.0114774,0.88585,0.958463,0.388428,0.0683756,-0.732387,-0.170899,-0.48636,-0.571035,-0.460056,0.305407,-0.152461,-0.011932,-0.456983,-0.912935,0.67635,0.213556,-0.620097,-0.883586,-0.0480338,-0.276497,0.0760571,0.677989,-0.501389,-0.703103,-1.027,0.797259,-0.768187,0.457604,-0.260169,-0.195101,0.1117,-0.836895,-0.041967,-0.017357,0.174479,0.618128,0.740807,0.404462,-0.340803,-0.32831,-0.330714,-0.0458095,-0.155412,0.225231,-0.0866962,0.528086,0.950027,-0.168827,0.414543,-0.303579,0.142842,0.42584,-0.313222
0.244,-0.390197,0.0858711,0.368224,-0.476783,-0.222402,0.0183733,0.00602127,0.311394,-0.139172,0.40189,0.300149,0.729839,-0.91849,0.330135,-0.543276,-0.643745,0.13386,0.304756,0.354053,-0.0800833,-1.41484,-0.134314,-0.0642485,0.0300544,0.547116,0.293426,-0.112195,-0.446492,-0.737862,-0.864812,-0.0497494,0.0249789,-0.962255,0.60745,-0.161025,-0.193979,-0.650329,0.00677522,0.147229,0.591065,-0.551824,0.70428,0.711762,0.338063,-0.537791,0.305302,-0.0400306,0.837626,0.860603,0.387035,0.0479846,-0.695798,-0.209654,-0.513835,-0.56146,-0.454931,0.326099,-0.147077,-0.0651136,-0.48733,-0.934452,0.579136,0.205625,-0.719125,-0.927545,0.00252349,-0.270393,0.0616585,0.647698,-0.509426,-0.699856,-1.02764,0.81785,-0.726121,0.510172,-0.240849,-0.162901,0.188662,-0.915917,-0.042814,-0.0228872,0.211631,0.719318,0.805828,0.327661,-0.356049,-0.333117,-0.388136,-0.000987098,-0.135968,0.193266,-0.0586575,0.489144,0.895516,-0.177359,0.341642,-0.319298,0.123573,0.451362,-0.327452
0.246,-0.332206,0.0657737,0.302233,-0.446941,-0.249338,0.040147,-0.0102862,0.351245,-0.164097,0.403975,0.307998,0.809615,-0.893849,0.299506,-0.571581,-0.713064,0.0751211,0.264781,0.359312,-0.0659962,-1.41515,-0.103202,-0.0973904,0.077095,0.53074,0.258432,-0.106981,-0.429111,-0.667077,-0.79147,-0.0190188,-0.0772594,-0.947579,0.647249,-0.048189,-0.131762,-0.6527,-0.0502406,0.184821,0.619113,-0.531426,0.6917,0.65876,0.26536,-0.572243,0.363114,-0.00887384,0.808986,0.916972,0.445336,0.00762692,-0.798254,-0.2811,-0.547378,-0.622238,-0.450583,0.337665,-0.144551,-0.0234561,-0.50673,-0.910931,0.603069,0.198038,-0.704293,-0.945891,-0.00768866,-0.269265,0.0657354,0.698425,-0.520477,-0.669293,-1.0214,0.853236,-0.762666,0.546538,-0.262553,-0.219721,0.182339,-0.892697,-0.0701664,-0.060599,0.175639,0.734015,0.79181,0.315003,-0.354823,-0.421648,-0.435284,-0.00354002,-0.128571,0.181258,-0.0578287,0.46037,1.00709,-0.116888,0.35129,-0.341517,0.154078,0.425788,-0.322522
0.248,-0.375295,0.00538303,0.395288,-0.418633,-0.3347,0.0571237,0.0440785,0.293778,-0.17981,0.349433,0.292625,0.842916,-0.871366,0.292922,-0.676101,-0.662098,0.07398,0.256793,0.333016,-0.108595,-1.38433,-0.10677,-0.196101,0.0691794,0.441165,0.234126,-0.118972,-0.505681,-0.677245,-0.854455,-0.0507235,-0.045499,-0.899356,0.501835,-0.00709936,-0.154585,-0.7439,-0.0635747,0.224199,0.617152,-0.537984,0.738095,0.673175,0.299475,-0.641297,0.436392,0.0425023,0.724533,0.936966,0.451001,0.038151,-0.781338,-0.303218,-0.573666,-0.607461,-0.431725,0.264442,-0.134774,0.0510764,-0.557051,-0.906619,0.589228,0.157657,-0.770118,-0.949545,-0.0752919,-0.270112,0.0643336,0.71687,-0.526192,-0.626776,-1.02349,0.889605,-0.790034,0.505519,-0.332047,-0.179159,0.161703,-0.840393,-0.0169974,-0.0638629,0.149399,0.857372,0.726234,0.271996,-0.311107,-0.37173,-0.420088,-0.00722739,-0.125441,0.184985,-0.0433385,0.494539,0.956801,-0.1346,0.411451,-0.310266,0.133931,0.339303,-0.300048
0.25,-0.378155,-0.019402,0.407301,-0.401906,-0.359261,0.016135,0.030574,0.234736,-0.142152,0.295709,0.273241,0.842461,-0.829081,0.263153,-0.591596,-0.677806,0.0418216,0.220307,0.339771,-0.0857367,-1.40259,-0.0605984,-0.150639,0.0602688,0.466442,0.289892,-0.133791,-0.404358,-0.663022,-0.766218,-0.0280881,-0.0836283,-0.946692,0.505522,0.0152652,-0.163811,-0.737778,-0.101825,0.22992,0.5649,-0.602047,0.804753,0.671551,0.282674,-0.646427,0.400966,0.057558,0.812897,0.942439,0.519552,-0.0156689,-0.755917,-0.261628,-0.506657,-0.654725,-0.522769,0.298672,-0.163178,0.0188,-0.510092,-0.870115,0.591075,0.093297,-0.738854,-1.03066,-0.069638,-0.205878,0.101895,0.764566,-0.510233,-0.667179,-0.93866,0.894907,-0.811695,0.533189,-0.390461,-0.177954,0.279326,-0.764701,0.00363241,0.00851201,0.226543,0.823872,0.73002,0.314629,-0.341713,-0.365675,-0.481532,-0.0904025,-0.208776,0.186599,-0.0165587,0.432563,0.975864,-0.145455,0.37363,-0.347039,0.150738,0.344325,-0.278748
0.252,-0.407366,0.0485709,0.384614,-0.441557,-0.361911,0.0375928,-0.0652421,0.234822,-0.197237,0.258548,0.337962,0.84883,-0.818461,0.228649,-0.603554,-0.716742,0.0682061,0.225433,0.324394,-0.101452,-1.38666,-0.0553536,-0.178645,0.0690466,0.358098,0.330125,-0.164924,-0.445841,-0.627925,-0.749418,-0.0517865,-0.0615545,-0.921813,0.477817,0.0885686,-0.0410755,-0.725053,-0.044126,0.231904,0.506463,-0.55848,0.844943,0.619146,0.34823,-0.654161,0.341194,0.0329456,0.858175,0.975072,0.566698,0.013482,-0.782527,-0.252182,-0.498248,-0.679335,-0.484787,0.311603,-0.1897,0.0330702,-0.427333,-0.947936,0.627994,0.127873,-0.736407,-1.01593,-0.0649266,-0.0902588,0.0859295,0.78572,-0.476869,-0.563448,-0.892689,0.885379,-0.73765,0.605364,-0.353729,-0.170938,0.305369,-0.805885,-0.000542764,0.0217668,0.171663,0.861684,0.762539,0.324352,-0.328386,-0.42191,-0.529661,0.0270997,-0.299074,0.197722,-0.0379163,0.374478,1.00804,-0.18252,0.370873,-0.226526,0.146066,0.371521,-0.275191
0.254,-0.438363,0.0257884,0.421106,-0.563858,-0.365087,0.127295,-0.0582254,0.29816,-0.244044,0.264129,0.31621,0.866961,-0.806416,0.0999214,-0.567025,-0.698304,0.162098,0.23661,0.292851,-0.0992281,-1.35285,0.0178524,-0.249465,0.0484999,0.381491,0.270521,-0.155852,-0.421669,-0.680114,-0.713686,-0.0747127,0.0155023,-0.930135,0.480496,0.00582105,0.00450408,-0.745759,-0.0883695,0.227699,0.556741,-0.527376,0.83815,0.594143,0.362678,-0.59863,0.321124,0.0535791,0.876359,0.967137,0.528904,0.00329602,-0.735921,-0.270972,-0.424559,-0.683057,-0.391579,0.325268,-0.208527,0.0560249,-0.400851,-0.962237,0.640197,0.143396,-0.7686,-1.03106,-0.0133781,-0.0714073,0.0675225,0.781469,-0.520102,-0.571168,-0.908336,0.878456,-0.715557,0.581687,-0.394153,-0.121485,0.240781,-0.774511,-0.0501234,-0.0266138,0.182372,0.883881,0.786537,0.307639,-0.296473,-0.41726,-0.582784,0.0273721,-0.235033,0.181517,-0.0230265,0.377575,0.955956,-0.206682,0.385022,-0.266464,0.196058,0.293866,-0.333415
0.256,-0.464942,0.03722,0.433768,-0.5797,-0.39484,0.101257,-0.0149698,0.330027,-0.186852,0.154305,0.390086,0.831212,-0.819793,0.166056,-0.463586,-0.708054,0.171314,0.265261,0.268312,-0.0227745,-1.32743,0.0121653,-0.196759,0.00848983,0.41132,0.308587,-0.110778,-0.400856,-0.672834,-0.707097,-0.0551896,-0.059446,-0.896065,0.467094,-0.0395893,-0.0770838,-0.783766,-0.100498,0.213624,0.579145,-0.474026,0.836321,0.613768,0.391272,-0.592945,0.364872,0.0257732,0.836611,0.979287,0.441389,-0.00298686,-0.677473,-0.309639,-0.424098,-0.67133,-0.423045,0.369329,-0.134345,0.0460209,-0.459419,-1.0012,0.575965,0.197949,-0.858491,-1.04945,-0.109896,-0.0254165,0.125562,0.800308,-0.579713,-0.561891,-0.822001,0.904864,-0.71124,0.558793,-0.399451,-0.142096,0.193498,-0.773578,-0.0279581,0.0234164,0.168088,0.794368,0.792053,0.312756,-0.243253,-0.487168,-0.576779,0.0350081,-0.178289,0.246737,-0.00529581,0.339236,0.938902,-0.1895,0.424175,-0.200289,0.189812,0.311641,-0.330839
0.258,-0.446564,0.0517411,0.416742,-0.611962,-0.390704,0.0479796,-0.0130044,0.373515,-0.184594,0.140693,0.458512,0.9274,-0.840474,0.205091,-0.461452,-0.700304,0.123241,0.238198,0.229016,0.0489246,-1.25464,0.0262206,-0.203664,-0.0590484,0.373958,0.348655,-0.0358322,-0.429803,-0.633668,-0.734771,-0.0198666,-0.0438803,-0.886544,0.483,-0.0186574,-0.076209,-0.75661,-0.122306,0.198759,0.557092,-0.515699,0.838791,0.642038,0.423022,-0.65667,0.384639,0.146057,0.837674,1.00756,0.419488,-0.000460495,-0.642908,-0.249298,-0.503628,-0.743501,-0.439524,0.352855,-0.106002,0.0192955,-0.374404,-0.982054,0.569759,0.283593,-0.931344,-1.00518,-0.135298,0.0441378,0.126609,0.700226,-0.665792,-0.593324,-0.871861,0.910078,-0.742952,0.559956,-0.413523,-0.17431,0.202708,-0.802007,0.0207331,0.0552738,0.174079,0.854403,0.799663,0.26456,-0.248784,-0.529885,-0.599125,0.0368849,-0.149022,0.27526,0.0203372,0.438375,0.876393,-0.252482,0.464751,-0.217224,0.155665,0.287948,-0.407914
0.26,-0.463548,-0.0289912,0.394323,-0.580189,-0.339882,0.0743153,-0.0624854,0.376765,-0.231487,0.134826,0.454156,0.849725,-0.91029,0.123819,-0.495379,-0.732524,0.109358,0.149119,0.291717,0.00717147,-1.24152,0.0499485,-0.230746,-0.0683781,0.394877,0.399654,-0.0724103,-0.456021,-0.63896,-0.808034,-0.0317837,-0.0159679,-0.939598,0.507404,-0.0953502,-0.0360509,-0.785531,-0.0795503,0.207565,0.647369,-0.503092,0.971944,0.580355,0.43792,-0.647234,0.390637,0.177066,0.863542,0.976698,0.403711,0.00804037,-0.6392,-0.288992,-0.564585,-0.723935,-0.261674,0.409727,-0.191491,-0.0179005,-0.37165,-0.867164,0.607507,0.266064,-0.913425,-1.036,-0.132511,0.0527191,0.101255,0.697177,-0.664544,-0.548241,-0.869928,0.908123,-0.783244,0.489891,-0.467756,-0.21911,0.227096,-0.833719,-0.0573627,-0.0271999,0.214947,0.899895,0.848268,0.286154,-0.131071,-0.561403,-0.660964,0.0383574,-0.156205,0.317247,0.0645881,0.443113,0.937219,-0.233777,0.411616,-0.15558,0.231886,0.305022,-0.450292
0.262,-0.455975,0.0194344,0.386207,-0.554998,-0.392175,0.041364,-0.115279,0.381609,-0.171541,0.125581,0.44698,0.774376,-0.931213,0.137755,-0.453254,-0.80237,0.120177,0.0846331,0.263965,-0.0408455,-1.21678,0.0217749,-0.231207,-0.00207809,0.317971,0.413765,-0.0708952,-0.544166,-0.622493,-0.786681,-0.0513382,0.0630866,-0.971718,0.46964,-0.156541,-0.0894774,-0.80439,-0.0961542,0.156903,0.599244,-0.448848,0.944391,0.583659,0.421609,-0.658531,0.47744,0.275186,0.806022,0.944785,0.366245,-0.0329826,-0.691505,-0.253054,-0.570363,-0.724844,-0.22836,0.439458,-0.156745,-0.0496934,-0.326557,-0.840965,0.576685,0.310985,-0.902882,-1.02148,-0.118525,0.115211,0.0958032,0.780151,-0.708484,-0.563818,-0.96102,0.830709,-0.829573,0.498374,-0.542089,-0.252539,0.263124,-0.79881,-0.0359601,-0.0331679,0.269281,0.908924,0.863948,0.356752,-0.0674524,-0.62465,-0.687355,0.0539421,-0.107777,0.360998,0.0878258,0.483714,0.869454,-0.237689,0.416982,-0.218761,0.24352,0.401785,-0.414305
0.264,-0.416028,-0.0158697,0.397255,-0.54773,-0.409399,0.109541,-0.0493642,0.413594,-0.142379,0.13643,0.52884,0.748756,-0.982757,0.158158,-0.48874,-0.74956,0.0981522,0.153096,0.221402,-0.032536,-1.16656,0.0238899,-0.240501,-0.0293246,0.324772,0.366305,-0.0697874,-0.589394,-0.5629,-0.773371,-0.128179,-0.018164,-0.964798,0.458523,-0.0873767,-0.0836677,-0.727644,-0.0825732,0.0994725,0.575922,-0.430391,0.920261,0.556057,0.448223,-0.653984,0.4575,0.325336,0.767419,0.947478,0.384387,-0.050415,-0.673255,-0.18387,-0.548393,-0.705764,-0.158365,0.463447,-0.101882,-0.146979,-0.291166,-0.84466,0.547038,0.331402,-0.852814,-1.02237,-0.101463,0.140175,0.0746056,0.708247,-0.743875,-0.601707,-0.958978,0.787419,-0.843794,0.577818,-0.518805,-0.262698,0.336408,-0.802547,-0.0892823,0.00548272,0.304635,0.834772,0.801468,0.374041,-0.0926614,-0.637644,-0.683246,0.0201398,-0.110948,0.416916,0.0160342,0.480298,0.805575,-0.242841,0.426813,-0.250973,0.282383,0.374157,-0.464965
0.266,-0.429274,-0.00494904,0.446835,-0.484169,-0.385615,0.143385,-0.101735,0.453365,-0.149869,0.0766625,0.499129,0.792292,-0.979855,0.141831,-0.354318,-0.693514,0.0198172,0.137657,0.193238,0.0803058,-1.19298,0.0149156,-0.239066,0.0292661,0.408828,0.376314,-0.0231368,-0.606284,-0.569202,-0.784038,-0.139548,-0.0140149,-0.988371,0.46884,-0.082046,-0.0435739,-0.648071,-0.093432,0.129116,0.618006,-0.459218,0.855699,0.576075,0.412333,-0.627589,0.405488,0.28305,0.675283,0.984304,0.280745,0.0334932,-0.767942,-0.115506,-0.600158,-0.753375,-0.160714,0.531108,-0.0806222,-0.125821,-0.382891,-0.85911,0.541724,0.340615,-0.815605,-1.02313,-0.0604244,0.176702,0.118925,0.644733,-0.784003,-0.58701,-0.850684,0.827096,-0.885045,0.614086,-0.510938,-0.227385,0.413969,-0.756801,-0.107656,0.0544757,0.306547,0.781155,0.891622,0.369723,0.0165308,-0.555622,-0.686497,-0.0319574,-0.0934178,0.341084,0.0310166,0.533693,0.846177,-0.233432,0.502721,-0.259742,0.345487,0.3632,-0.362291
0.268,-0.451438,-0.0475695,0.481734,-0.461461,-0.48244,0.119167,-0.129063,0.381839,-0.0894324,0.0516381,0.419815,0.773568,-0.983338,0.0779679,-0.405707,-0.686155,0.0267639,0.142863,0.219005,0.145949,-1.29688,-0.0107145,-0.302314,-0.0282986,0.43321,0.35068,-0.00366695,-0.573121,-0.610802,-0.813477,-0.122127,0.0157756,-1.02692,0.463255,-0.103705,-0.0177161,-0.581747,-0.0576268,0.178404,0.698155,-0.495063,0.820709,0.614811,0.323098,-0.616024,0.386434,0.341801,0.653184,0.960497,0.245312,-0.029594,-0.741363,-0.138365,-0.622653,-0.76142,-0.113675,0.550585,-0.0545329,-0.0761322,-0.367196,-0.779515,0.572676,0.385116,-0.790017,-0.977207,-0.0663371,0.117333,0.123241,0.625445,-0.880792,-0.628124,-0.864913,0.778581,-0.88585,0.665886,-0.543994,-0.248916,0.402127,-0.760746,-0.0974196,0.0980215,0.322616,0.829035,0.901482,0.35474,0.020867,-0.58158,-0.725191,-0.0435641,-0.11892,0.42018,0.0309372,0.555482,0.774793,-0.205589,0.512259,-0.283999,0.331928,0.362985,-0.450555
0.27,-0.461588,-0.025105,0.416918,-0.455161,-0.48359,0.1027,-0.0929786,0.394523,-0.0550164,0.111907,0.418357,0.780554,-0.917396,0.163228,-0.529863,-0.669202,0.0728688,0.150471,0.238536,0.0915466,-1.30093,-0.105395,-0.330913,0.000568588,0.475159,0.429965,0.0278908,-0.589692,-0.626604,-0.821741,-0.198293,0.0092855,-1.04662,0.460289,-0.0453387,0.00708871,-0.621525,-0.0837824,0.191709,0.679172,-0.55879,0.834052,0.54797,0.326615,-0.664627,0.431499,0.351348,0.671233,0.925796,0.208396,-0.0408103,-0.792387,-0.0966665,-0.676823,-0.841373,-0.14578,0.545132,-0.0180031,-0.0704049,-0.400569,-0.734355,0.575543,0.3406,-0.780744,-0.945405,-0.0908768,0.10225,0.0459624,0.639905,-0.910464,-0.549522,-0.899827,0.760699,-0.861901,0.668389,-0.604967,-0.181819,0.39881,-0.740334,-0.103626,0.101007,0.303086,0.724306,0.947875,0.330889,0.0145242,-0.580534,-0.713436,0.0218471,-0.110083,0.376915,0.0779072,0.565026,0.827609,-0.267212,0.489796,-0.372327,0.39552,0.323303,-0.438483
0.272,-0.435295,0.0844164,0.534328,-0.443397,-0.428761,0.0983723,-0.0377217,0.395112,-0.057526,0.132449,0.378857,0.830645,-0.949931,0.147739,-0.513818,-0.606336,0.0666591,0.156847,0.259365,0.171234,-1.28308,-0.14066,-0.351413,0.106697,0.493905,0.377062,0.0289518,-0.589628,-0.619375,-0.852634,-0.147181,-0.0151748,-0.961525,0.448669,-0.0971864,0.0328328,-0.642731,0.00971523,0.198798,0.694446,-0.567972,0.812318,0.602055,0.282064,-0.694352,0.364672,0.273183,0.739569,0.927267,0.231178,-0.0024998,-0.773592,0.0440494,-0.593123,-0.801345,-0.124615,0.644666,0.0184976,-0.0466112,-0.369364,-0.675915,0.627328,0.362269,-0.794142,-0.886384,-0.0834657,0.0951588,-0.00592037,0.591143,-0.996177,-0.554426,-0.882351,0.701823,-0.825117,0.678046,-0.644696,-0.203022,0.372637,-0.734101,-0.160358,0.148667,0.321635,0.766106,0.940911,0.323854,0.0678694,-0.556855,-0.772578,0.0492028,-0.098267,0.307343,0.0988209,0.522601,0.803444,-0.207195,0.518484,-0.378416,0.322138,0.366493,-0.395611
0.274,-0.467313,0.088878,0.580103,-0.369727,-0.334295,0.131499,-0.026505,0.422508,-0.0771197,0.212504,0.32213,0.881517,-0.965645,0.0834215,-0.480105,-0.614819,0.116024,0.148741,0.320667,0.191143,-1.4019,-0.168963,-0.368922,0.0654127,0.439223,0.206536,0.0979912,-0.525991,-0.573059,-0.836246,-0.132083,-0.0514136,-0.984277,0.407252,-0.151131,-0.0209319,-0.630808,0.0364975,0.241133,0.697601,-0.570215,0.856807,0.654826,0.25061,-0.731023,0.298533,0.322126,0.804974,0.896309,0.279477,-0.0175747,-0.805195,0.0765472,-0.614843,-0.820396,-0.115206,0.621097,0.0231035,-0.0746489,-0.33964,-0.729475,0.618868,0.392783,-0.799129,-0.870533,-0.0847598,0.14719,-0.00792079,0.623108,-0.983265,-0.519758,-0.839522,0.652302,-0.8184,0.617728,-0.538552,-0.130777,0.394789,-0.606992,-0.13821,0.126238,0.32212,0.710819,0.942145,0.335854,0.029929,-0.559425,-0.770011,0.0240907,-0.0878342,0.317552,0.10787,0.570934,0.809866,-0.269695,0.488255,-0.411491,0.277692,0.409904,-0.402098
0.276,-0.404102,0.101458,0.573779,-0.453896,-0.302393,0.285168,0.0543406,0.421543,-0.0841584,0.270747,0.328702,0.888374,-0.98732,0.116107,-0.479575,-0.503455,0.116301,0.201986,0.286179,0.20463,-1.44612,-0.194055,-0.401301,0.102778,0.436643,0.267974,0.0607932,-0.445544,-0.552814,-0.894851,-0.055995,-0.00386192,-1.02405,0.453565,-0.184363,0.0612822,-0.617084,0.0712331,0.265978,0.591296,-0.542498,0.810798,0.707243,0.186013,-0.690234,0.369773,0.28984,0.740869,0.904754,0.258196,-0.0310244,-0.745764,0.074466,-0.583392,-0.780424,-0.181155,0.596413,0.0444379,-0.087825,-0.312554,-0.730482,0.575833,0.390945,-0.79972,-0.901185,-0.0904968,0.150838,-0.0636743,0.528434,-0.95995,-0.46411,-0.885961,0.662062,-0.866422,0.61608,-0.590293,-0.104605,0.492557,-0.608881,-0.141894,0.186334,0.305034,0.765612,0.994617,0.325266,0.0325259,-0.56737,-0.746818,0.00439081,-0.0619014,0.300713,-0.0737615,0.640918,0.860956,-0.235493,0.485635,-0.436851,0.224691,0.328334,-0.393012
0.278,-0.39984,0.170345,0.566708,-0.386306,-0.278296,0.282832,0.0808042,0.434505,-0.0875864,0.178081,0.261462,0.894944,-0.914936,0.1393,-0.459894,-0.527606,0.100966,0.148343,0.252665,0.213961,-1.41289,-0.2987,-0.413872,0.0796902,0.398138,0.277777,0.110178,-0.414352,-0.516935,-0.928823,-0.0844289,-0.023602,-0.976233,0.530855,-0.212687,0.0141169,-0.576738,0.0923068,0.231555,0.611636,-0.525866,0.796033,0.706796,0.19347,-0.721391,0.339945,0.325326,0.735253,0.982415,0.277371,-0.0301005,-0.637106,0.183959,-0.541057,-0.781342,-0.259455,0.64636,0.1052,-0.12776,-0.337982,-0.727199,0.609301,0.428233,-0.78055,-0.818523,-0.101187,0.127202,-0.0468071,0.538876,-0.946992,-0.52953,-0.856353,0.612465,-0.860988,0.630404,-0.572159,-0.157389,0.41642,-0.579256,-0.132571,0.186145,0.334912,0.746538,1.07458,0.332264,0.0491498,-0.564015,-0.680712,-0.0224387,-0.119167,0.329698,-0.10135,0.646379,0.908254,-0.240423,0.579056,-0.447637,0.267456,0.299557,-0.35415
0.28,-0.439641,0.149108,0.598698,-0.340948,-0.301151,0.347825,0.0592268,0.406846,-0.0789452,0.164962,0.291538,0.991186,-0.916874,0.0853885,-0.548568,-0.588923,0.0938501,0.14765,0.294122,0.191163,-1.38521,-0.267864,-0.362584,0.0251468,0.422167,0.331599,0.16817,-0.402822,-0.599271,-0.883086,-0.109477,-0.0958787,-1.04902,0.502805,-0.178202,0.0328268,-0.57597,0.0740662,0.177374,0.64352,-0.529528,0.788206,0.645988,0.16526,-0.758989,0.275182,0.420697,0.746646,0.99446,0.267539,-0.123647,-0.64523,0.131419,-0.519165,-0.757847,-0.334375,0.594637,0.138341,-0.209634,-0.398899,-0.779281,0.626006,0.441154,-0.71729,-0.796148,-0.205492,0.114187,-0.0478323,0.560455,-0.962817,-0.621777,-0.878828,0.624167,-0.78424,0.654168,-0.628887,-0.189185,0.412776,-0.608079,-0.166579,0.184705,0.331227,0.775902,1.0614,0.351218,0.0790607,-0.555672,-0.670567,0.0701409,-0.0940759,0.334118,-0.114105,0.662136,0.902541,-0.187254,0.576009,-0.482244,0.329824,0.318824,-0.30871
0.282,-0.359411,0.0950898,0.547899,-0.3754,-0.231737,0.326249,0.0707506,0.403209,-0.0387662,0.238799,0.22296,0.991284,-0.896737,0.112785,-0.646874,-0.528374,0.0742489,0.130322,0.276964,0.285223,-1.30712,-0.284181,-0.320337,-0.0312836,0.438021,0.356417,0.13843,-0.394874,-0.634086,-0.866197,-0.0887033,-0.116518,-0.991956,0.581203,-0.221787,-0.0505918,-0.600382,0.0391243,0.229718,0.664961,-0.568811,0.799366,0.589684,0.140167,-0.772738,0.265346,0.417692,0.774684,0.958659,0.345571,-0.165782,-0.5937,0.160844,-0.542668,-0.747279,-0.294162,0.595026,0.236388,-0.170116,-0.488385,-0.819116,0.620788,0.414933,-0.681315,-0.794462,-0.145491,0.0348537,-0.0959432,0.489693,-0.968635,-0.696923,-0.924662,0.679282,-0.746848,0.651661,-0.604378,-0.15743,0.395142,-0.608291,-0.218607,0.162967,0.345758,0.791628,1.04812,0.361216,0.0710198,-0.473023,-0.645259,0.118258,-0.102595,0.444243,-0.0932265,0.686973,0.918379,-0.237537,0.556006,-0.481595,0.258053,0.32242,-0.336808
0.284,-0.408282,0.0881398,0.474761,-0.376604,-0.253008,0.326361,0.124077,0.384232,-0.00596836,0.281452,0.257402,0.950093,-0.897485,0.00871732,-0.646542,-0.543276,0.145866,0.139578,0.236098,0.334024,-1.28522,-0.276906,-0.299371,-0.0457366,0.486975,0.301359,0.127057,-0.434034,-0.605746,-0.854559,-0.118559,-0.121372,-1.0386,0.591511,-0.215393,-0.0538215,-0.547008,0.0426385,0.262188,0.672398,-0.590931,0.863919,0.571391,0.125766,-0.680343,0.192914,0.393073,0.726626,1.01502,0.335186,-0.131128,-0.581259,0.117291,-0.545307,-0.786343,-0.275652,0.555806,0.165895,-0.142101,-0.552846,-0.840464,0.6582,0.368708,-0.703358,-0.895486,-0.117719,0.0722744,-0.0982284,0.530914,-0.968067,-0.721887,-1.01156,0.618555,-0.775878,0.615054,-0.648715,-0.164793,0.35489,-0.606439,-0.242357,0.164091,0.397766,0.75565,1.06593,0.353516,0.0817141,-0.449385,-0.590224,0.127918,-0.142216,0.434135,-0.0761936,0.689542,0.851535,-0.222826,0.513182,-0.497836,0.239707,0.257987,-0.399591
0.286,-0.417589,0.137253,0.396233,-0.357328,-0.361398,0.305066,0.146575,0.370621,-0.000667025,0.390896,0.251855,0.960898,-0.897724,-0.0564665,-0.610295,-0.541969,0.119979,0.0990488,0.17466,0.310388,-1.31286,-0.323053,-0.290469,-0.0581358,0.481285,0.274423,0.167303,-0.408183,-0.639176,-0.81448,-0.0976503,-0.0800668,-1.06803,0.507746,-0.220955,-0.000858174,-0.466178,-0.0307504,0.288199,0.722583,-0.634882,0.893155,0.60595,0.12469,-0.698159,0.15041,0.430514,0.660382,1.06191,0.281479,-0.128987,-0.504659,0.121063,-0.503891,-0.862273,-0.262996,0.531677,0.136687,-0.137707,-0.55238,-0.8043,0.60683,0.378009,-0.731567,-0.969769,-0.0677305,0.148516,-0.0602153,0.484561,-0.951289,-0.771799,-0.980928,0.627618,-0.807605,0.666051,-0.737214,-0.180441,0.299159,-0.644154,-0.187277,0.192069,0.291443,0.737023,1.07376,0.293917,0.124136,-0.49818,-0.585076,0.124692,-0.13306,0.407429,-0.074164,0.767175,0.88869,-0.234747,0.495957,-0.481901,0.240685,0.295634,-0.438017
0.288,-0.374679,0.0585777,0.384326,-0.349077,-0.400952,0.331731,0.11132,0.386646,0.0045406,0.376336,0.225792,0.933931,-0.909471,0.0030037,-0.582472,-0.444978,0.0994951,0.0986453,0.238506,0.311535,-1.27875,-0.226757,-0.337508,-0.0101844,0.482378,0.290347,0.130978,-0.507195,-0.659766,-0.81738,-0.0682539,-0.166707,-1.03845,0.591668,-0.166298,0.055043,-0.455659,-0.0308549,0.263413,0.704315,-0.611095,0.903426,0.647964,0.0738127,-0.720159,0.102508,0.457977,0.683108,1.11247,0.355926,-0.0561449,-0.473017,0.124825,-0.554416,-0.882065,-0.319107,0.558705,0.0196711,-0.201225,-0.557198,-0.85519,0.566668,0.362777,-0.711201,-0.917521,-0.0895745,0.238956,-0.0364803,0.533067,-1.01314,-0.77034,-0.93087,0.624621,-0.822545,0.713001,-0.648061,-0.146871,0.31089,-0.642557,-0.1385,0.209907,0.382443,0.694996,1.09536,0.274657,0.203324,-0.558947,-0.57161,0.10445,-0.22047,0.413797,-0.0849853,0.867179,0.904585,-0.246948,0.476212,-0.468998,0.31204,0.318574,-0.470814
0.29,-0.298964,0.0894272,0.469304,-0.379102,-0.34432,0.35137,0.0787475,0.425147,0.0207025,0.368965,0.18591,0.921494,-0.902207,-0.0395185,-0.623284,-0.482005,0.101949,0.133977,0.193631,0.309304,-1.25892,-0.2493,-0.285854,0.0213325,0.506906,0.210379,0.092941,-0.479038,-0.680227,-0.825455,-0.063498,-0.215972,-0.981543,0.555615,-0.137315,0.0922111,-0.461333,0.0102529,0.241184,0.72643,-0.562626,0.962051,0.673321,0.108378,-0.76198,0.176826,0.41001,0.63886,1.20886,0.463394,-0.102775,-0.532081,0.122885,-0.593437,-0.918908,-0.289382,0.534434,-0.034356,-0.267957,-0.542306,-0.97764,0.535695,0.426388,-0.677836,-0.895111,-0.0159304,0.292,0.0476475,0.575177,-0.995405,-0.697233,-0.954545,0.558067,-0.745266,0.669688,-0.674568,-0.181292,0.33927,-0.636219,-0.181028,0.262394,0.37537,0.659386,1.11751,0.255793,0.306031,-0.504747,-0.515508,0.0712175,-0.240562,0.39477,-0.0884501,0.89421,0.903964,-0.22048,0.55875,-0.441111,0.255932,0.303007,-0.46592
0.292,-0.306737,0.136184,0.508021,-0.304632,-0.392925,0.334158,0.0408881,0.420045,0.0588513,0.316325,0.172205,0.934583,-0.882646,-0.0465808,-0.671375,-0.535508,0.0827426,0.113373,0.221974,0.335662,-1.23475,-0.250962,-0.243972,-0.00856639,0.531208,0.287622,0.077092,-0.427941,-0.644448,-0.796223,-0.0208312,-0.202731,-1.02912,0.630453,-0.202296,0.147327,-0.406136,-0.00841649,0.290671,0.750743,-0.576858,1.05255,0.702956,0.140216,-0.69211,0.204826,0.368791,0.61083,1.2012,0.451717,-0.0817912,-0.490893,0.149653,-0.549056,-0.961341,-0.34809,0.583619,-0.0743822,-0.27218,-0.537428,-1.00378,0.509927,0.409722,-0.625566,-0.95386,-0.0958655,0.253692,0.0216092,0.545629,-0.987639,-0.650004,-0.973793,0.596606,-0.800997,0.713995,-0.66824,-0.17078,0.338134,-0.624268,-0.120663,0.285344,0.425939,0.591034,1.07045,0.23647,0.28857,-0.479014,-0.556409,0.060116,-0.222924,0.453788,-0.059891,0.908836,0.909329,-0.239547,0.512152,-0.406027,0.267458,0.307821,-0.475354
0.294,-0.244397,0.150845,0.511689,-0.352918,-0.335746,0.265925,0.0868321,0.445949,0.0858345,0.284052,0.142047,1.03752,-0.913967,-0.132811,-0.626613,-0.527338,0.0521547,0.112495,0.249176,0.298491,-1.21687,-0.150328,-0.262108,0.00915888,0.529363,0.305411,0.0874604,-0.429197,-0.613077,-0.77271,-0.0644576,-0.215325,-1.05202,0.588041,-0.189482,0.194535,-0.523242,0.00505141,0.261457,0.747203,-0.514465,1.12332,0.723578,0.0742586,-0.681967,0.154245,0.362654,0.687228,1.17,0.441771,-0.121807,-0.511877,0.157322,-0.498803,-0.934633,-0.291438,0.568907,-0.0922878,-0.267585,-0.490539,-0.956626,0.611833,0.418612,-0.587276,-1.03166,-0.0205392,0.190455,-0.0382315,0.524233,-0.926719,-0.635082,-0.984425,0.59838,-0.853885,0.749505,-0.62472,-0.120601,0.277692,-0.627297,-0.0206638,0.31135,0.384912,0.610004,1.02682,0.216223,0.360849,-0.445513,-0.565569,0.028448,-0.213663,0.403452,-0.154979,0.93703,0.843685,-0.265647,0.508697,-0.359225,0.208354,0.359705,-0.41889
0.296,-0.313708,0.208069,0.524998,-0.310249,-0.348105,0.284818,0.0993183,0.416836,0.0914546,0.291971,0.174988,1.02002,-0.872604,-0.0924864,-0.66508,-0.494302,0.10856,0.169388,0.303153,0.207041,-1.24816,-0.220972,-0.233069,-0.0763006,0.557646,0.269535,0.169591,-0.392443,-0.591491,-0.728715,0.0303082,-0.209062,-1.03683,0.613855,-0.222675,0.153818,-0.579186,0.102405,0.23357,0.692013,-0.551648,1.21522,0.817288,0.0700133,-0.713346,0.0300506,0.435642,0.666591,1.18947,0.437901,-0.0779564,-0.43642,0.143613,-0.473471,-0.953974,-0.289927,0.522599,-0.134638,-0.248712,-0.476115,-0.9646,0.572499,0.408274,-0.571918,-1.08517,0.0425569,0.291861,-0.11456,0.545525,-0.983649,-0.718227,-1.05925,0.584834,-0.85212,0.721096,-0.60346,-0.0661769,0.29961,-0.593853,-0.0271626,0.356532,0.347531,0.525434,1.04439,0.214754,0.305093,-0.393096,-0.585131,0.123909,-0.166538,0.344559,-0.143426,0.964876,0.823695,-0.243764,0.567678,-0.410085,0.22829,0.305907,-0.390569
0.298,-0.276055,0.157106,0.584906,-0.265512,-0.287268,0.23412,0.0593719,0.391799,0.0555675,0.30127,0.0745972,1.0284,-0.882609,-0.0664355,-0.634275,-0.545065,0.0351638,0.184886,0.21485,0.183331,-1.24798,-0.148957,-0.192726,-0.0745721,0.526705,0.226743,0.121187,-0.425759,-0.561064,-0.730099,0.0215075,-0.171657,-1.04837,0.657037,-0.228698,0.101437,-0.565719,0.0609942,0.152553,0.666416,-0.559549,1.1735,0.818159,0.0730506,-0.729659,0.030538,0.390192,0.629114,1.25704,0.399473,-0.0895191,-0.333419,0.188059,-0.508094,-0.932121,-0.419118,0.535143,-0.168574,-0.206626,-0.424957,-0.936239,0.592643,0.479772,-0.544131,-1.08627,0.113135,0.344999,-0.142928,0.577973,-1.00562,-0.749811,-1.06547,0.524511,-0.777924,0.74841,-0.524632,-0.0368877,0.273864,-0.602421,-0.0291726,0.359618,0.384401,0.531411,1.00088,0.162607,0.287549,-0.397979,-0.590888,0.0823483,-0.159348,0.31591,-0.217409,0.931481,0.841629,-0.205242,0.532299,-0.448392,0.245723,0.307027,-0.445302
0.3,-0.294765,0.175098,0.615964,-0.285536,-0.254673,0.207805,0.0605758,0.340464,0.0481064,0.312582,0.0978219,0.974296,-0.876644,-0.117577,-0.697968,-0.603495,-0.0225742,0.166476,0.208536,0.2266,-1.23238,-0.153479,-0.205646,-0.0447318,0.479303,0.173516,0.111353,-0.462441,-0.551377,-0.727586,-0.0218033,-0.0488095,-1.04893,0.64563,-0.26519,0.133469,-0.617564,0.100944,0.199326,0.679647,-0.560666,1.2019,0.823561,0.0646061,-0.758103,0.0755847,0.305013,0.562266,1.29773,0.341562,-0.111627,-0.332402,0.126158,-0.516865,-1.00187,-0.432244,0.552422,-0.0869247,-0.229185,-0.419616,-0.905736,0.570956,0.485648,-0.520366,-1.12808,0.0901712,0.380553,-0.0598437,0.547705,-0.983889,-0.672242,-1.01742,0.457678,-0.704991,0.803337,-0.409155,-0.0500688,0.3045,-0.505597,0.0274808,0.343346,0.411643,0.501653,0.936459,0.111484,0.351925,-0.354561,-0.5814,0.0591387,-0.178769,0.222192,-0.193875,0.892389,0.793142,-0.179818,0.527372,-0.441207,0.342028,0.289789,-0.404084
0.302,-0.257641,0.117929,0.603303,-0.187898,-0.18081,0.276069,0.0712202,0.369192,0.0362618,0.303965,0.120504,0.94203,-0.878752,-0.125236,-0.707903,-0.599739,0.0816958,0.123735,0.200198,0.233398,-1.27372,-0.207277,-0.151545,-0.0325327,0.421266,0.119896,0.0726465,-0.421164,-0.548135,-0.802482,-0.0894958,-0.0731532,-1.05268,0.611238,-0.334086,0.0544367,-0.614682,0.215347,0.209607,0.637102,-0.601087,1.24498,0.820625,0.0106912,-0.693423,0.0529847,0.26233,0.566222,1.27676,0.321078,-0.198236,-0.312308,0.080233,-0.472126,-1.01738,-0.451209,0.489914,-0.0497233,-0.273641,-0.42224,-0.912594,0.572996,0.45172,-0.504677,-1.13514,0.0558469,0.419756,-0.074135,0.572005,-0.934197,-0.609729,-0.951019,0.430389,-0.753275,0.889881,-0.392693,-0.00224507,0.320881,-0.50821,0.0565527,0.322259,0.404026,0.484534,0.926419,0.0490006,0.341925,-0.358434,-0.521678,0.105905,-0.152728,0.31385,-0.186566,0.966311,0.689657,-0.137074,0.560073,-0.455624,0.389193,0.268551,-0.523866
0.304,-0.256296,0.115837,0.650471,-0.208492,-0.118725,0.255358,-0.019911,0.330252,0.0395564,0.26757,0.0630217,1.00601,-0.896663,-0.140782,-0.715605,-0.574845,0.134142,0.102736,0.321491,0.254921,-1.33041,-0.258487,-0.181373,0.00635699,0.398676,0.10075,-0.0257308,-0.365355,-0.53683,-0.829421,-0.0610097,-0.0857592,-1.04028,0.533031,-0.352287,0.0269423,-0.563621,0.21107,0.213433,0.585971,-0.673521,1.2613,0.852452,0.0961844,-0.730584,0.0769986,0.193813,0.594614,1.29121,0.357564,-0.0827471,-0.270988,0.134546,-0.475015,-1.03403,-0.478963,0.521873,-0.0550961,-0.276118,-0.461175,-0.884314,0.532401,0.528949,-0.496965,-1.12232,0.00267477,0.387155,-0.103575,0.589629,-0.865921,-0.677143,-0.879425,0.427854,-0.778638,0.909452,-0.371529,0.013803,0.294127,-0.563953,0.050316,0.379856,0.383294,0.471126,0.912652,0.0482816,0.311264,-0.432818,-0.481975,0.100739,-0.107258,0.327956,-0.144281,0.973673,0.732714,-0.113027,0.575692,-0.471584,0.400488,0.300721,-0.583931
0.306,-0.254663,0.0883015,0.704695,-0.201377,-0.0660542,0.239521,-0.0359053,0.250742,0.05703,0.306223,0.0764838,1.03607,-0.889109,-0.229996,-0.737282,-0.598258,0.149914,0.135619,0.256927,0.264668,-1.34825,-0.245396,-0.160922,0.0220755,0.407898,0.1219,0.0104219,-0.364483,-0.537638,-0.834636,-0.122794,-0.152944,-1.05163,0.582742,-0.424673,0.0265819,-0.632799,0.259208,0.240998,0.557532,-0.706347,1.26552,0.838882,0.105078,-0.682706,0.155335,0.154214,0.662516,1.2141,0.335256,-0.120922,-0.19077,0.0950102,-0.473062,-1.01019,-0.573774,0.556473,-0.0115796,-0.257782,-0.450392,-0.866051,0.517707,0.543966,-0.53053,-1.18792,-0.00129231,0.448936,-0.192118,0.594506,-0.863456,-0.643602,-0.909591,0.38737,-0.7425,0.885414,-0.392809,-0.0620317,0.299963,-0.500543,-0.0426357,0.355607,0.371639,0.500503,0.909816,0.0163394,0.367187,-0.386176,-0.512721,0.131632,-0.189209,0.278658,-0.0816622,1.03914,0.715203,-0.222198,0.607398,-0.419551,0.353248,0.300344,-0.572792
0.308,-0.374588,0.125461,0.739722,-0.13134,-0.074626,0.239948,-0.0922433,0.365494,0.0487381,0.263466,0.0951169,1.03984,-0.86656,-0.244211,-0.688666,-0.630684,0.106253,0.167614,0.232298,0.200623,-1.40594,-0.281695,-0.137953,0.0325887,0.427676,0.0599222,0.00680075,-0.293562,-0.515292,-0.901552,-0.138554,-0.178957,-1.00756,0.586459,-0.367154,0.0607115,-0.649145,0.241425,0.239329,0.551214,-0.723548,1.29842,0.849608,0.16024,-0.706083,0.219028,0.176729,0.644871,1.27048,0.352585,-0.0889796,-0.279326,0.10949,-0.549164,-1.00127,-0.569526,0.585073,-0.0118637,-0.189512,-0.424187,-0.871504,0.501622,0.526687,-0.619702,-1.2049,0.0508068,0.433715,-0.171186,0.472598,-0.814133,-0.694402,-0.957241,0.357714,-0.723037,0.859781,-0.336955,-0.0231901,0.319753,-0.529445,-0.0158941,0.392307,0.393082,0.527347,0.902952,0.00542972,0.450428,-0.410751,-0.4996,0.119171,-0.139534,0.236989,-0.0704602,1.03131,0.813101,-0.219818,0.66539,-0.468338,0.355613,0.309578,-0.597098
0.31,-0.353432,0.111857,0.756709,-0.206203,-0.103932,0.223644,0.0449871,0.397438,0.109735,0.269953,0.031822,0.992136,-0.865824,-0.274623,-0.723338,-0.617755,0.092941,0.218904,0.219426,0.159525,-1.46026,-0.209545,-0.124941,0.099323,0.366739,0.152574,-0.0668108,-0.240052,-0.526724,-0.935359,-0.164385,-0.116906,-1.00815,0.61519,-0.317346,0.0568303,-0.646707,0.292055,0.188767,0.470138,-0.74614,1.3744,0.923522,0.167669,-0.712325,0.182868,0.186053,0.654641,1.25947,0.370846,-0.0409913,-0.272728,0.0724062,-0.552915,-0.980407,-0.593086,0.601342,-0.0162227,-0.119069,-0.396299,-0.930111,0.512254,0.52501,-0.63418,-1.19324,0.169264,0.428764,-0.106844,0.485168,-0.804938,-0.683732,-0.981064,0.277699,-0.753518,0.877559,-0.364368,0.0369372,0.258928,-0.60815,0.0234805,0.343762,0.410704,0.569043,0.881339,0.023687,0.430409,-0.510124,-0.491503,0.0925808,-0.157327,0.236164,-0.110501,0.99946,0.815869,-0.232019,0.629665,-0.476319,0.3044,0.3268,-0.60524
0.312,-0.279836,0.1928,0.718071,-0.187213,-0.0995869,0.20255,-0.0138651,0.422785,0.0826926,0.274414,0.000764509,0.919769,-0.784014,-0.252901,-0.730009,-0.564642,0.0936091,0.172633,0.228036,0.158089,-1.41206,-0.262191,-0.0535844,0.0968085,0.38089,0.111458,-0.0656782,-0.198523,-0.472175,-0.922153,-0.133808,-0.115637,-1.02008,0.558299,-0.31637,0.0417907,-0.632222,0.280775,0.221467,0.4869,-0.805696,1.35165,0.97375,0.110426,-0.761006,0.166394,0.183194,0.700997,1.25449,0.335378,-0.0572228,-0.328763,0.13524,-0.546369,-1.04624,-0.532576,0.640559,0.046014,-0.0971664,-0.466889,-0.96876,0.594569,0.536615,-0.600025,-1.22097,0.148521,0.425692,-0.0823631,0.498519,-0.789676,-0.664701,-1.06852,0.412336,-0.735554,0.922045,-0.431531,-0.0239683,0.281806,-0.493491,0.0189419,0.362483,0.430807,0.546441,0.878186,0.0722404,0.427312,-0.459093,-0.476142,0.116228,-0.1956,0.206553,-0.0374845,0.992443,0.797447,-0.165533,0.628183,-0.501392,0.376557,0.290098,-0.560171
0.314,-0.28404,0.208339,0.63433,-0.197972,-0.0923924,0.220219,0.0463513,0.442507,0.0745706,0.224179,-0.0319214,1.00438,-0.74619,-0.274571,-0.752268,-0.544739,0.122043,0.168568,0.190073,0.18629,-1.39654,-0.23917,-0.00142777,0.10166,0.362731,0.147514,-0.140966,-0.220231,-0.489742,-1.02614,-0.0941052,-0.0501264,-1.02516,0.577155,-0.383367,0.0324525,-0.688752,0.288819,0.213104,0.493414,-0.758849,1.32805,0.9502,0.0961079,-0.769928,0.122714,0.230262,0.706152,1.33849,0.368834,-0.171911,-0.425561,0.175816,-0.571495,-1.11423,-0.520012,0.645173,0.0303558,-0.153143,-0.472939,-0.999024,0.612792,0.524314,-0.654947,-1.20729,0.0623191,0.421034,-0.0439445,0.580955,-0.797129,-0.595169,-1.08581,0.486188,-0.727973,0.900293,-0.402221,-0.0691858,0.221854,-0.436644,-0.0227095,0.383459,0.439095,0.529445,0.884645,-0.0431429,0.502416,-0.370118,-0.490751,0.0945984,-0.175868,0.269771,-0.0816176,0.986367,0.732291,-0.129858,0.651651,-0.525702,0.366968,0.325312,-0.596618
0.316,-0.263961,0.212548,0.652512,-0.263251,-0.0741074,0.253062,0.0491871,0.393593,0.0590234,0.225624,0.0205584,0.980795,-0.797785,-0.269817,-0.802731,-0.549801,0.121217,0.14993,0.176668,0.261945,-1.40987,-0.3082,-0.0119659,-0.00673265,0.385713,0.154845,-0.137317,-0.259159,-0.520382,-1.0377,-0.149852,-0.0261883,-1.09521,0.539352,-0.232059,0.124244,-0.67104,0.370112,0.204705,0.493913,-0.823249,1.36826,0.94816,0.179977,-0.70163,0.122893,0.206202,0.768796,1.28132,0.378799,-0.161997,-0.421571,0.134973,-0.523114,-1.01639,-0.562306,0.659438,0.0381771,-0.180203,-0.465906,-0.96022,0.613848,0.547218,-0.659942,-1.20177,0.117414,0.44604,-0.0445375,0.599824,-0.829304,-0.567065,-1.12719,0.507717,-0.785316,0.872044,-0.311382,-0.0948945,0.282726,-0.492633,-0.0304042,0.371593,0.435114,0.511236,0.929543,-0.0480759,0.547685,-0.356264,-0.511159,0.104657,-0.0834084,0.23257,-0.117348,0.994573,0.749624,-0.16691,0.666906,-0.531701,0.34583,0.327182,-0.677079
0.318,-0.335715,0.29019,0.721574,-0.201441,-0.123272,0.266076,0.0604654,0.35236,0.0486964,0.215905,0.111244,0.955305,-0.811252,-0.294513,-0.790268,-0.57232,0.160218,0.111548,0.226967,0.320046,-1.41335,-0.176244,-0.0139901,-0.0193191,0.415378,0.138267,-0.0585719,-0.231544,-0.436645,-1.13296,-0.0624604,0.0315098,-1.13576,0.533299,-0.261632,0.11986,-0.693427,0.475349,0.203469,0.431607,-0.907885,1.30467,1.02137,0.254659,-0.667798,0.124754,0.15656,0.830211,1.24791,0.371174,-0.146281,-0.498586,0.136685,-0.493789,-0.982096,-0.534811,0.716091,0.053771,-0.1199,-0.53309,-0.966977,0.688904,0.599958,-0.723265,-1.21919,0.0123519,0.499659,-0.143346,0.586266,-0.79759,-0.575307,-1.18293,0.514266,-0.765056,0.955952,-0.294514,-0.0487675,0.287146,-0.495189,-0.0934561,0.415046,0.459365,0.573736,0.95282,-0.0338369,0.597219,-0.353361,-0.525175,0.10622,-0.133417,0.2265,-0.0657972,0.976197,0.802217,-0.214038,0.690581,-0.492911,0.356089,0.328988,-0.646947
0.32,-0.376972,0.26412,0.768054,-0.224703,-0.115228,0.282815,0.0287543,0.311909,0.0907664,0.156811,0.12222,0.944291,-0.902166,-0.297211,-0.831214,-0.506787,0.140746,0.0398253,0.227227,0.25234,-1.41215,-0.154399,-0.0365802,0.0263582,0.352258,0.14528,-0.0369328,-0.23775,-0.375555,-1.1412,0.00635376,0.00360109,-1.15125,0.507655,-0.269915,0.13273,-0.710973,0.525742,0.209907,0.418993,-0.859219,1.30031,0.992943,0.221327,-0.759062,0.110308,0.101023,0.828268,1.21812,0.317533,-0.175658,-0.424768,0.0767201,-0.570723,-0.98924,-0.42415,0.672885,0.0674123,-0.177583,-0.542461,-0.985129,0.602537,0.583542,-0.69389,-1.20669,0.0213124,0.561736,-0.171346,0.665394,-0.789388,-0.515639,-1.16132,0.569726,-0.74762,1.03398,-0.274218,0.049127,0.297823,-0.460829,-0.125253,0.405998,0.46627,0.599895,0.945587,0.00913798,0.580991,-0.243027,-0.511548,0.0976511,-0.0739237,0.224949,-0.0741275,0.931255,0.787169,-0.205765,0.696116,-0.492091,0.356896,0.306188,-0.638616
0.322,-0.330391,0.359206,0.665959,-0.253687,-0.0761309,0.222367,0.0124046,0.331283,0.124542,0.15818,0.110139,0.898951,-0.877944,-0.264231,-0.764616,-0.444754,0.132693,0.0415853,0.244201,0.239942,-1.4686,-0.153406,-0.0616405,-0.0121117,0.348368,0.0981566,0.0236922,-0.20485,-0.402895,-1.07374,0.0032897,0.0150971,-1.1351,0.54654,-0.271909,0.113503,-0.716943,0.535998,0.26858,0.410777,-0.911965,1.35617,0.927855,0.167817,-0.806877,0.118878,0.0950907,0.90071,1.2306,0.334249,-0.136606,-0.388566,0.103257,-0.615229,-0.960998,-0.432079,0.729926,0.0170864,-0.0487601,-0.633514,-0.925772,0.622462,0.610129,-0.735945,-1.27206,0.0120286,0.580717,-0.211935,0.66888,-0.827798,-0.571585,-1.14569,0.584294,-0.671339,1.07041,-0.254441,0.0446865,0.273677,-0.402159,-0.0820435,0.474117,0.481371,0.650847,0.890914,0.000887896,0.542643,-0.295805,-0.394607,0.134989,-0.0632907,0.249572,-0.0225152,0.978485,0.817158,-0.24302,0.696805,-0.497508,0.28225,0.345133,-0.608666
0.324,-0.379874,0.370173,0.696524,-0.275997,-0.122925,0.208376,-0.0889527,0.33811,0.192385,0.199429,0.109237,0.965472,-0.94638,-0.292659,-0.80279,-0.553634,0.112402,0.140265,0.291628,0.229003,-1.44629,-0.249111,-0.0388762,-0.0117051,0.337498,0.126942,-0.0150587,-0.196369,-0.442116,-0.999445,0.0673126,0.0553154,-1.2205,0.558221,-0.223575,0.113416,-0.735008,0.550593,0.285513,0.477412,-0.932938,1.32878,0.896795,0.224989,-0.866455,0.172325,0.0287081,0.884419,1.24504,0.324674,-0.160868,-0.408305,0.101572,-0.630126,-1.00141,-0.440044,0.62128,0.0992473,-0.0694917,-0.621687,-0.956136,0.641191,0.642856,-0.768806,-1.27721,0.0526471,0.620607,-0.197443,0.715022,-0.759451,-0.575194,-1.15524,0.601667,-0.744782,1.09663,-0.20913,0.089516,0.329007,-0.420034,-0.122516,0.419063,0.465113,0.649821,0.932351,0.0513852,0.56501,-0.231669,-0.412389,0.129146,-0.059673,0.235453,-0.0400403,0.938435,0.940864,-0.254522,0.711663,-0.555211,0.297045,0.39458,-0.617419
0.326,-0.330846,0.375717,0.731478,-0.341032,-0.115768,0.226303,-0.122378,0.367298,0.194701,0.198507,0.11237,0.944149,-0.901209,-0.253454,-0.797989,-0.641317,0.1926,0.219584,0.327548,0.153584,-1.45941,-0.242967,-0.0337164,0.050574,0.327573,0.0876893,-0.0925205,-0.153762,-0.43343,-0.942917,0.0268147,0.0294157,-1.1662,0.595156,-0.240897,0.0494006,-0.674364,0.583142,0.345384,0.444091,-0.895776,1.34513,0.865982,0.229579,-0.874336,0.209949,0.0202858,0.895131,1.28961,0.287516,-0.106566,-0.421044,0.0402251,-0.586828,-0.974053,-0.438051,0.639941,0.0369821,-0.133227,-0.607473,-0.940585,0.669891,0.606983,-0.827422,-1.22434,-0.0442555,0.576623,-0.237173,0.785042,-0.758281,-0.591668,-1.12269,0.65471,-0.662549,1.05018,-0.183192,0.106622,0.309655,-0.448297,-0.18275,0.351123,0.411407,0.670396,0.921763,-0.00851767,0.645015,-0.212529,-0.4142,0.181598,0.00972374,0.255159,-0.024986,0.974447,0.918483,-0.261419,0.730026,-0.5847,0.274271,0.408605,-0.654941
0.328,-0.356564,0.359545,0.739265,-0.327937,-0.0292258,0.267728,-0.120396,0.309443,0.202304,0.26701,0.0649674,0.993617,-0.98,-0.2218,-0.821283,-0.667345,0.236934,0.26105,0.390839,0.106212,-1.45309,-0.25946,-0.000448014,0.0610728,0.37444,0.0996724,-0.0690475,-0.164882,-0.454092,-1.00242,0.0763196,0.0736254,-1.08366,0.558364,-0.249666,-0.0316611,-0.659205,0.606517,0.325275,0.434371,-0.943606,1.34429,0.860676,0.204908,-0.935777,0.19199,0.0633808,0.852322,1.3167,0.216515,-0.148734,-0.389874,0.0178322,-0.567875,-1.00595,-0.425116,0.618672,0.0278094,-0.111223,-0.62838,-0.929507,0.607815,0.588579,-0.756201,-1.27861,-0.0984791,0.578035,-0.194143,0.814443,-0.755175,-0.616515,-1.0859,0.699334,-0.653504,1.07941,-0.138399,0.135483,0.326734,-0.466274,-0.132324,0.40014,0.370107,0.748946,0.918956,-0.0174983,0.650064,-0.16656,-0.415425,0.105685,-0.0189667,0.29395,-0.0251183,0.960243,0.960159,-0.29321,0.738517,-0.606171,0.30955,0.485481,-0.686704
0.33,-0.337225,0.38983,0.793567,-0.43679,-0.0608473,0.296773,-0.103969,0.280207,0.187457,0.220276,0.0112883,0.976805,-0.929749,-0.301297,-0.846464,-0.707185,0.259073,0.222779,0.380702,0.154011,-1.45344,-0.261317,-0.0323662,0.0509301,0.339028,0.00301217,-0.042331,-0.158281,-0.43961,-1.02417,0.072964,0.102193,-1.0763,0.572699,-0.197632,-0.00722504,-0.629193,0.61666,0.369704,0.422667,-0.894673,1.31884,0.882808,0.212291,-1.00578,0.166967,0.0374632,0.92553,1.30326,0.179847,-0.142342,-0.403347,0.0236162,-0.556167,-0.973086,-0.442379,0.612073,0.00872029,-0.133414,-0.622139,-0.891663,0.619916,0.610522,-0.797835,-1.23169,-0.155399,0.522507,-0.212079,0.86517,-0.740421,-0.560345,-1.08193,0.681542,-0.636534,1.11251,-0.0918497,0.137382,0.29409,-0.451805,-0.0928555,0.407376,0.342916,0.744416,0.91236,-0.0280344,0.696961,-0.120901,-0.447735,0.190603,-0.024878,0.342307,-0.0146079,0.902987,0.935671,-0.300231,0.706935,-0.626524,0.281784,0.417905,-0.692592
0.332,-0.393974,0.430299,0.803364,-0.448307,-0.0153109,0.303306,-0.104097,0.253249,0.104712,0.247305,0.0843337,0.970667,-0.854277,-0.370567,-0.879738,-0.73106,0.209689,0.335423,0.391491,0.15789,-1.54159,-0.302113,0.0390073,0.108147,0.304094,0.0290676,-0.178744,-0.232466,-0.436924,-1.0996,0.0507978,0.0809264,-1.03054,0.604714,-0.244107,-0.000512445,-0.613242,0.665976,0.366354,0.508344,-0.902157,1.34339,0.853171,0.28631,-0.931431,0.209468,0.0279767,0.970988,1.26476,0.209829,-0.123495,-0.476203,0.0657403,-0.532804,-0.987036,-0.468862,0.542872,-0.0211604,-0.23731,-0.66574,-0.857373,0.542658,0.570003,-0.753163,-1.25271,-0.161788,0.634116,-0.212852,0.810211,-0.750664,-0.649428,-1.13243,0.693424,-0.68821,1.15358,-0.175775,0.149992,0.283844,-0.47136,-0.090204,0.35808,0.383007,0.793508,0.890769,0.03503,0.638623,-0.145151,-0.47399,0.242872,0.018894,0.32292,0.0343101,0.84308,0.967277,-0.285801,0.655967,-0.596233,0.298971,0.434726,-0.625217
0.334,-0.402859,0.506718,0.816947,-0.537356,0.0143643,0.356985,-0.132761,0.329689,0.127774,0.234716,0.076843,0.973822,-0.834182,-0.346609,-0.867253,-0.753043,0.160617,0.316976,0.392554,0.191792,-1.52121,-0.209417,0.0941723,0.0850646,0.305009,0.0860747,-0.215715,-0.252329,-0.404328,-1.17407,0.0973274,0.113717,-1.03444,0.57394,-0.283117,0.030094,-0.603,0.665728,0.377779,0.424836,-0.926225,1.35134,0.911675,0.302788,-0.869733,0.245974,-0.00519544,0.933471,1.1593,0.19134,-0.0820842,-0.502279,0.074747,-0.497324,-0.936108,-0.404208,0.570433,-0.0662816,-0.262825,-0.624371,-0.815502,0.561919,0.506194,-0.770426,-1.22912,-0.0855522,0.579415,-0.131076,0.788539,-0.684744,-0.735,-1.05996,0.699499,-0.642541,1.19681,-0.15969,0.193398,0.293573,-0.477019,-0.0515065,0.389967,0.502248,0.832372,0.891081,0.0207221,0.62966,-0.121645,-0.50516,0.30998,0.0218785,0.269162,0.110091,0.920133,1.02666,-0.210066,0.657009,-0.669958,0.28854,0.417074,-0.556586
0.336,-0.344284,0.488364,0.764096,-0.582682,-0.0234136,0.361674,-0.0753836,0.429123,0.0667733,0.271435,0.0833049,0.924026,-0.871445,-0.303942,-0.873191,-0.703774,0.172836,0.390653,0.363578,0.114199,-1.52968,-0.277004,0.0772842,0.0604629,0.287286,0.0520423,-0.14901,-0.246414,-0.431676,-1.21603,0.225771,0.181174,-0.99823,0.636503,-0.272049,0.124966,-0.598386,0.676518,0.352776,0.434115,-0.842642,1.39165,0.859087,0.276099,-0.844029,0.322754,-0.0397472,0.965246,1.12386,0.133926,-0.103751,-0.478084,0.0747179,-0.458041,-0.938189,-0.392961,0.591619,-0.0350116,-0.176867,-0.601827,-0.861059,0.541285,0.613828,-0.860366,-1.21788,-0.0979123,0.576851,-0.11379,0.797444,-0.640467,-0.743601,-0.963258,0.684467,-0.65831,1.20962,-0.170967,0.220987,0.324021,-0.523837,0.0154555,0.409411,0.51987,0.887888,0.988568,0.05528,0.633375,-0.146513,-0.580976,0.273437,0.0417739,0.206957,0.162553,0.95236,1.07611,-0.1822,0.679968,-0.70229,0.324883,0.439845,-0.487752
0.338,-0.325408,0.480626,0.764167,-0.46958,-0.0681305,0.324404,-0.0860029,0.458234,0.0693418,0.264734,0.101034,0.911794,-0.870984,-0.241293,-0.861,-0.720586,0.129253,0.412645,0.397143,0.0868385,-1.58333,-0.251064,0.0929046,0.0915406,0.28487,0.0456083,-0.236496,-0.167199,-0.423127,-1.14599,0.209978,0.169208,-0.962078,0.703317,-0.329883,0.140646,-0.587912,0.688852,0.372534,0.373427,-0.782365,1.47526,0.884512,0.292599,-0.740794,0.308638,-0.0957215,0.97442,1.10174,0.124591,-0.0699026,-0.512832,0.103066,-0.538672,-0.935987,-0.284989,0.552131,0.037611,-0.18269,-0.558142,-0.876556,0.464771,0.677192,-0.908183,-1.15614,-0.112658,0.551672,-0.0701362,0.899335,-0.623104,-0.806954,-0.984767,0.690442,-0.711964,1.17848,-0.165497,0.17728,0.299771,-0.502221,-0.0110355,0.515967,0.601667,0.894951,0.975002,0.111365,0.598833,-0.101179,-0.585452,0.266477,0.00356034,0.212937,0.138698,0.975592,1.12004,-0.175854,0.622119,-0.626799,0.312971,0.426982,-0.510015
0.34,-0.30403,0.489694,0.701484,-0.491742,-0.0528686,0.257788,-0.0453707,0.428414,0.054374,0.392313,0.215658,0.85436,-0.84662,-0.192967,-0.814969,-0.791468,0.0838004,0.400189,0.443158,0.0940216,-1.61176,-0.280246,0.135428,0.152415,0.268763,0.0989599,-0.195473,-0.120021,-0.39185,-1.11467,0.160152,0.145755,-0.917855,0.715125,-0.247626,0.113096,-0.600706,0.71737,0.374563,0.382119,-0.741634,1.42432,0.823287,0.259445,-0.6651,0.401598,-0.0645968,0.99671,1.06018,0.132382,-0.137263,-0.547701,0.108764,-0.597812,-1.01222,-0.253709,0.581166,0.0876474,-0.155092,-0.555889,-0.879766,0.461602,0.650247,-0.927408,-1.18782,-0.104915,0.570715,-0.0299827,0.910756,-0.592847,-0.736412,-0.995044,0.74145,-0.720985,1.24436,-0.135066,0.230812,0.293714,-0.518008,0.0396663,0.520571,0.637252,0.86529,0.968709,0.101598,0.627614,-0.116297,-0.609078,0.312765,-0.0168753,0.329601,0.193691,0.992496,1.17579,-0.240081,0.647731,-0.631926,0.338665,0.487104,-0.536641
0.342,-0.34748,0.559735,0.686532,-0.492995,-0.0119627,0.1777,0.014142,0.405692,0.108987,0.400697,0.260656,0.927358,-0.818911,-0.227245,-0.793644,-0.787938,0.0425205,0.408288,0.479716,0.079641,-1.56707,-0.297751,0.105303,0.120194,0.273335,0.121069,-0.177149,-0.048092,-0.444243,-1.12358,0.104526,0.0881753,-0.867071,0.708566,-0.210423,0.134537,-0.593518,0.63789,0.367426,0.334051,-0.744819,1.44389,0.881705,0.339982,-0.719262,0.365267,-0.0993201,0.975305,1.06712,0.101655,-0.225786,-0.563244,0.0948429,-0.609717,-1.11772,-0.20253,0.612695,0.0285987,-0.120684,-0.632982,-0.844334,0.36648,0.709886,-0.905904,-1.11229,-0.134057,0.562747,0.0144047,0.882337,-0.586561,-0.813087,-0.97352,0.775533,-0.731262,1.26009,-0.134113,0.209972,0.311846,-0.540061,0.142195,0.612206,0.748928,0.870612,0.976468,0.0925739,0.840046,-0.0724524,-0.551303,0.249346,0.00153046,0.266969,0.224492,0.875084,1.19564,-0.210738,0.688474,-0.562592,0.368045,0.466073,-0.457569
0.344,-0.370416,0.552331,0.752385,-0.459707,-0.0702281,0.183858,-0.026999,0.353203,0.0832612,0.300946,0.243305,0.879234,-0.793742,-0.272078,-0.808643,-0.723003,-0.0146586,0.368541,0.48857,0.0642183,-1.59529,-0.300333,0.151133,0.024609,0.311452,0.0311782,-0.225744,0.0131104,-0.400118,-1.23296,0.113109,0.142136,-0.884936,0.791284,-0.157698,0.19205,-0.626996,0.593879,0.392991,0.331144,-0.754182,1.39784,0.862321,0.355074,-0.73777,0.346225,-0.0717915,1.04604,1.03076,0.0376153,-0.151014,-0.575849,0.0696567,-0.603105,-1.12498,-0.157652,0.650219,0.0701723,-0.0607663,-0.615643,-0.829553,0.320334,0.719994,-0.856859,-1.13802,-0.0986299,0.63129,0.00620699,0.930556,-0.600945,-0.797301,-0.961847,0.830713,-0.691943,1.25567,-0.0565327,0.259329,0.384433,-0.486489,0.174724,0.610438,0.765922,0.861134,1.04475,0.0601678,0.823042,-0.0488684,-0.525489,0.272305,-0.0683431,0.297705,0.256432,0.891796,1.1602,-0.184014,0.636953,-0.557548,0.279139,0.437259,-0.467678
0.346,-0.367683,0.414217,0.823485,-0.504327,-0.0157848,0.256073,-0.0861556,0.360991,0.109352,0.233015,0.322822,0.864592,-0.788688,-0.265345,-0.835862,-0.730116,-0.0639368,0.374049,0.537283,-0.0223156,-1.61001,-0.299625,0.150693,0.065534,0.31147,0.0380181,-0.295668,0.0828618,-0.404626,-1.24647,0.121959,0.125239,-0.918443,0.77397,-0.16018,0.223496,-0.605339,0.576814,0.298915,0.311546,-0.715026,1.41455,0.820446,0.373629,-0.646763,0.289597,-0.0588315,1.08393,1.08039,0.0781373,-0.129565,-0.574558,0.132292,-0.563953,-1.11344,-0.166391,0.577935,0.0482531,-0.0275868,-0.572385,-0.759387,0.364027,0.706178,-0.844585,-1.14392,-0.0965276,0.679165,-0.0261513,0.885693,-0.649214,-0.782487,-0.979794,0.796703,-0.736025,1.28469,-0.154641,0.231818,0.372831,-0.491076,0.145676,0.577898,0.703172,0.873788,1.0528,0.100003,0.761393,-0.0571332,-0.529303,0.238092,-0.016031,0.372039,0.263115,0.93727,1.1252,-0.144779,0.639752,-0.618632,0.233157,0.469432,-0.462719
0.348,-0.388579,0.403422,0.821523,-0.542071,-0.0366794,0.190408,-0.0586091,0.378036,0.11997,0.291665,0.33406,0.811557,-0.803669,-0.299118,-0.919851,-0.71811,-0.00258578,0.44187,0.50025,-0.0207553,-1.63927,-0.358045,0.175478,0.125414,0.273863,0.0197269,-0.29688,0.00883294,-0.457456,-1.33574,0.15635,0.111343,-0.950127,0.777576,-0.220241,0.240533,-0.623221,0.545576,0.276429,0.378904,-0.679465,1.42848,0.797,0.261114,-0.686704,0.334161,-0.14846,1.09697,1.07949,0.0588979,-0.286012,-0.58831,0.0722997,-0.556992,-1.14733,-0.18982,0.545562,0.0449265,-0.0595954,-0.509876,-0.732133,0.323113,0.794035,-0.766933,-1.19824,-0.102413,0.721584,0.00751268,0.832631,-0.702517,-0.820119,-0.975962,0.834406,-0.71101,1.30503,-0.112918,0.240698,0.390199,-0.524449,0.166554,0.59511,0.731071,0.826999,1.10826,0.078629,0.697924,-0.0591634,-0.512555,0.199238,-0.0114547,0.374889,0.281606,0.955702,1.11022,-0.106554,0.677997,-0.570857,0.332917,0.427658,-0.479877
0.35,-0.392913,0.46189,0.826667,-0.594302,-0.0481962,0.205027,-0.0728574,0.406549,0.130233,0.315233,0.422177,0.877175,-0.873326,-0.229161,-0.902593,-0.700648,0.0910185,0.465665,0.455486,0.0265307,-1.75518,-0.319543,0.234769,0.119462,0.29589,0.0391848,-0.405792,-0.0566844,-0.43601,-1.36206,0.188653,0.095683,-0.965302,0.80748,-0.281742,0.231683,-0.660507,0.512932,0.192481,0.509414,-0.705407,1.40976,0.705053,0.186424,-0.745352,0.385905,-0.16248,1.18445,1.06671,0.0813864,-0.275847,-0.637604,0.12363,-0.519258,-1.14431,-0.128616,0.539191,0.0110022,-0.159112,-0.454834,-0.814508,0.37969,0.829676,-0.782974,-1.20292,-0.0719321,0.680592,-0.036747,0.807742,-0.732276,-0.912373,-0.915834,0.839028,-0.708788,1.31687,-0.170929,0.19314,0.438679,-0.595476,0.117201,0.605305,0.681524,0.819287,1.05968,-0.0127051,0.644677,-0.119181,-0.498296,0.18754,-0.076112,0.429014,0.258733,1.03451,1.13626,-0.0809292,0.636264,-0.549151,0.320652,0.37403,-0.494483
0.352,-0.398792,0.50996,0.833968,-0.608817,-0.0217767,0.1675,-0.0819969,0.430473,0.118959,0.316056,0.446877,0.894571,-0.839298,-0.206917,-0.979384,-0.735032,0.00391722,0.404345,0.521056,0.0197089,-1.74167,-0.242134,0.211157,0.140553,0.316073,0.0285702,-0.395147,-0.0115307,-0.466682,-1.40938,0.207221,0.0100923,-1.01257,0.759931,-0.209779,0.238437,-0.766434,0.493487,0.177502,0.547086,-0.711057,1.43339,0.729728,0.179612,-0.709201,0.33417,-0.242788,1.22632,1.05851,0.157097,-0.283197,-0.651798,0.12417,-0.577435,-1.16257,-0.0861863,0.542061,0.0271478,-0.129825,-0.504998,-0.720904,0.375434,0.780818,-0.747047,-1.1748,-0.0468112,0.641401,-0.0774738,0.778026,-0.811661,-0.880834,-0.889766,0.773019,-0.756209,1.27146,-0.100893,0.16603,0.421076,-0.672554,0.0934159,0.603979,0.789758,0.808579,1.0374,-0.0290894,0.672086,-0.0738801,-0.50329,0.148757,-0.120626,0.414441,0.319215,0.997351,1.14206,-0.0920837,0.628701,-0.570908,0.282698,0.414301,-0.420636
0.354,-0.396812,0.501549,0.829953,-0.600037,-0.0465973,0.227511,-0.0672209,0.46613,0.0115898,0.332193,0.500078,0.964583,-0.901558,-0.28067,-0.8528,-0.700389,0.0469017,0.483544,0.470489,-0.00491095,-1.81977,-0.308546,0.254354,0.0760253,0.294508,0.00733375,-0.424863,0.0441441,-0.419239,-1.46464,0.16679,-0.0358505,-1.0597,0.877763,-0.22029,0.183217,-0.747237,0.512648,0.120897,0.637586,-0.724971,1.48105,0.719379,0.270881,-0.615954,0.385583,-0.235343,1.29629,1.01525,0.0915115,-0.340531,-0.666497,0.191553,-0.61949,-1.13294,-0.102314,0.45426,0.0449067,-0.0775683,-0.434973,-0.636456,0.343539,0.792862,-0.724167,-1.1036,-0.0635882,0.671228,-0.0282519,0.728486,-0.806287,-0.849379,-0.934741,0.776911,-0.75859,1.27141,-0.12616,0.182601,0.37897,-0.714074,0.067929,0.570219,0.735507,0.711715,0.933458,-0.0613248,0.654608,-0.111967,-0.499501,0.187175,-0.138744,0.378448,0.273293,1.00609,1.12868,-0.165399,0.671941,-0.560324,0.260632,0.389679,-0.372793
0.356,-0.494636,0.538643,0.828914,-0.595018,-0.0193776,0.23511,-0.111331,0.456435,0.0261391,0.323205,0.568358,1.01919,-0.899233,-0.34526,-0.846561,-0.747833,0.0468574,0.518321,0.423041,-0.0835016,-1.7974,-0.278426,0.225252,0.151715,0.255672,0.0446686,-0.345439,0.0229903,-0.451021,-1.44824,0.180348,-0.0331847,-1.10791,0.896724,-0.189098,0.249683,-0.768057,0.572688,0.0610041,0.696047,-0.668748,1.501,0.718955,0.305054,-0.634527,0.392011,-0.157231,1.33711,0.995169,0.073484,-0.376987,-0.582276,0.19303,-0.64908,-1.17607,-0.11496,0.427574,0.121651,-0.113352,-0.436897,-0.554722,0.342317,0.773358,-0.792499,-1.13757,-0.095043,0.633261,-0.0749589,0.70624,-0.82626,-0.874156,-0.971128,0.73326,-0.701872,1.24258,-0.224084,0.122187,0.333818,-0.758609,0.186709,0.631099,0.696388,0.74254,0.947112,-0.0454111,0.618648,-0.158491,-0.533735,0.123401,-0.179831,0.371871,0.236772,0.981177,1.12834,-0.118584,0.62293,-0.515408,0.231738,0.347853,-0.379635
0.358,-0.526412,0.527065,0.819551,-0.655427,0.0137481,0.218739,-0.14201,0.451875,0.0494805,0.314834,0.620508,0.952892,-0.888969,-0.386207,-0.897187,-0.745295,-0.049481,0.548512,0.459467,-0.0304798,-1.75539,-0.338207,0.214374,0.136503,0.282137,0.072774,-0.32795,0.0420184,-0.439511,-1.50604,0.199398,-0.0188761,-1.12689,0.892105,-0.171109,0.256705,-0.830598,0.592687,0.0429709,0.633043,-0.608437,1.49602,0.620331,0.303894,-0.590087,0.331194,-0.26614,1.29636,0.97312,0.0552078,-0.333593,-0.648482,0.23736,-0.618187,-1.1722,-0.149732,0.440806,0.116243,-0.15106,-0.467874,-0.585617,0.381023,0.853652,-0.801415,-1.04344,-0.11764,0.771062,-0.075463,0.716914,-0.780046,-0.925766,-1.01742,0.748293,-0.695563,1.24629,-0.204847,0.176681,0.277071,-0.823146,0.266845,0.652951,0.693433,0.756289,1.00846,-0.076597,0.583038,-0.206733,-0.55188,0.115402,-0.233379,0.354092,0.193907,1.04983,1.14573,-0.147685,0.580401,-0.493263,0.205254,0.345594,-0.398929
0.36,-0.437513,0.522494,0.764656,-0.686156,0.0440068,0.224231,-0.180129,0.429122,0.0442389,0.223465,0.601379,0.911732,-0.845009,-0.34257,-0.823734,-0.778245,-0.0833649,0.501532,0.511217,-0.0492152,-1.71018,-0.389273,0.248292,0.123227,0.266748,0.00653509,-0.349284,0.0995979,-0.388435,-1.53085,0.246214,-0.0518745,-1.08175,0.956385,-0.229915,0.261149,-0.796231,0.648497,0.0244577,0.6916,-0.636647,1.60377,0.60669,0.327171,-0.619548,0.377832,-0.280046,1.36393,1.02376,0.0699179,-0.155831,-0.650291,0.250174,-0.602669,-1.14606,-0.177172,0.419938,0.169826,-0.152653,-0.497701,-0.563353,0.375785,0.805963,-0.791826,-1.08148,-0.0988873,0.746765,-0.0685132,0.670265,-0.947657,-0.953794,-0.984331,0.819469,-0.635812,1.19405,-0.224959,0.118692,0.260005,-0.805345,0.226013,0.70659,0.698298,0.708235,1.00903,-0.0760256,0.566832,-0.254386,-0.53848,0.120145,-0.208498,0.344726,0.229416,0.995861,1.16678,-0.191804,0.668274,-0.545982,0.208005,0.291683,-0.428342
0.362,-0.426768,0.517803,0.737048,-0.679374,-0.0203138,0.31934,-0.225899,0.415298,0.0676829,0.27543,0.630322,0.958827,-0.84013,-0.334451,-0.720308,-0.803114,-0.0680937,0.495411,0.467302,-0.0235568,-1.77468,-0.386131,0.262045,0.106479,0.334792,0.105119,-0.36539,0.0500758,-0.414323,-1.4424,0.218477,-0.00595349,-1.05643,0.961542,-0.271073,0.223463,-0.735837,0.679053,0.0808918,0.68478,-0.656872,1.60028,0.645695,0.230822,-0.604481,0.322098,-0.269844,1.33698,0.962475,0.133775,-0.104255,-0.70734,0.230227,-0.565204,-1.17376,-0.154325,0.476778,0.0960051,-0.109642,-0.477323,-0.576577,0.342666,0.830672,-0.727386,-1.06439,-0.0815906,0.756763,-0.126421,0.661362,-0.991596,-0.977937,-1.02669,0.733741,-0.630837,1.21792,-0.125203,0.109832,0.278059,-0.82772,0.233419,0.725603,0.722017,0.630363,1.04242,0.00130653,0.529497,-0.301809,-0.592891,0.0979201,-0.177124,0.332435,0.212948,1.00463,1.18578,-0.133491,0.649475,-0.564578,0.128792,0.372081,-0.328482
0.364,-0.418411,0.516645,0.785871,-0.631985,0.0038092,0.284183,-0.172389,0.426157,0.0428189,0.287217,0.545751,0.927673,-0.837966,-0.330191,-0.690932,-0.731413,-0.0854784,0.534913,0.473079,0.0193359,-1.74717,-0.407226,0.199461,0.109889,0.317913,0.0787372,-0.374346,0.149936,-0.369255,-1.46439,0.209334,0.0305174,-1.06739,0.96375,-0.297752,0.171205,-0.794696,0.719225,0.139685,0.642611,-0.673391,1.61419,0.665215,0.281524,-0.511499,0.320682,-0.268894,1.42637,0.939012,0.216011,-0.134195,-0.671027,0.222637,-0.546789,-1.14851,-0.166122,0.440001,0.0909946,-0.200185,-0.443515,-0.588936,0.338735,0.829936,-0.657253,-1.16878,-0.0865104,0.773407,-0.103977,0.612049,-0.983135,-1.00614,-0.937115,0.851132,-0.601297,1.25213,-0.102796,0.0697836,0.370692,-0.83831,0.221176,0.683768,0.840001,0.670446,1.10172,-0.0252798,0.526609,-0.285466,-0.58434,0.122352,-0.19387,0.37736,0.098447,0.916944,1.27046,-0.0814396,0.672373,-0.534032,0.142441,0.395106,-0.396419
0.366,-0.465891,0.538058,0.834912,-0.618937,0.0962165,0.315225,-0.135974,0.388768,0.0744093,0.30043,0.578102,0.907373,-0.85813,-0.367135,-0.626421,-0.673235,-0.0401274,0.472461,0.455191,-0.0321814,-1.70249,-0.438288,0.164523,0.15876,0.341879,0.0734298,-0.431121,0.0975726,-0.340375,-1.44633,0.260524,0.0801056,-1.08919,0.822647,-0.274243,0.208728,-0.754655,0.749943,0.113918,0.562382,-0.693067,1.64277,0.66012,0.26897,-0.55736,0.410305,-0.281329,1.4271,0.915636,0.256852,-0.177767,-0.716929,0.240405,-0.565836,-1.11373,-0.153997,0.476843,0.0616989,-0.191747,-0.430732,-0.570423,0.391997,0.790753,-0.734304,-1.27946,-0.0965032,0.814895,-0.0768624,0.719041,-1.0403,-1.07624,-0.849776,0.857111,-0.557334,1.28322,-0.101174,0.130957,0.37759,-0.810456,0.268767,0.718187,0.894641,0.686246,1.1131,-0.00623245,0.512736,-0.290161,-0.534741,0.107481,-0.152709,0.421406,0.175816,0.916545,1.20224,-0.134211,0.655893,-0.571934,0.0944326,0.453185,-0.329473
0.368,-0.448169,0.480983,0.817403,-0.661621,0.0550793,0.353659,-0.19527,0.354577,0.176207,0.202572,0.536512,0.964423,-0.826233,-0.327486,-0.57076,-0.654831,-0.0351328,0.439719,0.46859,-0.0578579,-1.7094,-0.401037,0.176637,0.127759,0.359328,0.094045,-0.448404,0.0992931,-0.404598,-1.48164,0.250335,0.0540383,-1.04026,0.772384,-0.338286,0.248617,-0.752205,0.791381,0.0632661,0.62987,-0.735755,1.57038,0.617546,0.310115,-0.564219,0.372964,-0.205456,1.49198,0.955046,0.270334,-0.20086,-0.738728,0.275716,-0.525032,-1.07329,-0.239728,0.436517,0.0580869,-0.151642,-0.462182,-0.529407,0.337355,0.873331,-0.774249,-1.29596,-0.173082,0.805809,-0.0273057,0.673286,-1.09461,-1.08413,-0.849986,0.843409,-0.551279,1.31013,-0.0914197,0.150233,0.340112,-0.770712,0.190849,0.717398,0.887258,0.754724,1.0342,-0.0369554,0.508303,-0.232372,-0.564416,0.0572304,-0.238698,0.4966,0.1349,0.833766,1.16243,-0.299863,0.710058,-0.606726,0.076246,0.431616,-0.28521
0.37,-0.413523,0.524886,0.797044,-0.630362,0.107682,0.407248,-0.207649,0.428642,0.120255,0.275505,0.520997,1.01318,-0.85063,-0.306209,-0.596568,-0.624,-0.0267119,0.440349,0.351773,-0.0507857,-1.71558,-0.438198,0.138182,0.133344,0.393448,-0.00736762,-0.464062,0.0406597,-0.428867,-1.52465,0.26942,0.0449668,-1.02242,0.696851,-0.37552,0.171011,-0.82101,0.787199,0.174477,0.638154,-0.762518,1.57853,0.692169,0.331586,-0.544267,0.422461,-0.183214,1.50759,0.931522,0.246,-0.164256,-0.742072,0.298216,-0.512455,-1.16018,-0.280907,0.487865,0.132692,-0.125754,-0.465566,-0.481776,0.340425,0.857135,-0.747732,-1.31131,-0.180489,0.844848,-0.0334529,0.653282,-1.10482,-1.09279,-0.770631,0.84997,-0.602406,1.29751,-0.0957754,0.160945,0.385653,-0.802912,0.169748,0.676587,0.859625,0.714555,0.974731,-0.0825887,0.483096,-0.291767,-0.586476,0.0571018,-0.235147,0.525602,0.140746,0.837966,1.18946,-0.220177,0.69008,-0.668507,0.0394019,0.388976,-0.146507
0.372,-0.393911,0.499629,0.76905,-0.706332,0.100509,0.436349,-0.284185,0.42845,0.121819,0.310151,0.443462,1.05741,-0.865016,-0.262708,-0.641315,-0.643647,-0.0322716,0.382085,0.280533,-0.09102,-1.74471,-0.407626,0.115384,0.123141,0.442083,-0.00691497,-0.481088,0.0652254,-0.412077,-1.4794,0.28184,0.0931714,-1.0173,0.723483,-0.384919,0.105101,-0.816949,0.742392,0.0762128,0.64914,-0.731314,1.51274,0.715476,0.358019,-0.565047,0.431924,-0.186185,1.47221,0.88503,0.286539,-0.225083,-0.790656,0.269226,-0.542238,-1.1439,-0.35989,0.43438,0.189457,-0.139868,-0.442399,-0.454169,0.409415,0.833275,-0.738267,-1.2724,-0.287962,0.8559,0.0695365,0.625355,-1.12693,-1.03821,-0.726611,0.815249,-0.600726,1.33178,-0.145883,0.205524,0.42778,-0.85193,0.242389,0.762248,0.859979,0.773396,1.0596,-0.0777669,0.492945,-0.281355,-0.584362,-0.0350262,-0.23785,0.545865,0.149444,0.759532,1.14742,-0.238241,0.670584,-0.692866,0.0720061,0.436708,-0.137106
0.374,-0.423133,0.445094,0.768672,-0.653241,0.125537,0.35758,-0.307042,0.510265,0.0838396,0.334997,0.386569,1.09417,-0.815379,-0.335537,-0.528227,-0.656526,-0.0199828,0.330911,0.345224,0.035652,-1.74035,-0.484633,0.142661,0.17305,0.473341,0.0118129,-0.443535,0.0851642,-0.472511,-1.4663,0.230655,0.108596,-1.08718,0.729364,-0.426936,0.0920597,-0.810661,0.738773,0.00207111,0.712179,-0.650288,1.51248,0.74821,0.321172,-0.478273,0.44677,-0.18985,1.427,0.809888,0.291208,-0.177715,-0.803377,0.253596,-0.493323,-1.09377,-0.392043,0.387869,0.225096,-0.176918,-0.528534,-0.385476,0.424013,0.877236,-0.776376,-1.2432,-0.241714,0.849364,0.0315698,0.624061,-1.07922,-1.0202,-0.776762,0.910894,-0.613498,1.27185,-0.186734,0.159506,0.462306,-0.894384,0.268491,0.747651,0.92486,0.758001,1.11745,-0.0578296,0.576691,-0.325581,-0.64724,0.0487095,-0.213327,0.518299,0.165002,0.83364,1.20337,-0.183612,0.654552,-0.718367,0.0464835,0.45302,-0.147335
0.376,-0.526834,0.364873,0.847862,-0.670981,0.105996,0.350268,-0.370586,0.480751,0.0877769,0.30554,0.358395,1.12426,-0.83588,-0.266181,-0.49778,-0.653207,-0.0379219,0.321849,0.301434,-0.0272781,-1.69213,-0.456335,0.171124,0.088674,0.405644,-0.000981945,-0.411456,0.141302,-0.421718,-1.44409,0.181268,0.0559164,-1.10637,0.734296,-0.423385,0.0688232,-0.690896,0.710135,0.0769109,0.760068,-0.640571,1.57879,0.726255,0.325029,-0.504515,0.415223,-0.161058,1.40577,0.78004,0.245145,-0.183325,-0.8343,0.264514,-0.422291,-1.19298,-0.40759,0.443395,0.299876,-0.171074,-0.573589,-0.39232,0.464419,0.82812,-0.789507,-1.22353,-0.312372,0.924928,0.0817457,0.563104,-1.01864,-0.970497,-0.693155,0.915044,-0.622636,1.35496,-0.197989,0.151912,0.433604,-0.901355,0.276763,0.682619,0.980983,0.753536,1.02328,-0.0746076,0.676279,-0.312711,-0.653312,0.0758785,-0.186835,0.552317,0.181025,0.836548,1.21575,-0.223402,0.722718,-0.666555,0.0209021,0.478767,-0.123063
0.378,-0.495924,0.371529,0.755654,-0.674386,0.114775,0.329049,-0.376354,0.443818,0.106195,0.281505,0.286397,1.07346,-0.846042,-0.313527,-0.462595,-0.691004,-0.0156236,0.348088,0.283794,-0.0174662,-1.71464,-0.401365,0.170472,0.0752881,0.38286,-0.0372202,-0.314215,0.161189,-0.366136,-1.46879,0.152352,0.0349985,-1.15928,0.708839,-0.43851,0.0605277,-0.730091,0.782553,0.0725179,0.762196,-0.565656,1.54985,0.747557,0.356809,-0.461554,0.43314,-0.117576,1.36113,0.740072,0.288291,-0.119985,-0.863071,0.290469,-0.387708,-1.18504,-0.422556,0.479281,0.306495,-0.151956,-0.528065,-0.297796,0.468441,0.871394,-0.766733,-1.18639,-0.340737,0.904008,0.0286133,0.602775,-1.02562,-0.889519,-0.676753,0.935997,-0.607966,1.30284,-0.206435,0.132935,0.396896,-0.89734,0.297676,0.607212,0.981264,0.696938,0.996301,-0.0894497,0.703226,-0.325295,-0.620294,0.0308576,-0.128918,0.568395,0.125753,0.853172,1.21275,-0.160587,0.732469,-0.682508,0.0271472,0.459972,-0.144084
0.38,-0.556781,0.355162,0.773513,-0.688331,0.100061,0.265399,-0.346276,0.452938,0.137658,0.219004,0.341232,1.11774,-0.817281,-0.334831,-0.470917,-0.660037,-0.0560298,0.307794,0.251752,0.030853,-1.67361,-0.440064,0.0789548,0.073299,0.411614,-0.0807625,-0.320598,0.204903,-0.40066,-1.43223,0.134168,0.0568911,-1.18865,0.718772,-0.502207,0.0664487,-0.776143,0.789,0.0931785,0.791063,-0.515479,1.58951,0.736912,0.255283,-0.419175,0.515388,-0.104438,1.40892,0.727891,0.299093,-0.13729,-0.823664,0.222737,-0.372212,-1.19367,-0.413731,0.498994,0.271526,-0.12143,-0.519935,-0.370047,0.50198,0.898751,-0.768422,-1.18959,-0.256377,0.84692,0.0666198,0.602363,-1.02066,-0.911221,-0.615682,0.898384,-0.589798,1.32095,-0.176908,0.120643,0.350627,-0.843132,0.322019,0.56375,0.99218,0.677527,1.01451,-0.0873238,0.748442,-0.310737,-0.576344,-0.00189415,-0.170098,0.479042,0.140684,0.853463,1.20296,-0.208767,0.757697,-0.61184,0.0716162,0.535149,-0.168713
0.382,-0.595893,0.411829,0.823022,-0.663006,0.0502837,0.203329,-0.320765,0.547133,0.106997,0.294649,0.276052,1.08439,-0.77615,-0.307652,-0.331601,-0.735208,-0.0516008,0.338126,0.219059,0.0406281,-1.77488,-0.443212,0.0848844,0.0744366,0.387455,-0.112181,-0.325139,0.23987,-0.393989,-1.48718,0.11996,0.115327,-1.18529,0.703975,-0.441915,0.0819876,-0.812564,0.764291,0.139815,0.78188,-0.439003,1.62753,0.773488,0.253732,-0.369893,0.488775,-0.0950638,1.46877,0.745416,0.252124,-0.185764,-0.910509,0.21084,-0.364203,-1.17922,-0.454382,0.52209,0.335284,-0.109713,-0.509184,-0.451871,0.517203,0.874371,-0.753967,-1.1901,-0.188012,0.815149,0.0846573,0.579641,-1.04129,-0.937547,-0.624235,0.871426,-0.646453,1.28098,-0.217849,0.183469,0.332125,-0.815825,0.334063,0.498973,0.968042,0.71143,1.03189,-0.144284,0.790548,-0.288644,-0.53951,0.1061,-0.158871,0.453536,0.0341977,0.810461,1.12127,-0.224114,0.78084,-0.616716,0.193365,0.529281,-0.12488
0.384,-0.60892,0.44853,0.84363,-0.662724,0.0709055,0.218923,-0.351817,0.570881,0.0529487,0.198242,0.246457,1.14531,-0.77975,-0.351161,-0.236262,-0.807123,-0.0908295,0.382858,0.213952,0.0262881,-1.78714,-0.483979,0.136302,0.115508,0.354865,-0.0918338,-0.297088,0.212772,-0.43154,-1.51918,0.0501154,0.158675,-1.17963,0.734874,-0.476084,0.0565112,-0.83532,0.768285,0.144723,0.81414,-0.424562,1.59211,0.778519,0.215121,-0.253988,0.507462,-0.112154,1.45683,0.716015,0.213666,-0.228113,-0.892979,0.252875,-0.406652,-1.15227,-0.415165,0.52927,0.412018,-0.021535,-0.506601,-0.453841,0.516341,0.838706,-0.763386,-1.18018,-0.248594,0.778197,0.115179,0.610051,-1.05041,-0.913932,-0.565196,0.880492,-0.619975,1.26629,-0.145134,0.13923,0.319258,-0.807993,0.233503,0.532219,0.980819,0.714965,1.06777,-0.189844,0.768024,-0.303325,-0.550648,0.109469,-0.0818108,0.425733,0.0690462,0.888192,1.14136,-0.216493,0.753895,-0.696632,0.197612,0.636331,-0.128479
0.386,-0.540496,0.483353,0.885456,-0.727944,-0.0550771,0.233498,-0.327429,0.630149,-0.00140396,0.15736,0.252876,1.17895,-0.77896,-0.293487,-0.148989,-0.831549,-0.111556,0.412822,0.181051,0.0076892,-1.81887,-0.473145,0.0752671,0.104079,0.324842,-0.117555,-0.230771,0.140555,-0.464713,-1.5128,0.0624176,0.0605143,-1.16705,0.771345,-0.402677,-0.0100475,-0.794982,0.832286,0.102634,0.810039,-0.360864,1.55466,0.843648,0.31832,-0.256045,0.451782,-0.141024,1.50057,0.745914,0.198796,-0.157486,-0.89365,0.263149,-0.384116,-1.20791,-0.453724,0.537937,0.422572,-0.002412,-0.517289,-0.467408,0.464648,0.791425,-0.768435,-1.1432,-0.28951,0.740212,0.125973,0.586312,-1.02169,-0.982142,-0.541783,0.889283,-0.647596,1.21189,-0.152656,0.193161,0.285818,-0.782049,0.211703,0.506259,0.990994,0.672659,1.04511,-0.206755,0.788497,-0.309719,-0.553824,0.137846,-0.0891919,0.4064,0.0497749,0.854873,1.134,-0.158514,0.707622,-0.789804,0.0639713,0.578776,-0.189015
0.388,-0.475286,0.519238,0.894476,-0.742638,-0.0581215,0.247269,-0.271228,0.665071,-0.0448458,0.186624,0.201575,1.11354,-0.713132,-0.300936,-0.0685992,-0.786813,-0.128835,0.446398,0.25359,0.0097009,-1.89,-0.443528,0.110096,0.0735585,0.367396,-0.195177,-0.269756,0.13262,-0.447154,-1.46419,0.161793,0.0407641,-1.14228,0.785149,-0.35228,0.0136974,-0.775432,0.803702,0.141802,0.857801,-0.403157,1.54801,0.828467,0.35573,-0.2962,0.481354,-0.174974,1.49126,0.666366,0.198403,-0.211315,-0.890977,0.267558,-0.386956,-1.22935,-0.525831,0.473001,0.476123,0.00675264,-0.583992,-0.482658,0.477614,0.770544,-0.737377,-1.13134,-0.284926,0.650088,0.0603163,0.601741,-0.988625,-1.04494,-0.602723,0.926274,-0.673311,1.14916,-0.201073,0.190801,0.324006,-0.741817,0.116508,0.521913,0.988131,0.68947,1.08616,-0.232384,0.82668,-0.327395,-0.557745,0.10549,-0.116413,0.474863,0.130025,0.838415,1.06939,-0.185894,0.696139,-0.793726,0.0442302,0.557459,-0.116089
0.39,-0.553028,0.411371,0.905397,-0.653706,-0.0652768,0.232606,-0.328317,0.685897,-0.0320578,0.205634,0.305699,1.11737,-0.746723,-0.335936,0.000661454,-0.711127,-0.140871,0.474353,0.309088,-0.075476,-1.90199,-0.497813,0.122673,0.0139293,0.397267,-0.212231,-0.154014,0.142553,-0.482759,-1.45734,0.143747,0.0872929,-1.16361,0.765618,-0.454238,-0.0150004,-0.783948,0.832944,0.143481,0.858101,-0.362972,1.58515,0.859616,0.299735,-0.237105,0.456203,-0.201639,1.45525,0.734075,0.227457,-0.204098,-0.916494,0.258077,-0.396012,-1.21213,-0.494877,0.501281,0.456245,-0.00543786,-0.633115,-0.452607,0.463825,0.786254,-0.688649,-1.09271,-0.317809,0.64163,0.0999322,0.614825,-0.893187,-0.99062,-0.613729,0.979124,-0.638801,1.13035,-0.216516,0.181324,0.30024,-0.710077,0.154645,0.55836,0.969244,0.646915,0.985806,-0.234524,0.765701,-0.359444,-0.613968,0.161515,-0.182501,0.409057,0.10994,0.831975,1.00631,-0.210886,0.778172,-0.807002,0.0827702,0.582582,-0.195409
0.392,-0.531725,0.435278,0.927505,-0.596964,-0.134709,0.281689,-0.311214,0.727197,-0.0534355,0.143927,0.301571,1.20892,-0.728906,-0.297805,-0.00388569,-0.744999,-0.227646,0.462635,0.268494,-0.0679719,-1.90831,-0.422996,0.139207,0.0282412,0.401102,-0.161547,-0.154419,0.129215,-0.451194,-1.42667,0.12383,0.164199,-1.13212,0.782753,-0.559152,0.0242644,-0.782792,0.7803,0.0981866,0.882723,-0.382079,1.56429,0.823812,0.387313,-0.239047,0.448505,-0.20163,1.50124,0.650866,0.221302,-0.188606,-0.906307,0.283945,-0.418111,-1.18033,-0.480841,0.479371,0.497765,0.00910195,-0.682492,-0.426002,0.511698,0.712824,-0.760439,-1.11953,-0.349601,0.66703,0.221271,0.548656,-0.880266,-0.958136,-0.627484,1.01949,-0.545848,1.09054,-0.199555,0.264766,0.27393,-0.709177,0.316861,0.570112,0.91893,0.561629,1.00447,-0.220887,0.710442,-0.320036,-0.672963,0.169187,-0.22376,0.401735,0.144929,0.825841,1.04099,-0.201108,0.721692,-0.843703,0.082358,0.574288,-0.22997
0.394,-0.57909,0.424812,0.947091,-0.641676,-0.0950524,0.232357,-0.319798,0.756203,-0.0968909,0.0566987,0.351931,1.23302,-0.684197,-0.280623,0.0223335,-0.693294,-0.246745,0.460781,0.172624,-0.0616121,-1.817,-0.42465,0.0854364,0.027618,0.422505,-0.165196,-0.208978,0.133849,-0.426685,-1.42428,0.117248,0.142877,-1.14993,0.760399,-0.54547,-0.00883363,-0.820751,0.760084,0.144878,0.842536,-0.384769,1.68216,0.746237,0.396425,-0.236967,0.395325,-0.229411,1.47803,0.626992,0.277238,-0.169654,-0.921942,0.326996,-0.375746,-1.22167,-0.447615,0.517928,0.484765,-0.09154,-0.566197,-0.412963,0.571372,0.669981,-0.726845,-1.15053,-0.381824,0.734805,0.144438,0.584958,-0.94747,-0.927228,-0.629568,1.05303,-0.589465,1.10651,-0.193244,0.258811,0.219763,-0.693855,0.334188,0.496505,0.958652,0.571114,1.02553,-0.224203,0.677626,-0.376086,-0.668175,0.186429,-0.177178,0.326536,0.13416,0.839646,1.08003,-0.185915,0.701411,-0.868891,0.0544574,0.652552,-0.219223
0.396,-0.525591,0.366445,0.97665,-0.587095,-0.130892,0.270278,-0.29232,0.744523,-0.0761062,0.0343657,0.31692,1.16005,-0.682357,-0.27919,0.064548,-0.773034,-0.233154,0.508579,0.0882283,-0.0124869,-1.84238,-0.443724,0.0313798,0.0430624,0.365668,-0.132427,-0.222974,0.0966982,-0.378687,-1.39162,0.0846092,0.130358,-1.10458,0.803441,-0.544454,0.0159799,-0.772812,0.791356,0.0914618,0.8103,-0.380933,1.70818,0.78863,0.388537,-0.252214,0.369229,-0.182135,1.42597,0.598221,0.210968,-0.13548,-0.908798,0.262988,-0.385595,-1.20505,-0.389729,0.476574,0.461536,-0.181266,-0.488609,-0.484384,0.539719,0.671047,-0.708155,-1.20828,-0.474515,0.793189,0.0600542,0.549612,-0.856022,-0.977534,-0.645673,1.0896,-0.566313,1.17292,-0.200939,0.216985,0.19849,-0.705374,0.331855,0.531217,0.883733,0.546854,0.922157,-0.197579,0.739666,-0.29115,-0.679486,0.269195,-0.183577,0.238134,0.075581,0.854208,1.01938,-0.172139,0.660607,-0.860084,0.0404366,0.632036,-0.195837
0.398,-0.446564,0.312575,1.03342,-0.542511,-0.13784,0.296991,-0.291394,0.793852,-0.0444393,0.0893917,0.253451,1.17479,-0.674248,-0.186932,0.0603461,-0.766058,-0.196176,0.485225,0.10686,-0.0471108,-1.83225,-0.362191,0.00924866,0.11738,0.358037,-0.166423,-0.196505,0.0718773,-0.317866,-1.4322,0.102311,0.0933605,-1.17032,0.85339,-0.529979,0.0463503,-0.777157,0.79263,0.128384,0.793594,-0.351011,1.79025,0.866785,0.361148,-0.250497,0.345803,-0.189448,1.38034,0.619627,0.162056,-0.142107,-0.96261,0.181984,-0.36214,-1.28901,-0.387177,0.423405,0.430264,-0.163209,-0.497308,-0.44067,0.480136,0.641585,-0.681889,-1.14858,-0.371696,0.757869,0.145597,0.441478,-0.872082,-0.905309,-0.670931,1.04454,-0.548186,1.12696,-0.237573,0.222779,0.223603,-0.665383,0.398324,0.466109,0.88364,0.629818,0.942545,-0.18945,0.724697,-0.306408,-0.620173,0.276151,-0.267306,0.230354,0.162964,0.747631,0.967802,-0.234992,0.685766,-0.870557,0.0428626,0.636395,-0.131024
0.4,-0.446871,0.275744,1.05282,-0.605138,-0.106549,0.287537,-0.252804,0.811697,-0.00887456,0.0709852,0.239214,1.21366,-0.652523,-0.242874,0.0431312,-0.776187,-0.195159,0.531278,0.0948805,-0.0733895,-1.82571,-0.363851,-0.0112915,0.0913322,0.298221,-0.0686011,-0.210532,0.052305,-0.377907,-1.41885,0.114361,0.101967,-1.1815,0.805698,-0.517589,0.0152243,-0.833779,0.807266,0.0934945,0.791656,-0.344363,1.84295,0.86761,0.306911,-0.256681,0.332402,-0.317342,1.37242,0.63409,0.149012,-0.159656,-0.959717,0.136792,-0.358418,-1.30748,-0.425635,0.479863,0.41717,-0.163355,-0.486056,-0.452278,0.5124,0.549856,-0.642201,-1.1412,-0.31531,0.765073,0.099769,0.472951,-0.836088,-0.89027,-0.734982,1.05362,-0.591217,1.06297,-0.264637,0.236364,0.244062,-0.617854,0.410085,0.470359,0.936752,0.602757,0.977005,-0.185337,0.733094,-0.353234,-0.631747,0.295028,-0.235559,0.301824,0.0822408,0.707357,0.98244,-0.236275,0.644073,-0.900515,0.103136,0.67247,-0.210766
0.402,-0.429511,0.418521,0.995279,-0.544452,-0.0507336,0.326799,-0.3137,0.756955,-0.00537136,0.0412027,0.215865,1.20167,-0.624952,-0.277496,-0.116221,-0.851564,-0.17439,0.554099,0.0702596,0.0050634,-1.8273,-0.33369,0.0169462,0.0840689,0.373002,-0.0376665,-0.172369,0.0266768,-0.434789,-1.39627,0.160896,0.0818343,-1.18428,0.82893,-0.464808,0.0247681,-0.747281,0.712118,0.136594,0.770802,-0.342218,1.78222,0.895103,0.287995,-0.259404,0.347687,-0.360698,1.30598,0.682026,0.157847,-0.179516,-1.0271,0.182408,-0.378299,-1.30027,-0.43992,0.453415,0.359206,-0.133813,-0.495769,-0.502129,0.448743,0.597767,-0.586738,-1.10576,-0.368284,0.813158,0.0498948,0.49485,-0.78211,-0.966726,-0.707995,1.03616,-0.538633,1.09926,-0.283194,0.20382,0.23156,-0.616117,0.439145,0.510588,0.930001,0.660078,1.04574,-0.278742,0.740322,-0.366673,-0.674511,0.230501,-0.241749,0.262619,0.0791781,0.664032,0.990966,-0.273214,0.661591,-0.848513,0.0880767,0.601408,-0.200611
0.404,-0.378412,0.410961,0.952704,-0.573746,-0.0496366,0.369387,-0.265906,0.74767,0.0658103,0.0400653,0.206161,1.20249,-0.715413,-0.269529,0.00404195,-0.887912,-0.139474,0.614668,0.0591826,0.0341409,-1.87217,-0.377949,0.0609474,0.0886168,0.36354,-0.0802641,-0.209793,0.0224876,-0.469334,-1.35161,0.169525,0.124562,-1.17955,0.777854,-0.505906,-0.00869345,-0.67916,0.693141,0.180877,0.788302,-0.332305,1.80721,0.916037,0.241294,-0.15208,0.346826,-0.39144,1.30307,0.651537,0.0662332,-0.124486,-1.01259,0.257317,-0.426552,-1.2478,-0.429503,0.485988,0.390841,-0.0481717,-0.501859,-0.504374,0.512571,0.60977,-0.544197,-1.14854,-0.336782,0.805954,-0.0206431,0.521244,-0.765052,-0.919311,-0.677718,1.01266,-0.5428,1.11746,-0.293489,0.178197,0.218651,-0.563111,0.441247,0.513695,0.833547,0.688117,1.07951,-0.271118,0.813222,-0.307699,-0.607454,0.220252,-0.276889,0.242905,0.0826253,0.662425,1.00531,-0.28058,0.647804,-0.873135,0.0434432,0.510562,-0.211721
0.406,-0.381455,0.410195,0.907356,-0.591227,0.012902,0.332178,-0.206005,0.663644,0.0852669,0.132407,0.210672,1.21069,-0.701281,-0.304518,0.0458675,-0.980609,-0.144821,0.648804,0.0434766,-0.0238242,-1.96791,-0.291723,0.0809318,0.0942907,0.324405,-0.0806462,-0.248579,0.108548,-0.382805,-1.36338,0.139539,0.0584689,-1.18299,0.742984,-0.535509,0.0366362,-0.721082,0.654518,0.188175,0.73641,-0.30596,1.80328,0.818933,0.27191,-0.186141,0.320256,-0.351632,1.30281,0.666904,0.104794,-0.17463,-1.07775,0.269075,-0.379795,-1.22169,-0.456271,0.499401,0.361644,-0.0529241,-0.474208,-0.507412,0.48235,0.684435,-0.507662,-1.12389,-0.276084,0.794499,-0.0237611,0.480558,-0.797678,-0.907938,-0.723714,1.02865,-0.588882,1.0373,-0.365422,0.176803,0.269696,-0.518473,0.452149,0.444187,0.766248,0.682638,1.02987,-0.245062,0.765477,-0.338387,-0.577057,0.271065,-0.255633,0.266573,0.0913795,0.65777,1.04915,-0.374517,0.629703,-0.936841,0.0294187,0.493423,-0.190269
0.408,-0.385391,0.381792,0.845263,-0.597413,-0.0163168,0.331911,-0.164397,0.691266,0.108494,0.0619335,0.211499,1.22809,-0.743829,-0.242081,0.0902364,-1.00049,-0.0849204,0.58926,0.00769687,-0.0357505,-1.88885,-0.31088,0.138013,0.116026,0.410745,-0.0794499,-0.249715,0.140854,-0.394855,-1.36976,0.233885,0.0541443,-1.13368,0.810539,-0.563594,0.0582919,-0.680991,0.740995,0.188169,0.777328,-0.320723,1.81059,0.822793,0.248147,-0.191552,0.33756,-0.36752,1.2929,0.784884,0.0987748,-0.220081,-0.978629,0.318068,-0.432085,-1.21061,-0.490204,0.534804,0.307775,-0.0207723,-0.433848,-0.530231,0.482772,0.732636,-0.531002,-1.12637,-0.307283,0.769357,-0.0204005,0.491268,-0.871367,-0.903906,-0.722925,1.04288,-0.547143,1.01705,-0.3998,0.272447,0.235505,-0.505618,0.474677,0.432678,0.745575,0.560748,1.12474,-0.268407,0.881737,-0.301294,-0.557476,0.252741,-0.317892,0.257072,0.0537814,0.655174,1.06194,-0.325167,0.617335,-0.864464,-0.0122273,0.459488,-0.154528
0.41,-0.357433,0.377865,0.841075,-0.581475,-0.0486187,0.384719,-0.219071,0.76359,0.0882201,0.0428463,0.175169,1.23595,-0.704475,-0.187048,0.134411,-0.962563,-0.141674,0.614283,-0.0878869,-0.109825,-1.90616,-0.308227,0.021514,0.178867,0.44696,-0.0853338,-0.307402,0.182641,-0.444914,-1.2949,0.235043,0.0702886,-1.12143,0.791442,-0.611134,0.0262773,-0.765593,0.796148,0.164062,0.728838,-0.290289,1.79072,0.751458,0.250767,-0.21261,0.371377,-0.418901,1.37213,0.716405,0.105822,-0.174062,-0.926732,0.28646,-0.365427,-1.25924,-0.478218,0.539369,0.276046,-0.0651597,-0.379209,-0.586958,0.451014,0.650937,-0.537646,-1.08949,-0.331955,0.737178,0.0425034,0.505131,-0.98125,-0.864964,-0.724434,0.990722,-0.574551,1.00305,-0.434759,0.260558,0.299564,-0.456081,0.478996,0.501744,0.743153,0.62912,1.18045,-0.323685,0.958571,-0.24961,-0.588608,0.216034,-0.311928,0.292805,0.058404,0.660546,1.07151,-0.356933,0.648066,-0.861981,-0.02047,0.487892,-0.158625
0.412,-0.341821,0.395939,0.808254,-0.628493,-0.0195087,0.381871,-0.205767,0.720469,0.0461771,0.0900954,0.217221,1.27732,-0.649076,-0.242706,0.187187,-0.936229,-0.187855,0.624848,-0.116304,-0.0802974,-1.81824,-0.303926,0.0258457,0.157765,0.48251,-0.0265328,-0.302978,0.259162,-0.45004,-1.25731,0.228148,0.0840094,-1.11813,0.798608,-0.56366,-0.00999848,-0.771363,0.769002,0.109713,0.73314,-0.269981,1.8065,0.767732,0.291617,-0.288312,0.376205,-0.377647,1.35479,0.764592,0.0406104,-0.227275,-0.9128,0.290651,-0.31322,-1.2302,-0.511459,0.564356,0.315134,-0.100006,-0.339228,-0.600602,0.520651,0.657069,-0.57794,-1.0266,-0.259247,0.728856,0.0514086,0.506051,-0.926021,-0.911006,-0.726669,0.976386,-0.573413,0.979256,-0.425118,0.310113,0.279786,-0.449535,0.592753,0.515912,0.735699,0.704036,1.16181,-0.228988,1.05494,-0.213347,-0.567039,0.212418,-0.263422,0.233316,-0.0200723,0.666869,1.05034,-0.396556,0.72788,-0.904004,-0.0311913,0.467532,-0.313771
0.414,-0.269209,0.412689,0.762326,-0.674393,0.0330931,0.367335,-0.228419,0.687984,0.106564,0.0433046,0.272486,1.25864,-0.634815,-0.355911,0.207207,-0.922583,-0.132159,0.620099,-0.118771,-0.0697502,-1.77169,-0.408572,-0.0119022,0.122251,0.587756,-0.073708,-0.255638,0.224511,-0.497646,-1.27176,0.301487,0.100994,-1.13111,0.78954,-0.574148,-0.0290377,-0.777604,0.793855,0.126004,0.760843,-0.311815,1.82147,0.833935,0.301852,-0.302676,0.346318,-0.294031,1.37266,0.78897,0.0315653,-0.322831,-0.959618,0.273206,-0.363473,-1.2183,-0.550271,0.615784,0.290321,-0.0623405,-0.299571,-0.590155,0.509429,0.6536,-0.670993,-1.02795,-0.265525,0.677247,0.0703563,0.417093,-0.964694,-0.869812,-0.669253,0.965008,-0.490241,0.923211,-0.527106,0.344784,0.275856,-0.422145,0.659908,0.452984,0.764406,0.836363,1.27999,-0.271846,1.00466,-0.145019,-0.646844,0.260867,-0.299221,0.212065,-0.0394923,0.632334,1.07171,-0.322646,0.633206,-0.889842,-0.0651828,0.479847,-0.352878
0.416,-0.21894,0.380878,0.732565,-0.623423,-0.0118089,0.353937,-0.278328,0.68685,0.117749,0.109007,0.245525,1.28994,-0.608718,-0.425175,0.220578,-0.928479,-0.0795004,0.744949,-0.107823,-0.0825024,-1.81015,-0.420483,0.0846115,0.116735,0.579707,-0.0739497,-0.207494,0.170621,-0.455488,-1.3411,0.353161,0.164122,-1.10959,0.840172,-0.654139,-0.0770833,-0.801567,0.761097,0.0558224,0.743046,-0.333979,1.87837,0.866493,0.392552,-0.302749,0.359569,-0.311848,1.39668,0.812549,0.093101,-0.376299,-0.932543,0.188366,-0.379297,-1.199,-0.612828,0.611116,0.224611,-0.0482775,-0.262599,-0.560446,0.487307,0.58947,-0.737347,-1.00424,-0.313147,0.673283,0.0526854,0.441267,-0.970724,-0.871061,-0.741203,1.07412,-0.589686,0.934436,-0.543303,0.231715,0.198279,-0.332722,0.735585,0.463857,0.761995,0.762952,1.24442,-0.23504,1.0222,-0.182895,-0.584279,0.331724,-0.369797,0.235537,-0.0353161,0.564123,1.07327,-0.287305,0.554998,-0.986861,-0.0431429,0.471357,-0.440464
0.418,-0.233847,0.340948,0.737418,-0.54785,0.0691301,0.307057,-0.226353,0.637139,0.176546,0.17292,0.317304,1.23726,-0.620379,-0.497282,0.273777,-0.863297,-0.0730107,0.755335,-0.0785322,-0.0773407,-1.8457,-0.441596,0.144853,0.0597621,0.505631,-0.066024,-0.215601,0.147045,-0.520192,-1.36318,0.38317,0.0697807,-1.13897,0.813322,-0.716663,-0.130756,-0.850261,0.76796,0.0518335,0.748053,-0.321618,1.86816,0.87042,0.444483,-0.347379,0.369322,-0.321424,1.39803,0.721699,0.0214275,-0.389272,-0.971674,0.255158,-0.383393,-1.16243,-0.591376,0.668824,0.209265,-0.0347731,-0.242075,-0.47648,0.456608,0.614958,-0.76342,-0.958735,-0.322104,0.680258,0.0110993,0.394249,-0.963939,-0.928241,-0.782032,1.0891,-0.596931,0.887739,-0.559732,0.212827,0.199601,-0.319341,0.7495,0.442321,0.690557,0.790954,1.22721,-0.225048,1.02366,-0.202585,-0.613909,0.347067,-0.308009,0.207013,0.021396,0.604178,1.10249,-0.334524,0.571911,-1.08682,-0.0608473,0.5054,-0.408407
0.42,-0.172832,0.373103,0.648512,-0.672898,0.0840509,0.267965,-0.313507,0.616735,0.164582,0.137257,0.22795,1.27657,-0.608635,-0.484293,0.227096,-0.887687,-0.051317,0.731487,-0.0619395,-0.150145,-1.94908,-0.522488,0.0707391,0.0549872,0.546792,-0.0747791,-0.212346,0.130675,-0.503946,-1.33469,0.351961,0.0162959,-1.14923,0.829252,-0.716531,-0.172857,-0.888716,0.829367,0.0802122,0.784624,-0.296229,1.8763,0.894282,0.480664,-0.401717,0.38606,-0.261537,1.43254,0.769502,0.00893832,-0.33749,-0.968215,0.211776,-0.395866,-1.14615,-0.581939,0.693584,0.20778,-0.0147958,-0.363951,-0.565667,0.456833,0.661373,-0.768981,-1.0233,-0.293975,0.641931,-0.0416154,0.371673,-0.920121,-0.921967,-0.779763,1.06535,-0.619599,0.877053,-0.596717,0.251642,0.175786,-0.370075,0.778878,0.474696,0.685216,0.805047,1.20532,-0.216218,1.05871,-0.185562,-0.501317,0.373,-0.286908,0.176315,-0.0339089,0.715923,1.12664,-0.312077,0.539121,-1.06867,-0.0545115,0.488971,-0.340636
0.422,-0.144183,0.351715,0.696248,-0.667664,0.118357,0.374613,-0.286499,0.572184,0.0571324,0.13835,0.193803,1.26695,-0.515832,-0.525579,0.312232,-0.871649,-0.0399755,0.793462,-0.0644829,-0.10109,-2.02419,-0.520758,0.056274,0.0336415,0.591791,-0.0685977,-0.221668,0.109359,-0.528561,-1.3902,0.350552,0.0281958,-1.10996,0.808133,-0.665978,-0.184818,-0.8588,0.765918,0.140121,0.77114,-0.352501,1.88654,0.954319,0.540941,-0.404385,0.406676,-0.230208,1.37931,0.713637,-0.0656964,-0.315429,-1.00246,0.241902,-0.410924,-1.17828,-0.492909,0.695778,0.204676,0.126563,-0.367748,-0.621641,0.470952,0.670043,-0.78781,-1.03626,-0.239012,0.622047,-0.0428561,0.420821,-0.904249,-0.874028,-0.762048,1.06093,-0.640983,0.927582,-0.578502,0.230239,0.13119,-0.409872,0.731621,0.405131,0.688579,0.863212,1.22851,-0.269869,1.01677,-0.230381,-0.572522,0.381328,-0.239359,0.193502,-0.166695,0.72843,1.14793,-0.313146,0.555462,-1.05221,-0.10274,0.481751,-0.358159
0.424,-0.133361,0.399561,0.680386,-0.70268,0.137934,0.371285,-0.359359,0.577327,-0.0438004,0.105794,0.274403,1.2995,-0.610202,-0.5423,0.33635,-0.813805,-0.0514987,0.853517,-0.0113271,-0.0911052,-2.06915,-0.527758,0.0526901,0.019209,0.550187,-0.0942414,-0.216842,0.113739,-0.538071,-1.37558,0.371143,0.0324129,-1.00534,0.774142,-0.647012,-0.120142,-0.824818,0.679861,0.0713329,0.699632,-0.387413,1.86933,0.960118,0.526287,-0.350751,0.458549,-0.236692,1.33398,0.747596,-0.075568,-0.291034,-0.997843,0.2502,-0.33244,-1.20788,-0.582196,0.717445,0.218489,0.118643,-0.352149,-0.615891,0.527746,0.611026,-0.810723,-1.03259,-0.191731,0.611328,-0.0452411,0.402073,-0.894501,-0.883821,-0.772012,1.02061,-0.611312,0.915148,-0.588825,0.203749,0.0588805,-0.436263,0.769561,0.374377,0.748014,0.876797,1.21923,-0.262492,1.02813,-0.228032,-0.591936,0.407725,-0.147147,0.136546,-0.141786,0.807886,1.2183,-0.2193,0.568381,-1.03241,-0.0790734,0.443266,-0.423456
0.426,-0.098069,0.400304,0.634147,-0.637885,0.181289,0.303811,-0.347766,0.573844,-0.0251616,0.136399,0.200936,1.38796,-0.60075,-0.555939,0.305868,-0.808535,-0.0573272,0.825168,0.0937123,-0.131278,-2.01983,-0.512744,0.00843264,0.0507177,0.541903,-0.0433883,-0.189985,0.103882,-0.50194,-1.29558,0.411794,0.0034985,-0.991712,0.758142,-0.67999,-0.0774936,-0.840862,0.695097,0.0317159,0.672118,-0.425529,1.88081,0.944845,0.443424,-0.444384,0.480806,-0.187702,1.40124,0.743606,-0.0823991,-0.265993,-0.974576,0.260049,-0.397973,-1.19246,-0.562854,0.764805,0.145193,0.0674357,-0.348876,-0.645473,0.521719,0.665397,-0.845082,-1.00108,-0.187857,0.625495,-0.0407594,0.35091,-0.838763,-0.841634,-0.731963,1.00852,-0.608393,0.908508,-0.625178,0.230667,0.032973,-0.47796,0.745493,0.410263,0.711189,0.841044,1.31939,-0.23024,1.04283,-0.208166,-0.560416,0.382806,-0.14779,0.151834,-0.0839809,0.786841,1.21422,-0.296095,0.616982,-0.922709,-0.141568,0.39823,-0.413743
0.428,-0.0751975,0.360428,0.657114,-0.694909,0.16132,0.274845,-0.281651,0.525139,-0.11732,0.108464,0.241013,1.43873,-0.612026,-0.524834,0.222748,-0.824272,-0.0726056,0.834745,0.141394,-0.123672,-2.08679,-0.483786,-0.0768549,0.00849852,0.639469,-0.0821028,-0.26828,0.188565,-0.538339,-1.32275,0.445248,-0.0135438,-0.945753,0.676739,-0.668813,-0.0574208,-0.832786,0.636835,0.0801705,0.656674,-0.437319,1.80654,0.954685,0.462684,-0.437747,0.482475,-0.214371,1.42304,0.780566,-0.0473492,-0.307182,-0.88727,0.247741,-0.371937,-1.22196,-0.552835,0.75254,0.141717,0.0716673,-0.394275,-0.573981,0.505782,0.704035,-0.862833,-0.988402,-0.189247,0.663341,-0.0703606,0.403999,-0.855842,-0.851972,-0.617676,0.996798,-0.628167,0.903853,-0.679302,0.227317,0.0212414,-0.483227,0.730783,0.448166,0.730008,0.895688,1.32915,-0.208379,1.05924,-0.167084,-0.518332,0.343367,-0.144394,0.179358,-0.083512,0.786054,1.17226,-0.325157,0.578656,-0.93381,-0.139234,0.400546,-0.324614
0.43,-0.0755286,0.334377,0.626953,-0.733127,0.163044,0.300526,-0.296749,0.447543,-0.124472,0.0538588,0.27462,1.43303,-0.651208,-0.522062,0.184395,-0.821499,-0.0992187,0.864326,0.168299,-0.0970503,-2.02275,-0.418733,-0.140245,-0.0153567,0.62706,0.00486686,-0.301638,0.193438,-0.562566,-1.32089,0.498077,0.0584091,-0.955693,0.675498,-0.626169,-0.0682014,-0.923743,0.629037,0.0667734,0.639375,-0.423012,1.79125,0.912578,0.469118,-0.396717,0.514416,-0.105655,1.48458,0.886354,-0.0700878,-0.319534,-0.871551,0.218425,-0.32325,-1.20659,-0.565983,0.769025,0.140301,0.126968,-0.425835,-0.578864,0.47994,0.678347,-0.829332,-0.975284,-0.117366,0.508387,-0.0385265,0.390084,-0.766975,-0.856998,-0.647761,1.09102,-0.664808,0.934569,-0.654007,0.245533,0.0887065,-0.45975,0.68252,0.421681,0.729862,0.916838,1.34376,-0.18446,1.02599,-0.184811,-0.535522,0.291352,-0.13942,0.167779,-0.162537,0.793185,1.1612,-0.281248,0.648457,-0.954942,-0.125721,0.386207,-0.293753
0.432,-0.0269321,0.364138,0.618482,-0.778111,0.237508,0.241385,-0.346558,0.404913,-0.116973,-0.00571331,0.221382,1.43256,-0.602397,-0.574281,0.18144,-0.812103,-0.053424,0.854894,0.161686,-0.0698677,-2.09824,-0.355256,-0.104127,-0.0302778,0.754974,0.0250077,-0.273801,0.152732,-0.485436,-1.2623,0.480569,-0.00807803,-0.902397,0.728108,-0.591832,-0.0700285,-0.991263,0.686657,0.0810456,0.573552,-0.464745,1.8087,0.928791,0.467643,-0.460457,0.487298,-0.103488,1.52322,0.898207,-0.04539,-0.332851,-0.784151,0.221382,-0.366309,-1.27717,-0.589438,0.784974,0.137161,0.17881,-0.384995,-0.50687,0.395958,0.661573,-0.836469,-0.869284,-0.0744669,0.485329,-0.0802479,0.438096,-0.72503,-0.858287,-0.705913,1.0922,-0.677873,0.890485,-0.681183,0.282854,0.0706351,-0.452464,0.724285,0.409835,0.705495,0.986449,1.40948,-0.16708,1.02762,-0.285423,-0.557691,0.258484,-0.160422,0.17718,-0.194666,0.725337,1.19733,-0.293105,0.615426,-0.943142,-0.0746357,0.367277,-0.247281
0.434,0.0093646,0.362521,0.660655,-0.767751,0.309619,0.203075,-0.325563,0.381413,-0.16095,-0.0028241,0.120733,1.42615,-0.589388,-0.678686,0.171489,-0.835618,-0.0642725,0.89436,0.0984571,-0.0859734,-2.02319,-0.348186,-0.133727,-0.0116422,0.738566,0.0728896,-0.204194,0.111483,-0.523743,-1.28787,0.527299,-0.1059,-0.927328,0.698761,-0.647047,-0.110873,-0.9934,0.70673,0.0506519,0.589966,-0.533058,1.78236,0.90412,0.360399,-0.423725,0.44378,-0.051961,1.38198,0.864615,-0.00509006,-0.289222,-0.75072,0.243828,-0.412639,-1.30878,-0.628093,0.742109,0.106057,0.157775,-0.380957,-0.657647,0.424366,0.597712,-0.7949,-0.841955,-0.0836139,0.552818,-0.0205375,0.364079,-0.708472,-0.892984,-0.786386,1.02245,-0.657445,0.873297,-0.720195,0.268823,0.0278834,-0.413594,0.721553,0.534818,0.611909,1.04416,1.42579,-0.131289,1.0968,-0.320032,-0.551309,0.176043,-0.227113,0.250383,-0.213538,0.663313,1.21971,-0.2682,0.675612,-0.974313,-0.101251,0.382322,-0.190529
0.436,-0.0327174,0.378261,0.689188,-0.791393,0.355468,0.241468,-0.279217,0.443336,-0.122542,0.0187353,0.0882743,1.38263,-0.607182,-0.702405,0.168106,-0.83791,-0.0308006,0.848537,0.103073,-0.0837365,-1.87486,-0.332617,-0.137676,-0.0879204,0.714542,0.0706104,-0.199585,0.208203,-0.58136,-1.28671,0.569082,-0.036249,-0.960887,0.747587,-0.699918,-0.15438,-0.964003,0.708205,0.078646,0.635909,-0.541838,1.70164,0.995111,0.375138,-0.368115,0.417324,-0.0400577,1.32328,0.908026,0.120196,-0.306891,-0.707387,0.221058,-0.37288,-1.26891,-0.66763,0.777706,0.114882,0.147932,-0.331833,-0.666468,0.486219,0.555493,-0.824714,-0.835066,-0.0867538,0.54177,-0.00576793,0.315938,-0.724957,-0.789588,-0.808445,1.10575,-0.602712,0.909187,-0.606313,0.292407,-0.0289193,-0.388307,0.658163,0.492597,0.473309,1.04205,1.41931,-0.164,0.978792,-0.275564,-0.542622,0.161568,-0.204966,0.240319,-0.263381,0.670471,1.19427,-0.26432,0.677294,-1.03079,-0.168061,0.35475,-0.207546
0.438,-0.103755,0.357837,0.705488,-0.787455,0.402641,0.266582,-0.315146,0.446831,-0.193133,0.0172527,0.027349,1.38058,-0.673026,-0.712491,0.139966,-0.827202,0.000529342,0.826662,0.117755,-0.0257733,-1.81332,-0.36078,-0.0530359,-0.055588,0.747694,0.147787,-0.159774,0.245595,-0.592418,-1.3647,0.553663,0.00414958,-0.978557,0.776313,-0.647884,-0.118477,-0.910884,0.693802,0.137311,0.654799,-0.493027,1.65985,1.04262,0.427418,-0.37033,0.418492,-0.0929654,1.30755,0.979657,0.0746285,-0.387857,-0.684355,0.269386,-0.340303,-1.34451,-0.651234,0.70872,0.203471,0.218491,-0.422575,-0.67085,0.449536,0.59129,-0.876847,-0.818945,-0.0772511,0.517764,-0.00283069,0.374927,-0.735509,-0.755699,-0.824837,1.09941,-0.660398,0.871858,-0.541508,0.300407,0.00669891,-0.397071,0.71035,0.505462,0.509008,1.14848,1.45207,-0.176735,0.981141,-0.294215,-0.549501,0.20065,-0.257095,0.202451,-0.199529,0.590137,1.18739,-0.224671,0.745167,-1.03044,-0.133244,0.378658,-0.164935
0.44,-0.0983592,0.365981,0.687524,-0.773693,0.361147,0.252113,-0.377692,0.453657,-0.205107,0.0161913,0.0772947,1.3622,-0.632003,-0.71572,0.129039,-0.837608,0.0468179,0.880416,0.0873044,0.0264008,-1.7457,-0.384378,0.0425279,-0.0877716,0.711318,0.0655302,-0.110111,0.228249,-0.477811,-1.39675,0.578796,0.0127906,-0.994185,0.806884,-0.613523,-0.140347,-0.882519,0.674406,0.138399,0.659579,-0.554313,1.63875,1.02037,0.393673,-0.40103,0.291906,-0.0832553,1.27863,0.926477,0.0525686,-0.35067,-0.707067,0.332149,-0.417048,-1.28291,-0.716057,0.767552,0.253072,0.186275,-0.372201,-0.676391,0.402424,0.589988,-0.850392,-0.87409,-0.0920707,0.558171,-0.00640841,0.432709,-0.690813,-0.777286,-0.809607,1.0887,-0.691104,0.840023,-0.62739,0.281424,0.00661774,-0.403665,0.72903,0.599994,0.463567,1.1218,1.47444,-0.200185,0.972336,-0.396953,-0.620419,0.243622,-0.204036,0.227539,-0.212537,0.608907,1.17281,-0.285459,0.76207,-1.01812,-0.115125,0.381449,-0.14524
0.442,-0.0980392,0.412172,0.620543,-0.697629,0.314173,0.304834,-0.246578,0.446585,-0.251114,0.0376861,0.0797156,1.36929,-0.574511,-0.736817,0.113499,-0.849004,0.0699968,0.897545,0.1333,0.007329,-1.77308,-0.455511,0.0730977,-0.100722,0.708028,0.13326,-0.0475248,0.309302,-0.387034,-1.40479,0.647265,0.00921637,-0.986736,0.780284,-0.59907,-0.122665,-0.882325,0.646418,0.106635,0.640123,-0.554288,1.53243,1.05109,0.468192,-0.338306,0.290598,-0.128143,1.3018,0.860502,0.0761219,-0.333096,-0.692391,0.303108,-0.415925,-1.3064,-0.662821,0.771855,0.291335,0.133113,-0.412895,-0.59054,0.382833,0.579055,-0.856791,-0.869567,-0.0987878,0.556969,-0.0703714,0.404131,-0.642135,-0.728495,-0.790078,1.03944,-0.649706,0.828691,-0.604093,0.278355,-0.049066,-0.395786,0.790126,0.597326,0.49637,1.14518,1.51605,-0.197537,0.89174,-0.415964,-0.603568,0.296423,-0.300728,0.181239,-0.227183,0.652435,1.2352,-0.278041,0.748541,-1.11598,-0.110657,0.385173,-0.157967
0.444,-0.0922389,0.470546,0.634947,-0.632819,0.411678,0.365268,-0.20283,0.38707,-0.209837,0.0443486,0.0558225,1.34117,-0.530264,-0.733524,0.143277,-0.8679,0.0616721,0.933139,0.186739,0.000844895,-1.85056,-0.480866,0.0220065,-0.181023,0.67505,0.159246,-0.0220896,0.270984,-0.350132,-1.46011,0.676166,0.0376446,-0.961556,0.723189,-0.631225,-0.119207,-0.854331,0.696988,0.105536,0.596699,-0.63789,1.51869,1.09845,0.415633,-0.360757,0.258957,-0.129057,1.34765,0.852416,0.0611502,-0.423384,-0.716986,0.337919,-0.400146,-1.34541,-0.677766,0.774188,0.259953,0.120541,-0.44289,-0.628629,0.314386,0.513249,-0.906648,-0.871433,0.00887682,0.608255,-0.0436831,0.412338,-0.635339,-0.736279,-0.830951,1.06252,-0.66255,0.839243,-0.559364,0.238141,-0.0262506,-0.403704,0.790743,0.546903,0.573881,1.17247,1.49356,-0.144348,0.858956,-0.456554,-0.585135,0.297666,-0.308744,0.125259,-0.269025,0.65493,1.2138,-0.257935,0.741085,-1.08778,-0.121554,0.45585,-0.116871
0.446,-0.0702235,0.473579,0.616003,-0.651634,0.355019,0.416018,-0.28106,0.435941,-0.251395,0.0980629,0.0553718,1.38505,-0.514954,-0.684806,0.149172,-0.915265,0.061199,0.911238,0.228803,0.00433452,-1.86262,-0.489005,-0.0028183,-0.163959,0.671961,0.131969,-0.0129686,0.333507,-0.366946,-1.48572,0.670305,0.0926064,-0.936741,0.663245,-0.676148,-0.0679507,-0.806934,0.692719,0.088756,0.558305,-0.649817,1.55646,1.16813,0.414277,-0.404057,0.302163,-0.0874966,1.29458,0.905092,0.049404,-0.387034,-0.687268,0.279629,-0.424772,-1.32809,-0.686891,0.74346,0.358884,0.15423,-0.445584,-0.677385,0.322138,0.540927,-0.887064,-0.875747,-0.0231914,0.56595,0.00687688,0.367549,-0.606578,-0.739164,-0.797349,1.00218,-0.676013,0.855707,-0.535947,0.186654,-0.05505,-0.47499,0.811063,0.557651,0.527607,1.29056,1.49082,-0.118841,0.855932,-0.460399,-0.564889,0.347845,-0.276298,0.113828,-0.308831,0.67549,1.17633,-0.193972,0.749152,-1.06993,-0.0816505,0.489241,-0.0724403
0.448,-0.0573114,0.447049,0.577469,-0.671351,0.294277,0.422856,-0.283758,0.466642,-0.263899,0.119455,0.0536652,1.35558,-0.443423,-0.68006,0.161341,-0.9161,-0.0438032,0.847209,0.278252,0.103533,-1.76669,-0.531663,-0.0332996,-0.129268,0.735529,0.187685,-0.0107628,0.291618,-0.283371,-1.54697,0.640777,0.133231,-0.975905,0.573009,-0.623523,-0.0257106,-0.850772,0.689478,0.0925504,0.505735,-0.627733,1.60523,1.13482,0.405357,-0.469545,0.258887,-0.100479,1.27669,0.908111,0.0579334,-0.391627,-0.601658,0.304879,-0.346413,-1.33491,-0.655435,0.804236,0.270651,0.0899058,-0.49301,-0.594406,0.343601,0.545549,-0.862079,-0.892847,-0.0618472,0.627407,-0.0153771,0.299456,-0.543323,-0.649457,-0.863419,0.997698,-0.656918,0.852802,-0.569944,0.152054,-0.0379617,-0.440953,0.83321,0.501463,0.568999,1.27304,1.4906,-0.0922377,0.889063,-0.468291,-0.555635,0.354603,-0.249954,0.157472,-0.263592,0.630365,1.27765,-0.209733,0.751399,-1.09187,-0.080758,0.426495,-0.0828295
0.45,-0.0623903,0.457437,0.525632,-0.66601,0.259343,0.440614,-0.264228,0.561209,-0.280356,0.205797,0.0648276,1.37655,-0.48411,-0.730319,0.200903,-0.973858,-0.0472579,0.89626,0.201783,0.0874398,-1.70943,-0.553019,0.00602474,-0.125208,0.745013,0.181338,0.00993803,0.336798,-0.258341,-1.49226,0.707204,0.144389,-1.04687,0.59791,-0.543626,0.0293199,-0.880711,0.71188,0.00605353,0.437622,-0.622838,1.5837,1.15556,0.413611,-0.440084,0.238614,-0.0213713,1.2373,0.883309,0.135126,-0.392743,-0.535343,0.341966,-0.332204,-1.43954,-0.651539,0.861261,0.284807,0.14083,-0.52695,-0.628198,0.329406,0.542858,-0.838961,-0.880561,-0.0649986,0.594882,0.0335207,0.344059,-0.603896,-0.571032,-0.908675,1.01964,-0.631728,0.922982,-0.575395,0.270105,0.00458532,-0.410246,0.854684,0.507531,0.605822,1.24731,1.44568,-0.0495821,0.936619,-0.430819,-0.515299,0.391958,-0.228377,0.102381,-0.271209,0.609109,1.33235,-0.208026,0.765028,-1.08678,-0.192078,0.425229,-0.108258
0.452,-0.011829,0.398114,0.498627,-0.679721,0.298355,0.43329,-0.227972,0.508707,-0.246492,0.21235,-0.00823428,1.43276,-0.384235,-0.738999,0.192938,-0.897349,-0.0441144,0.856837,0.254929,0.105746,-1.75811,-0.66183,0.0150228,-0.24215,0.754694,0.162414,0.0368679,0.313552,-0.312996,-1.43016,0.772881,0.0634433,-1.04675,0.683436,-0.545005,-0.0116357,-0.877266,0.664099,-0.0273683,0.474042,-0.593107,1.59534,1.11718,0.408023,-0.491255,0.270378,0.0708846,1.36791,0.939659,0.145514,-0.406344,-0.537562,0.382037,-0.28821,-1.46004,-0.659459,0.844001,0.345371,0.148255,-0.603762,-0.532223,0.380344,0.551254,-0.823888,-0.854062,-0.0554907,0.491916,0.022569,0.349678,-0.606798,-0.579784,-0.931027,1.01135,-0.548062,0.947092,-0.629462,0.278123,0.039953,-0.411423,0.823584,0.510944,0.648812,1.31442,1.44847,-0.0118468,0.968914,-0.363401,-0.498447,0.440797,-0.255555,0.0400507,-0.252208,0.557877,1.42175,-0.276589,0.755572,-1.08247,-0.175465,0.443705,-0.152725
0.454,-0.156277,0.419132,0.430475,-0.779903,0.302803,0.442433,-0.229191,0.548838,-0.317303,0.180245,-0.071402,1.43033,-0.418458,-0.786268,0.195009,-0.891381,-0.172048,0.945529,0.316594,0.036017,-1.76314,-0.648918,0.0844637,-0.242864,0.820088,0.216503,0.051914,0.364323,-0.27404,-1.45354,0.767597,0.0420491,-1.11046,0.663178,-0.576422,0.0343419,-0.823074,0.680079,0.0803584,0.479116,-0.593124,1.62512,1.10954,0.433134,-0.487707,0.28905,0.0616374,1.43315,0.963366,0.145074,-0.48492,-0.55338,0.353412,-0.301874,-1.50595,-0.627903,0.829554,0.403531,0.165654,-0.610775,-0.506315,0.408256,0.473491,-0.79612,-0.835029,-0.12699,0.531128,-0.00110408,0.354222,-0.599687,-0.573119,-0.899913,0.989628,-0.476596,0.924356,-0.540242,0.222933,0.00123008,-0.494029,0.816675,0.544765,0.667496,1.31871,1.42621,-0.0490614,0.993707,-0.420625,-0.458833,0.441234,-0.259337,0.044871,-0.323337,0.448952,1.43617,-0.25518,0.706359,-1.12821,-0.174449,0.433786,-0.164984
0.456,-0.0498958,0.384506,0.419259,-0.785054,0.253376,0.453483,-0.200094,0.574425,-0.244119,0.13503,0.0169035,1.47115,-0.406057,-0.860528,0.238214,-0.842216,-0.200137,0.90024,0.242503,0.0187625,-1.73156,-0.647036,0.0723734,-0.195058,0.772859,0.181591,0.156355,0.310834,-0.317722,-1.36536,0.705199,0.0567288,-1.16877,0.638376,-0.585176,0.0107001,-0.861886,0.693496,0.0328721,0.466797,-0.604246,1.65406,1.07021,0.457486,-0.516368,0.294763,0.0500197,1.52015,1.05691,0.0817234,-0.454857,-0.593605,0.35178,-0.315528,-1.58075,-0.57388,0.78637,0.410177,0.158835,-0.616946,-0.491146,0.505791,0.491261,-0.807587,-0.798019,-0.111413,0.596074,0.0127399,0.303795,-0.583142,-0.606089,-0.929723,0.966973,-0.493866,0.941683,-0.534087,0.212035,-0.0425473,-0.477212,0.884905,0.534052,0.780299,1.31022,1.42855,-0.0844658,1.01758,-0.375292,-0.437406,0.400644,-0.230309,-0.0290979,-0.304658,0.43614,1.40884,-0.204818,0.697039,-1.05454,-0.140732,0.457816,-0.175604
0.458,-0.0455365,0.393519,0.426169,-0.770535,0.264135,0.365082,-0.124651,0.610143,-0.1662,0.0891315,0.0787185,1.4751,-0.471465,-0.884229,0.194363,-0.835389,-0.177054,0.903335,0.165874,0.09876,-1.7628,-0.632763,0.0546256,-0.20902,0.822801,0.132597,0.172472,0.300884,-0.384844,-1.39332,0.733836,0.0215994,-1.18713,0.647984,-0.623219,0.0301006,-0.900786,0.628063,0.0482541,0.427616,-0.646255,1.64459,1.00826,0.400813,-0.574302,0.294033,-0.0200827,1.43863,1.10153,0.101409,-0.463548,-0.604764,0.300743,-0.381921,-1.5918,-0.486151,0.790386,0.40791,0.23879,-0.590639,-0.505506,0.489155,0.514019,-0.79013,-0.783093,-0.16005,0.626296,-0.0523849,0.333795,-0.592215,-0.594946,-0.866511,0.936019,-0.423036,0.986389,-0.536835,0.211287,-0.102059,-0.421803,0.863774,0.532949,0.76846,1.28366,1.43985,-0.0380613,1.08386,-0.40711,-0.492822,0.47414,-0.239422,0.0287937,-0.279448,0.378838,1.42411,-0.194983,0.669167,-1.04228,-0.0794888,0.470849,-0.149983
0.46,-0.0995704,0.425057,0.463293,-0.733601,0.27387,0.391767,-0.059669,0.621121,-0.221963,0.0847235,0.0026488,1.49851,-0.483725,-0.851173,0.159115,-0.796581,-0.178019,0.94328,0.117016,0.0796985,-1.74393,-0.533455,0.0539579,-0.25566,0.818604,0.197828,0.193685,0.340372,-0.408995,-1.42505,0.7295,-0.00302897,-1.22349,0.574423,-0.611227,0.0153777,-0.951234,0.563871,-0.0132323,0.417397,-0.591858,1.59171,1.03341,0.462611,-0.574296,0.209151,-0.0310804,1.40645,1.11522,0.0471295,-0.475676,-0.623635,0.25229,-0.370125,-1.53508,-0.495921,0.770469,0.352538,0.207423,-0.672834,-0.52869,0.496729,0.50207,-0.800808,-0.861699,-0.15956,0.60672,-0.118784,0.407768,-0.617088,-0.604696,-0.886587,0.89054,-0.41192,0.995925,-0.520759,0.208766,-0.141997,-0.374836,0.83566,0.528791,0.789055,1.24276,1.46785,-0.0218442,1.07605,-0.308087,-0.502731,0.521465,-0.24568,0.0804914,-0.252566,0.38516,1.47075,-0.245056,0.69516,-1.06997,-0.132249,0.390291,-0.158117
0.462,-0.0382458,0.404459,0.482991,-0.738948,0.303087,0.388893,-0.0407016,0.627055,-0.262363,0.119963,0.069387,1.46269,-0.469741,-0.789786,0.0887177,-0.826526,-0.199184,0.916379,0.0971162,0.146827,-1.71587,-0.616545,0.0521668,-0.278031,0.834434,0.218146,0.135499,0.2818,-0.386295,-1.44282,0.737115,-0.0416779,-1.20899,0.579824,-0.605846,0.0901914,-0.92457,0.619457,0.00919071,0.535438,-0.633478,1.62603,1.06751,0.531096,-0.54517,0.223957,-0.0100127,1.38686,1.14009,0.0654725,-0.477929,-0.682571,0.260203,-0.371809,-1.5338,-0.522199,0.73731,0.375452,0.106614,-0.776244,-0.623165,0.521759,0.46769,-0.795049,-0.879301,-0.1883,0.608918,-0.0577895,0.516117,-0.611378,-0.645735,-0.877523,0.816313,-0.39477,0.886619,-0.527055,0.169161,-0.076955,-0.333356,0.882991,0.570951,0.796251,1.26577,1.47031,-0.0184036,1.04979,-0.299615,-0.512941,0.538795,-0.376469,0.0429701,-0.327179,0.447872,1.51115,-0.230785,0.729266,-1.01654,-0.135182,0.377887,-0.065091
0.464,-0.0696465,0.452731,0.438144,-0.654775,0.335975,0.33862,-0.0948923,0.580993,-0.313448,0.151604,0.0936521,1.46549,-0.499447,-0.800115,0.115643,-0.847788,-0.222741,0.889432,0.0999463,0.185917,-1.7312,-0.66293,-0.015415,-0.320905,0.861736,0.200968,0.0536916,0.262517,-0.347665,-1.46192,0.761884,-0.00236007,-1.32328,0.563232,-0.616461,0.0930234,-0.97158,0.635195,0.00953632,0.624606,-0.649376,1.55984,1.0749,0.521936,-0.489997,0.214152,0.0168695,1.45591,1.09907,0.0440645,-0.394958,-0.633499,0.187072,-0.340146,-1.48095,-0.514347,0.759221,0.3133,0.0253126,-0.663753,-0.64379,0.533995,0.441543,-0.808393,-0.90171,-0.209793,0.620123,-0.0241366,0.467385,-0.542171,-0.656582,-0.942864,0.782667,-0.325445,0.912681,-0.507014,0.201518,-0.0901284,-0.324916,0.797082,0.627549,0.804389,1.18725,1.43143,-0.0124725,1.08728,-0.391096,-0.463411,0.564861,-0.515596,0.0654483,-0.339337,0.442792,1.46692,-0.142045,0.737109,-1.00228,-0.0868054,0.339924,0.00938901
0.466,-0.113896,0.4298,0.458114,-0.690926,0.318213,0.39514,-0.106526,0.574453,-0.351029,0.162089,0.129599,1.42473,-0.427605,-0.818127,0.132511,-0.894333,-0.224329,0.858268,0.11277,0.249311,-1.74074,-0.649153,0.0112205,-0.353445,0.785521,0.221727,0.169475,0.263954,-0.239105,-1.45584,0.796741,0.0160517,-1.37104,0.516135,-0.622524,0.0739507,-0.989923,0.634272,0.0362072,0.629032,-0.514537,1.50275,1.11369,0.491238,-0.451018,0.246573,0.0192117,1.44437,1.12882,0.057298,-0.353666,-0.624145,0.187484,-0.336228,-1.51747,-0.507848,0.722682,0.341821,0.0475519,-0.676967,-0.621513,0.495086,0.445014,-0.824486,-0.879202,-0.203569,0.637339,-0.111569,0.488853,-0.536577,-0.675187,-0.960918,0.746933,-0.362947,0.97896,-0.513258,0.196587,-0.0826201,-0.271043,0.760863,0.687567,0.77356,1.26744,1.5295,-0.00573147,1.1564,-0.381131,-0.383223,0.56928,-0.500011,0.162299,-0.374802,0.389803,1.40096,-0.190129,0.764205,-0.973894,-0.0371581,0.334399,0.106261
0.468,-0.105686,0.453956,0.547623,-0.700341,0.343901,0.40225,-0.0255918,0.645881,-0.34276,0.156892,0.158411,1.36632,-0.427085,-0.829714,0.104498,-0.939802,-0.221411,0.837765,0.109768,0.1749,-1.78858,-0.585584,0.0080607,-0.430896,0.787087,0.204813,0.1642,0.339113,-0.223741,-1.46251,0.74905,-0.0119825,-1.34801,0.509831,-0.580241,0.0439207,-0.95879,0.746414,0.0839789,0.535022,-0.606074,1.52272,1.13344,0.585058,-0.394461,0.239834,0.0167811,1.39651,1.07125,0.0336505,-0.394136,-0.633582,0.156353,-0.311154,-1.47497,-0.517805,0.716435,0.366384,-0.053486,-0.677103,-0.601105,0.568612,0.444128,-0.769855,-0.857771,-0.174402,0.638495,-0.119398,0.52907,-0.623575,-0.656079,-0.925745,0.785934,-0.423024,0.932264,-0.50627,0.148617,-0.0562365,-0.264876,0.809447,0.661642,0.741428,1.26685,1.53719,0.0643867,1.20125,-0.341998,-0.407102,0.574683,-0.48192,0.0742972,-0.396273,0.39623,1.39748,-0.130014,0.797365,-0.93327,-0.00481738,0.264327,0.0973212
0.47,-0.0902966,0.460821,0.591879,-0.726514,0.320009,0.450401,0.0226594,0.662057,-0.414707,0.1158,0.0837411,1.39987,-0.413346,-0.860602,0.127017,-0.934438,-0.273993,0.84426,0.159403,0.157041,-1.80921,-0.636199,0.0307176,-0.427505,0.82337,0.217114,0.199087,0.395646,-0.228068,-1.40863,0.699046,-0.0157768,-1.34257,0.505489,-0.646782,0.063465,-0.929054,0.804393,0.0651558,0.550478,-0.607385,1.51399,1.14277,0.539127,-0.375563,0.210917,0.0470503,1.36276,1.08564,0.0653901,-0.419075,-0.677147,0.0752709,-0.400292,-1.57053,-0.520944,0.700354,0.391325,-0.0533643,-0.807464,-0.572141,0.557343,0.458039,-0.751509,-0.892051,-0.111421,0.728996,-0.119138,0.557125,-0.645489,-0.646054,-0.832401,0.758868,-0.44745,0.964184,-0.392485,0.141484,-0.122935,-0.214416,0.810283,0.71147,0.749953,1.2641,1.52661,0.078139,1.2164,-0.306877,-0.448242,0.549709,-0.531176,0.066416,-0.414007,0.377861,1.34913,-0.0899834,0.777607,-1.00782,-0.0519781,0.225466,0.0606525
0.472,-0.139187,0.502247,0.589292,-0.758275,0.31671,0.468095,0.109694,0.701102,-0.430676,0.134689,0.0694255,1.40142,-0.416075,-0.90468,0.110274,-0.872673,-0.262096,0.882824,0.207128,0.114011,-1.74027,-0.59197,0.0231007,-0.414806,0.824047,0.222819,0.213222,0.38886,-0.19135,-1.39546,0.750999,0.0179821,-1.40573,0.450619,-0.627621,0.0448737,-0.960686,0.76256,0.0560211,0.535728,-0.596055,1.55322,1.11177,0.50794,-0.315781,0.264878,-0.101461,1.31638,1.12272,0.0367459,-0.390085,-0.684475,0.0350191,-0.368946,-1.56195,-0.54912,0.700224,0.457952,-0.0793951,-0.771239,-0.611462,0.552961,0.49788,-0.73397,-0.839624,-0.115836,0.774828,-0.124973,0.641101,-0.64796,-0.618539,-0.819243,0.81349,-0.3612,0.964788,-0.277107,0.094019,-0.135017,-0.190426,0.816288,0.78614,0.710893,1.21075,1.49556,0.0528368,1.14381,-0.274549,-0.460353,0.503253,-0.538146,0.0225421,-0.427007,0.368739,1.27129,-0.0813307,0.807368,-1.02497,-0.0918517,0.254686,0.100761
0.474,-0.12689,0.538617,0.480569,-0.833812,0.311702,0.477525,0.136338,0.672411,-0.534648,0.136281,0.101908,1.33337,-0.403954,-0.918405,0.134882,-0.890498,-0.231558,0.847939,0.268663,0.129157,-1.68136,-0.53705,-0.0157837,-0.408783,0.843374,0.277398,0.274741,0.468954,-0.237844,-1.40866,0.75759,0.0632428,-1.41463,0.462479,-0.653493,0.0361905,-0.911594,0.743299,0.086113,0.601817,-0.556211,1.56523,1.02207,0.529035,-0.373568,0.205813,-0.0239401,1.27401,1.07942,0.0514112,-0.375244,-0.754546,0.024607,-0.40417,-1.51786,-0.608217,0.711792,0.525162,-0.098782,-0.774055,-0.701874,0.518227,0.541351,-0.693285,-0.89607,-0.0792924,0.691394,-0.090223,0.705259,-0.64156,-0.590014,-0.774158,0.652505,-0.4448,0.932019,-0.290714,0.0774512,-0.146737,-0.152818,0.841177,0.795297,0.739903,1.17088,1.52365,-0.0331839,1.17555,-0.273662,-0.446639,0.415019,-0.474419,0.0167793,-0.444771,0.395847,1.18001,-0.112295,0.840498,-1.06586,-0.128612,0.272078,0.065745
0.476,-0.0642531,0.512005,0.496823,-0.889552,0.336539,0.488079,0.148975,0.685027,-0.542611,0.256104,0.120877,1.30604,-0.482705,-0.955186,0.123446,-0.874167,-0.17209,0.873346,0.319961,0.1284,-1.67423,-0.499375,0.0524656,-0.418493,0.820324,0.264307,0.302421,0.5181,-0.25956,-1.39909,0.721606,0.0185928,-1.32227,0.493311,-0.697876,0.0389647,-0.94352,0.833308,0.0275676,0.525029,-0.563622,1.59628,1.03726,0.525064,-0.321658,0.159117,-0.102974,1.31957,1.10418,0.011058,-0.379837,-0.778547,0.0122915,-0.39178,-1.51128,-0.53658,0.695227,0.480599,0.00539918,-0.819421,-0.702427,0.508755,0.447416,-0.781125,-0.803358,-0.0691232,0.68508,-0.0762655,0.715524,-0.705313,-0.591895,-0.81478,0.645598,-0.359252,0.915813,-0.300857,0.168414,-0.077117,-0.0807519,0.841872,0.759086,0.685473,1.21398,1.53158,-0.0598909,1.17615,-0.334238,-0.418152,0.317031,-0.42804,0.0862305,-0.400506,0.365184,1.25709,-0.111528,0.868963,-1.05754,-0.195002,0.332321,0.0485539
0.478,-0.0825401,0.502825,0.457439,-0.921367,0.326595,0.492175,0.18037,0.699888,-0.513086,0.269264,0.17028,1.35605,-0.4978,-0.940041,0.137618,-0.834191,-0.105766,0.930652,0.441742,0.120817,-1.69476,-0.531248,0.133066,-0.406942,0.795234,0.278854,0.319488,0.533806,-0.242584,-1.42342,0.709769,0.0224194,-1.34952,0.558934,-0.736017,-0.0101231,-0.945831,0.781789,0.103938,0.435508,-0.568682,1.5426,0.964665,0.520105,-0.258814,0.0814026,-0.069681,1.2972,1.0168,0.0170834,-0.407999,-0.695223,-0.0484505,-0.376303,-1.47533,-0.530416,0.676839,0.466166,0.00237838,-0.82753,-0.633783,0.510609,0.376781,-0.764244,-0.752545,-0.0966126,0.619536,-0.0730895,0.725351,-0.716069,-0.613105,-0.816413,0.674401,-0.35042,0.915641,-0.278652,0.238503,-0.0718318,-0.126751,0.79559,0.751717,0.640307,1.26519,1.55649,-0.0248217,1.09203,-0.311151,-0.449219,0.366767,-0.450738,0.0100861,-0.382327,0.365394,1.31561,-0.0755463,0.827052,-1.14037,-0.198775,0.390533,0.0423504
0.48,-0.0455108,0.458045,0.508292,-0.826066,0.304031,0.498417,0.202111,0.787807,-0.529326,0.322534,0.144713,1.34904,-0.463838,-0.923026,0.107212,-0.825017,-0.131041,0.895113,0.558353,0.0912905,-1.66933,-0.485838,0.219222,-0.358353,0.872778,0.371475,0.314464,0.627162,-0.231533,-1.40609,0.709368,0.0644139,-1.45382,0.56838,-0.730875,0.0115029,-0.978591,0.777418,0.131145,0.43692,-0.53422,1.54583,0.951756,0.50008,-0.255979,0.0954807,-0.0872216,1.2458,1.06999,-0.0445558,-0.384443,-0.694343,-0.0444161,-0.356795,-1.44457,-0.505312,0.704883,0.444595,0.0089341,-0.7993,-0.66266,0.460583,0.37762,-0.752466,-0.775598,-0.182237,0.633395,-0.0694794,0.735406,-0.726265,-0.637375,-0.882999,0.687828,-0.331594,0.889589,-0.352801,0.248706,-0.0184646,-0.0954859,0.708387,0.76104,0.621304,1.26843,1.57299,-0.0412166,1.07572,-0.339651,-0.447723,0.304329,-0.453135,-0.0139335,-0.3977,0.393629,1.3418,-0.0771753,0.884907,-1.20619,-0.310234,0.383003,0.0345307
0.482,-0.0797384,0.48292,0.507668,-0.818691,0.28924,0.50371,0.267415,0.827336,-0.539334,0.288008,0.116687,1.35277,-0.453672,-0.948689,0.112761,-0.802723,-0.146384,0.910702,0.578782,0.0376872,-1.73426,-0.450572,0.196949,-0.391522,0.86541,0.374783,0.349397,0.625296,-0.167614,-1.38048,0.658846,0.0194781,-1.38557,0.531701,-0.851384,0.0376484,-1.00009,0.797032,0.0948762,0.437942,-0.521535,1.5144,0.934111,0.557511,-0.312976,0.150896,-0.0417062,1.18946,1.09029,-0.0123244,-0.284015,-0.690221,-0.0837005,-0.407285,-1.38096,-0.570838,0.762601,0.412879,-0.0101509,-0.765339,-0.630215,0.42378,0.319808,-0.688481,-0.781907,-0.15935,0.60133,-0.0507127,0.71273,-0.718809,-0.710932,-0.897604,0.666348,-0.254983,0.913971,-0.386129,0.234524,-0.0300158,-0.136207,0.746851,0.723276,0.64779,1.24919,1.58515,-0.0551301,1.08356,-0.291089,-0.47352,0.377522,-0.510673,-0.07189,-0.402022,0.39917,1.33952,-0.053255,0.940025,-1.25802,-0.329401,0.339713,0.110142
0.484,-0.0451102,0.539219,0.514757,-0.833522,0.343872,0.543673,0.263954,0.791922,-0.605683,0.311667,0.186435,1.35199,-0.463278,-0.931933,0.147237,-0.794775,-0.166999,0.859691,0.641246,-0.0238879,-1.7129,-0.515342,0.245851,-0.332098,0.856342,0.345516,0.358528,0.617084,-0.122307,-1.33549,0.68119,0.0776318,-1.4173,0.51225,-0.869995,0.0719142,-0.942931,0.803942,0.131186,0.446916,-0.504517,1.54259,0.889462,0.60993,-0.304123,0.106151,0.0654919,1.12161,1.07489,0.0247902,-0.329363,-0.682421,-0.0715106,-0.369209,-1.34819,-0.570135,0.805165,0.41781,0.0218094,-0.779695,-0.663404,0.400333,0.33586,-0.704312,-0.69997,-0.143291,0.560578,-0.0827034,0.682429,-0.715434,-0.656794,-0.915032,0.712428,-0.310048,0.882209,-0.345355,0.275306,-0.0408513,-0.196777,0.682725,0.743547,0.632686,1.27099,1.5354,-0.0991856,1.11609,-0.328651,-0.468846,0.32005,-0.456368,-0.0581599,-0.396145,0.342454,1.30859,0.0478339,0.977774,-1.21489,-0.316794,0.337769,0.139378
0.486,-0.0602629,0.549774,0.575874,-0.84559,0.293887,0.502251,0.227181,0.782374,-0.573246,0.375481,0.237647,1.32776,-0.519772,-0.934705,0.128591,-0.781872,-0.105735,0.85452,0.614657,-0.101382,-1.71497,-0.534626,0.219472,-0.285341,0.76817,0.328282,0.369378,0.63913,-0.0702082,-1.37113,0.6494,0.0872011,-1.50503,0.468498,-0.900558,0.0558417,-0.857924,0.814689,0.125267,0.347797,-0.470106,1.56573,0.901079,0.567135,-0.34,0.140029,0.103483,1.08799,1.0866,0.0357769,-0.282156,-0.653497,-0.130779,-0.385457,-1.34605,-0.480881,0.800487,0.461315,0.0205231,-0.721916,-0.606547,0.389332,0.321891,-0.702321,-0.727829,-0.206454,0.600202,-0.10775,0.757598,-0.72793,-0.617003,-0.986132,0.726777,-0.276687,0.895115,-0.302736,0.285094,-0.0898044,-0.15535,0.657937,0.681137,0.54672,1.25094,1.51243,-0.101529,1.1172,-0.33607,-0.515534,0.262442,-0.486569,-0.0183569,-0.402984,0.36339,1.33569,0.108384,0.950806,-1.19624,-0.414233,0.302133,0.142515
0.488,-0.0323296,0.568825,0.473914,-0.879236,0.239085,0.536192,0.272969,0.777296,-0.633663,0.376892,0.183534,1.33864,-0.522241,-0.957176,0.116231,-0.751223,-0.0961836,0.881498,0.690909,-0.183166,-1.6974,-0.531859,0.238488,-0.271073,0.72539,0.313913,0.463004,0.687136,-0.147186,-1.37548,0.580044,0.0963071,-1.4569,0.43712,-0.894158,-0.00270159,-0.827628,0.803761,0.164723,0.31725,-0.454035,1.60772,0.932826,0.595848,-0.265995,0.129349,0.114444,1.0085,1.07889,0.0739854,-0.281361,-0.664124,-0.0335438,-0.421229,-1.3443,-0.442945,0.820799,0.405628,-0.00467792,-0.721693,-0.563608,0.399953,0.330997,-0.693199,-0.763404,-0.259583,0.568534,-0.129357,0.81833,-0.831676,-0.532315,-0.998832,0.746981,-0.274887,0.934914,-0.338952,0.179745,-0.107996,-0.0851979,0.656081,0.735905,0.558195,1.25774,1.53405,-0.0632629,1.1548,-0.393454,-0.445651,0.296059,-0.472054,-0.00256115,-0.439225,0.378446,1.30134,0.096884,0.917597,-1.23312,-0.451997,0.305609,0.0975226
0.49,0.0233361,0.601327,0.49662,-0.862944,0.234458,0.472859,0.24893,0.832575,-0.73675,0.374289,0.169622,1.37891,-0.487924,-1.02286,0.0760477,-0.749652,-0.104843,0.849696,0.699948,-0.144219,-1.61779,-0.496998,0.265025,-0.247459,0.694456,0.307711,0.487702,0.562449,-0.131075,-1.4877,0.602077,0.116471,-1.42009,0.364665,-0.90935,0.0183046,-0.803304,0.760147,0.191519,0.32607,-0.426196,1.57708,1.0233,0.609168,-0.263419,0.138249,0.12689,1.07761,1.12321,0.00917261,-0.222938,-0.657509,0.0516193,-0.419061,-1.31973,-0.486287,0.869937,0.403916,0.0561799,-0.735006,-0.506663,0.414356,0.290515,-0.618749,-0.717676,-0.229637,0.668379,-0.0482375,0.750845,-0.925234,-0.474046,-1.05842,0.748152,-0.328641,0.924022,-0.335716,0.134299,-0.128687,-0.0574876,0.60236,0.684213,0.541132,1.23603,1.50864,-0.0141076,1.14534,-0.386193,-0.484286,0.274752,-0.424609,0.0216368,-0.390344,0.417819,1.30671,0.109406,0.883093,-1.24558,-0.439652,0.251241,0.0495922
0.492,-0.0259791,0.596334,0.524188,-0.871762,0.254083,0.501154,0.264537,0.822807,-0.720263,0.351363,0.205243,1.35854,-0.515868,-1.07735,0.0643874,-0.720502,-0.118306,0.881678,0.621224,-0.146747,-1.62089,-0.540324,0.209577,-0.149598,0.744387,0.293118,0.48316,0.580445,-0.0772548,-1.45937,0.64031,0.14389,-1.4139,0.367091,-0.902976,0.0864878,-0.811966,0.78676,0.179344,0.257056,-0.410815,1.59648,1.00339,0.658273,-0.313997,0.201678,0.153239,1.07365,1.14668,-0.0372197,-0.195714,-0.668656,0.0824668,-0.361534,-1.36911,-0.48811,0.878374,0.395091,0.0695696,-0.736301,-0.455606,0.384714,0.283968,-0.623123,-0.768485,-0.188317,0.621654,-0.125059,0.793283,-0.940311,-0.475344,-1.09499,0.740448,-0.346252,0.885017,-0.349919,0.0761976,-0.0832912,-0.0372568,0.568751,0.667201,0.473562,1.16422,1.49332,0.00768173,1.22481,-0.409882,-0.45094,0.352396,-0.485256,0.0172072,-0.338941,0.338551,1.24415,0.191222,0.955122,-1.25277,-0.458068,0.278041,0.0280265
0.494,-0.0201209,0.579204,0.509401,-0.879025,0.219055,0.529231,0.247808,0.893654,-0.772356,0.40338,0.240558,1.41136,-0.549038,-1.12956,0.0696051,-0.70249,-0.00357373,0.847478,0.671143,-0.169841,-1.62175,-0.470094,0.205647,-0.088925,0.827388,0.255488,0.441665,0.571503,-0.0133457,-1.52852,0.608435,0.0924863,-1.44658,0.461056,-0.956086,0.056865,-0.885118,0.739509,0.217509,0.271305,-0.387283,1.52725,0.975706,0.780208,-0.282027,0.16733,0.138507,1.1043,1.05386,-0.0617905,-0.182077,-0.597384,0.0511101,-0.348056,-1.40877,-0.482292,0.86078,0.34407,0.0411368,-0.754446,-0.431266,0.371505,0.279647,-0.685226,-0.774155,-0.191135,0.667211,-0.138142,0.840718,-0.975101,-0.424823,-1.17071,0.776236,-0.359377,0.840407,-0.329966,0.0577438,-0.0667155,-0.0481257,0.579373,0.681762,0.401184,1.20209,1.5358,0.0250647,1.29559,-0.371972,-0.473079,0.410067,-0.49913,0.0310819,-0.333812,0.333603,1.22264,0.167324,0.875989,-1.21382,-0.371828,0.324375,0.00861459
0.496,-0.0363578,0.556705,0.558049,-0.903817,0.15002,0.58738,0.260184,0.886493,-0.745632,0.389163,0.24673,1.49525,-0.54784,-1.15565,0.0813507,-0.774726,0.00812966,0.940427,0.713747,-0.211942,-1.66926,-0.456299,0.20373,-0.110204,0.900143,0.285908,0.452815,0.559317,-0.0556273,-1.59046,0.593717,0.111767,-1.42457,0.424091,-0.924889,0.0459495,-0.827913,0.715836,0.220398,0.294095,-0.379365,1.52577,0.985283,0.802864,-0.208747,0.121345,0.226865,1.11168,1.04164,-0.0493451,-0.126343,-0.529104,0.0651312,-0.330918,-1.39484,-0.538468,0.876402,0.333525,-0.00362493,-0.712187,-0.402654,0.356526,0.269173,-0.758671,-0.732183,-0.214977,0.65022,-0.126467,0.852452,-1.0166,-0.366183,-1.15013,0.826399,-0.413283,0.791458,-0.33893,0.129324,-0.0444968,0.0234596,0.579692,0.68902,0.476663,1.20905,1.5084,0.0607396,1.33373,-0.403359,-0.421656,0.352202,-0.506443,0.0510091,-0.346352,0.395196,1.20072,0.122747,0.848938,-1.19536,-0.302468,0.377103,-0.0123886
0.498,-0.0536109,0.490298,0.604419,-0.999311,0.0960361,0.614972,0.293306,0.860476,-0.766717,0.305936,0.223877,1.50056,-0.608573,-1.14103,0.0528807,-0.74951,-0.00926968,0.941488,0.699685,-0.262685,-1.63418,-0.441997,0.234584,-0.0213868,0.904966,0.318954,0.432354,0.5063,-0.0098535,-1.56847,0.521548,0.130141,-1.4447,0.378759,-0.940689,-0.00722268,-0.875487,0.644083,0.121465,0.268957,-0.380919,1.56116,0.924112,0.870115,-0.247959,0.131534,0.234591,1.08219,1.07507,-0.0529761,-0.119676,-0.500552,0.0976898,-0.358429,-1.35646,-0.514633,0.939285,0.251556,-0.0834779,-0.776364,-0.426839,0.307524,0.233125,-0.816366,-0.840242,-0.172953,0.749211,-0.114258,0.803213,-1.03632,-0.380276,-1.15689,0.853203,-0.426664,0.737218,-0.278486,0.165165,0.0284203,0.128766,0.580869,0.694243,0.391438,1.19925,1.50648,0.0279664,1.30525,-0.43945,-0.431126,0.394744,-0.420398,-0.0185974,-0.324572,0.369316,1.22104,0.126768,0.886142,-1.17498,-0.239181,0.301676,-0.0875474
0.5,-0.048881,0.479323,0.601714,-0.960191,0.0534293,0.493915,0.304415,0.909594,-0.769328,0.329308,0.189118,1.47812,-0.551277,-1.09564,0.092921,-0.801013,-0.0336554,0.952941,0.763873,-0.284788,-1.62358,-0.377771,0.242811,-0.0116515,0.809985,0.239473,0.421604,0.420064,0.0551,-1.6228,0.568371,0.148799,-1.4505,0.331626,-0.923206,0.0703898,-0.90247,0.611899,0.0728749,0.261952,-0.378068,1.56349,0.922347,0.802785,-0.228026,0.158676,0.268024,1.13683,1.05254,-0.0237346,-0.164044,-0.513378,0.08043,-0.393365,-1.3905,-0.522655,0.952971,0.255609,-0.0995062,-0.775191,-0.449963,0.281435,0.299597,-0.743658,-0.794828,-0.272837,0.753159,-0.102242,0.824684,-1.01166,-0.367093,-1.16579,0.795652,-0.32816,0.770558,-0.271507,0.108628,0.0312571,0.131975,0.493082,0.722128,0.451438,1.19323,1.53351,0.100203,1.33904,-0.43555,-0.474394,0.397749,-0.368352,0.0328589,-0.271397,0.414926,1.16878,0.132868,0.874253,-1.19529,-0.263883,0.288032,-0.166258
0.502,-0.105152,0.472489,0.601392,-0.912431,-0.031685,0.454958,0.309964,0.92927,-0.802176,0.339494,0.18251,1.3964,-0.5498,-1.14063,0.104007,-0.757591,-0.0988426,0.962825,0.795211,-0.3139,-1.61247,-0.43668,0.21231,-0.0164883,0.892491,0.23433,0.378642,0.425456,0.0706897,-1.62867,0.526338,0.123804,-1.47121,0.350066,-0.9878,0.0722204,-0.855505,0.556379,0.174794,0.245218,-0.344328,1.57231,0.92806,0.781931,-0.195596,0.165284,0.221635,1.11189,1.09801,0.0145099,-0.138785,-0.443583,0.15887,-0.41042,-1.4018,-0.535429,0.985094,0.302933,0.0200985,-0.6927,-0.450592,0.243394,0.301152,-0.67378,-0.777541,-0.278974,0.681664,-0.115667,0.810018,-0.984811,-0.338605,-1.20127,0.78133,-0.251846,0.771766,-0.230016,0.125713,0.0694571,0.0983141,0.412518,0.745372,0.490895,1.17945,1.47789,0.0777747,1.34692,-0.568219,-0.476226,0.386621,-0.400196,0.157,-0.271125,0.524367,1.19027,0.222713,0.820529,-1.22959,-0.226983,0.274635,-0.16418
0.504,-0.121153,0.507556,0.556929,-0.908293,-0.0459966,0.478691,0.203806,0.90537,-0.779014,0.398051,0.127957,1.41193,-0.49043,-1.12816,0.0695701,-0.780421,-0.114823,1.03353,0.766137,-0.339426,-1.59023,-0.385484,0.289018,-0.0152765,0.852789,0.251197,0.377175,0.418935,0.0840337,-1.64209,0.46948,0.13049,-1.42908,0.325364,-0.951504,0.0470707,-0.919803,0.585807,0.140495,0.295833,-0.413644,1.5832,0.852685,0.711011,-0.177452,0.162688,0.232587,1.16585,1.15572,0.0339589,-0.140616,-0.478134,0.163354,-0.42767,-1.42575,-0.476884,1.00995,0.329842,0.00370265,-0.643824,-0.512926,0.272546,0.300301,-0.62173,-0.801883,-0.365964,0.631609,0.0284288,0.771671,-1.00791,-0.28173,-1.18913,0.857715,-0.196903,0.795256,-0.161064,0.108632,0.112087,0.0240639,0.34675,0.732809,0.507843,1.20343,1.40516,0.04281,1.41907,-0.589203,-0.498093,0.476514,-0.400018,0.20076,-0.305852,0.549235,1.19269,0.337367,0.837608,-1.21793,-0.223059,0.225407,-0.14619
0.506,-0.171635,0.481146,0.619221,-0.848117,-0.0209373,0.557121,0.238821,0.915902,-0.826638,0.35803,0.148055,1.45351,-0.45912,-1.13088,0.119952,-0.818463,-0.124373,1.04195,0.656621,-0.341784,-1.59361,-0.373132,0.277751,0.0532676,0.876602,0.305167,0.365882,0.508037,0.0239522,-1.67092,0.461606,0.179341,-1.48362,0.317424,-0.935185,0.0672616,-0.960016,0.583363,0.140638,0.379578,-0.405103,1.58247,0.841754,0.724542,-0.215783,0.119168,0.244365,1.18009,1.07551,0.0143565,-0.126007,-0.478186,0.130587,-0.410934,-1.42057,-0.421626,1.05582,0.423571,-0.0439898,-0.611222,-0.54134,0.206043,0.262521,-0.668453,-0.86076,-0.279411,0.668716,0.0144148,0.754886,-1.00563,-0.327012,-1.17844,0.798937,-0.202918,0.730347,-0.126853,0.126928,0.144959,0.138367,0.269998,0.730873,0.573861,1.18297,1.38472,0.152408,1.44742,-0.572328,-0.551409,0.508476,-0.34358,0.111965,-0.363309,0.561137,1.18271,0.263757,0.864179,-1.18278,-0.207424,0.182758,-0.107597
0.508,-0.177839,0.465275,0.646278,-0.824054,-0.0898071,0.583269,0.293391,0.976322,-0.823584,0.359134,0.1423,1.39104,-0.512448,-1.19175,0.1677,-0.855344,-0.0898417,1.00578,0.627598,-0.33071,-1.5694,-0.395092,0.226563,0.114319,0.869569,0.260998,0.410286,0.513274,0.00538904,-1.72766,0.49351,0.218202,-1.5143,0.354592,-0.916631,0.0663036,-0.88341,0.623033,0.0560935,0.421996,-0.379222,1.63167,0.904124,0.706512,-0.254963,0.0218515,0.244111,1.17328,1.03004,0.0574841,-0.109896,-0.471449,0.0756995,-0.431964,-1.42628,-0.407579,1.04267,0.373082,-0.0751618,-0.680435,-0.410034,0.17901,0.258576,-0.560871,-0.934624,-0.283434,0.671481,0.00840764,0.742062,-1.02281,-0.339761,-1.2157,0.793448,-0.120328,0.690179,-0.12233,0.0956644,0.143401,0.109703,0.209744,0.796872,0.620962,1.24486,1.27768,0.156535,1.43748,-0.603087,-0.551354,0.423344,-0.30304,0.0840627,-0.386873,0.581963,1.23027,0.331043,0.861889,-1.06514,-0.228849,0.166439,-0.146058
0.51,-0.197523,0.421282,0.659657,-0.892747,-0.0711457,0.584395,0.223332,1.0178,-0.849227,0.319725,0.173898,1.45185,-0.588994,-1.26659,0.233596,-0.857661,-0.116345,1.00154,0.567205,-0.331425,-1.59229,-0.392044,0.274103,0.136589,0.859647,0.262452,0.375817,0.465827,-0.0314583,-1.78828,0.52608,0.239099,-1.4439,0.310256,-0.90973,0.109356,-0.94404,0.61747,0.133427,0.429394,-0.338488,1.62038,0.900416,0.782953,-0.280378,0.0473152,0.220853,1.23159,1.05159,0.046026,-0.133349,-0.443065,0.0406203,-0.43685,-1.34184,-0.460728,1.01612,0.359782,-0.0715564,-0.708002,-0.417104,0.127254,0.186955,-0.50808,-0.920887,-0.277993,0.658473,0.0158758,0.76286,-1.04708,-0.349178,-1.3149,0.772891,-0.0665729,0.710135,-0.209394,0.0953292,0.119156,0.152773,0.193791,0.684153,0.617173,1.24935,1.29566,0.191861,1.48647,-0.644308,-0.494145,0.436378,-0.278104,0.0601257,-0.361275,0.58913,1.23834,0.313629,0.858308,-1.09022,-0.245323,0.167058,-0.175479
0.512,-0.196482,0.43796,0.71669,-0.927295,-0.0918345,0.507178,0.185887,0.992457,-0.799311,0.306199,0.251149,1.44904,-0.544615,-1.22296,0.291676,-0.900664,-0.107754,1.02071,0.565241,-0.312219,-1.61251,-0.342313,0.330251,0.0183459,0.875719,0.248568,0.393811,0.442477,-0.150408,-1.8123,0.518677,0.292054,-1.47016,0.350106,-0.831332,0.108386,-0.987384,0.588783,0.0900835,0.460034,-0.44943,1.72633,0.82735,0.782999,-0.269404,-0.0718119,0.12532,1.24401,1.0442,0.029425,-0.0503661,-0.40968,0.0606808,-0.497715,-1.31309,-0.455651,0.926439,0.353715,0.0293736,-0.660154,-0.448383,0.079423,0.19539,-0.513488,-1.01077,-0.175085,0.669581,-0.0208748,0.763413,-1.04165,-0.397573,-1.32905,0.794428,-0.148881,0.754231,-0.213166,0.0747054,0.108018,0.181627,0.244127,0.687759,0.719381,1.18824,1.2841,0.168968,1.5341,-0.684183,-0.504096,0.385426,-0.259445,0.0874594,-0.384217,0.56651,1.19989,0.319294,0.848132,-1.13914,-0.200844,0.111353,-0.215688
0.514,-0.1902,0.455102,0.653235,-0.923861,-0.0918406,0.495945,0.165263,1.0809,-0.832305,0.309991,0.212387,1.57928,-0.479228,-1.28937,0.303847,-0.951817,-0.13792,0.957137,0.550125,-0.410646,-1.66192,-0.326217,0.363061,0.0343539,0.88774,0.265822,0.380266,0.388116,-0.117357,-1.83312,0.454944,0.278568,-1.47305,0.39349,-0.786665,0.11453,-0.906448,0.581876,0.126002,0.472843,-0.531661,1.74678,0.864911,0.775328,-0.301593,-0.091884,0.170266,1.30209,1.06431,0.081475,-0.065155,-0.424732,0.0662851,-0.501405,-1.25795,-0.463573,0.932264,0.251164,0.0324997,-0.663064,-0.483237,0.0279629,0.187404,-0.542119,-1.0082,-0.13215,0.628804,-0.0542838,0.761366,-1.06354,-0.480524,-1.33631,0.730649,-0.115719,0.682687,-0.156041,0.076635,0.127678,0.17322,0.132562,0.713173,0.682695,1.18802,1.26151,0.184092,1.58355,-0.643842,-0.475832,0.372586,-0.249853,0.0497766,-0.356134,0.58185,1.15928,0.316492,0.870015,-1.24866,-0.271758,0.0968238,-0.217937
0.516,-0.2296,0.409011,0.625468,-0.869656,-0.0412484,0.460853,0.216193,1.02415,-0.799281,0.292965,0.259183,1.59371,-0.504373,-1.25961,0.29994,-1.0465,-0.138223,0.978199,0.561656,-0.430383,-1.62389,-0.323842,0.404749,-0.0446617,0.900937,0.229524,0.482005,0.380109,-0.121598,-1.86281,0.446411,0.197143,-1.42,0.370998,-0.759042,0.108958,-0.842062,0.609473,0.120888,0.371299,-0.504521,1.78097,0.860258,0.757747,-0.258623,-0.0608923,0.21105,1.1974,1.12697,0.125325,-0.0658416,-0.382115,0.0364657,-0.413862,-1.21685,-0.421108,0.992232,0.23787,0.0985326,-0.646108,-0.495764,0.0593241,0.132457,-0.593001,-1.03243,-0.0491922,0.690344,-0.0608628,0.761331,-1.01406,-0.427247,-1.29821,0.675712,-0.0264609,0.765127,-0.148947,0.0460656,0.134772,0.17878,0.216702,0.836664,0.679126,1.18329,1.26906,0.19636,1.59164,-0.642087,-0.492975,0.455827,-0.320681,0.126327,-0.348933,0.481814,1.12495,0.348398,0.87621,-1.31378,-0.355716,0.114587,-0.170832
0.518,-0.20981,0.499562,0.617437,-0.899303,-0.0308328,0.44528,0.128762,1.07093,-0.757011,0.182204,0.260178,1.58639,-0.417974,-1.34296,0.305236,-1.0574,-0.116702,1.08068,0.5139,-0.432277,-1.6312,-0.415332,0.316469,-0.0839093,0.847417,0.183151,0.455748,0.380839,-0.085035,-1.90791,0.450645,0.171423,-1.43719,0.337957,-0.728994,0.110309,-0.865124,0.68986,0.0822885,0.34116,-0.463816,1.84332,0.871834,0.733008,-0.185501,-0.0890134,0.230951,1.13937,1.16406,0.121448,0.0257925,-0.343067,0.0311869,-0.510397,-1.23629,-0.436324,1.00865,0.248961,0.0365396,-0.66762,-0.540964,0.00458502,0.222695,-0.563394,-1.0453,-0.0380659,0.623565,-0.0585539,0.82123,-1.00951,-0.441708,-1.26798,0.659871,-0.026204,0.769716,-0.0991782,0.008397,0.157823,0.249318,0.228079,0.863692,0.768867,1.1297,1.28694,0.200659,1.5991,-0.614499,-0.474627,0.443129,-0.359859,0.145489,-0.346604,0.389398,1.08703,0.350892,0.819426,-1.2802,-0.329737,0.14507,-0.226121
0.52,-0.260252,0.466518,0.668651,-0.97742,-0.0626171,0.544863,0.0826338,1.05448,-0.71779,0.181564,0.181273,1.5672,-0.424582,-1.32518,0.274824,-1.1039,-0.109286,1.06429,0.502592,-0.494283,-1.6459,-0.466086,0.300603,-0.112316,0.812644,0.147564,0.480403,0.410334,-0.0940377,-1.8458,0.462807,0.177687,-1.35746,0.325927,-0.673419,0.110883,-0.864759,0.6482,0.0917499,0.380835,-0.492317,1.85099,0.928153,0.732481,-0.195776,-0.11418,0.239965,1.14062,1.13332,0.185623,0.029333,-0.345029,0.0303229,-0.536674,-1.29516,-0.487422,0.958131,0.236409,0.0260422,-0.695256,-0.604234,0.00825972,0.292343,-0.526877,-0.944279,-0.0544808,0.60924,-0.0895975,0.720164,-0.976526,-0.388547,-1.28885,0.620407,-0.0247593,0.799203,-0.154159,0.0111076,0.140985,0.284987,0.251728,0.891933,0.746103,1.1179,1.25521,0.175081,1.59451,-0.681951,-0.51754,0.439414,-0.348569,0.234982,-0.323656,0.350727,1.15479,0.415316,0.825892,-1.25918,-0.234679,0.133371,-0.220799
0.522,-0.221914,0.374378,0.547188,-0.987938,-0.0957842,0.4928,0.0495707,1.0153,-0.777381,0.184811,0.194786,1.64538,-0.437086,-1.31689,0.294801,-1.12594,-0.0188196,1.07255,0.539495,-0.539648,-1.66752,-0.500177,0.307148,-0.131223,0.839668,0.198739,0.436412,0.433205,-0.0642619,-1.96267,0.427864,0.163267,-1.39113,0.321803,-0.67649,0.0740903,-0.781471,0.683746,0.100735,0.342788,-0.455422,1.89551,1.07702,0.670265,-0.251694,-0.119511,0.259406,1.19638,1.11741,0.133348,-0.00696735,-0.249529,0.105551,-0.562484,-1.30454,-0.500917,0.980424,0.206638,-0.000692333,-0.664201,-0.636715,0.0134298,0.338436,-0.515966,-0.925613,-0.0441067,0.607202,-0.0723602,0.7394,-0.926783,-0.345995,-1.27867,0.668028,0.0125464,0.802967,-0.161745,0.0123268,0.0834257,0.291547,0.336851,0.819497,0.783739,1.19575,1.23858,0.142199,1.63983,-0.639131,-0.46275,0.46873,-0.331118,0.214499,-0.353508,0.265431,1.14058,0.452049,0.909062,-1.19423,-0.259754,0.138414,-0.22476
0.524,-0.127769,0.373348,0.580499,-1.01715,-0.121143,0.502426,0.0657994,0.991539,-0.656721,0.168621,0.237583,1.6295,-0.369457,-1.33268,0.230207,-1.08223,-0.00589705,1.11513,0.548022,-0.571714,-1.57663,-0.464731,0.197045,-0.128083,0.843894,0.140506,0.375829,0.421106,0.00284678,-2.05714,0.413823,0.126474,-1.39899,0.247333,-0.636867,0.118395,-0.703764,0.576606,0.0334341,0.439448,-0.407272,1.92654,1.07707,0.641425,-0.251282,-0.0877895,0.261201,1.19302,1.06238,0.118619,-0.0568461,-0.304993,0.0930837,-0.540781,-1.3129,-0.570436,0.968763,0.187842,-0.046667,-0.655836,-0.662295,-0.00261741,0.342822,-0.529951,-0.920841,-0.119575,0.659677,-0.0407606,0.726374,-0.946594,-0.378923,-1.25678,0.638738,-0.0110614,0.859841,-0.146793,0.0385292,0.115567,0.310019,0.265605,0.851051,0.832683,1.14293,1.19751,0.0955304,1.59509,-0.612614,-0.467709,0.597983,-0.351526,0.203342,-0.337289,0.21934,1.08473,0.438848,0.844086,-1.23487,-0.27369,0.107904,-0.296927
0.526,-0.244104,0.38041,0.580448,-1.03588,-0.0801258,0.486892,0.0964442,0.937827,-0.662439,0.201138,0.184071,1.59955,-0.417494,-1.36268,0.238098,-0.960528,-0.0576216,1.05696,0.527759,-0.577977,-1.48908,-0.503072,0.19471,-0.111125,0.79354,0.226024,0.32964,0.47723,-0.025171,-1.99327,0.341,0.184655,-1.36629,0.191323,-0.701258,0.058766,-0.797821,0.582533,0.0640058,0.471398,-0.378677,1.90345,1.11502,0.627024,-0.302829,-0.0677071,0.31237,1.2405,1.06491,0.151162,-0.0774293,-0.220462,0.105964,-0.561537,-1.27857,-0.583222,0.944783,0.151924,-0.0320628,-0.655033,-0.666521,-0.0631392,0.319032,-0.489757,-0.992125,-0.0527136,0.67218,-0.00552668,0.731162,-0.864873,-0.390354,-1.24502,0.619898,-0.0382337,0.80741,-0.151556,0.0357914,0.05457,0.285751,0.300676,0.911771,0.897964,1.17598,1.16366,0.0234975,1.56426,-0.699277,-0.479411,0.540488,-0.368066,0.264877,-0.316408,0.18222,1.12631,0.481671,0.904461,-1.2475,-0.292951,0.0588202,-0.366125
0.528,-0.30182,0.427351,0.673429,-0.927482,0.00316242,0.559166,0.118202,0.958409,-0.638535,0.184328,0.209597,1.55985,-0.467773,-1.3073,0.278602,-0.937678,-0.0421399,1.07327,0.544659,-0.615149,-1.49887,-0.47759,0.232237,0.0201578,0.756325,0.246675,0.339276,0.466892,0.0016032,-2.04541,0.316669,0.120486,-1.36932,0.132233,-0.653183,0.0481893,-0.778783,0.501833,0.0533183,0.406864,-0.41269,1.8764,1.10437,0.574221,-0.199869,-0.0357276,0.319738,1.27339,1.06143,0.0798949,-0.136928,-0.162999,0.0893014,-0.640729,-1.31315,-0.578423,1.01696,0.148161,-0.0686844,-0.606465,-0.76959,-0.132502,0.330462,-0.6006,-1.00638,-0.038015,0.63318,0.0107485,0.682348,-0.906414,-0.350335,-1.18099,0.657843,-0.0156162,0.816356,-0.193357,-0.0172249,0.0564494,0.33934,0.399561,0.924238,0.954837,1.16054,1.14881,-0.0163987,1.53626,-0.702703,-0.507308,0.45468,-0.421777,0.229531,-0.403418,0.176257,1.10087,0.446845,0.889951,-1.2633,-0.270999,0.00810634,-0.444483
0.53,-0.366204,0.494253,0.760093,-0.934493,0.0311414,0.532735,0.105468,0.839429,-0.635802,0.20779,0.233558,1.57677,-0.497985,-1.25351,0.324195,-0.901867,0.030612,0.988404,0.55342,-0.61919,-1.46043,-0.479008,0.234537,-0.0374561,0.74157,0.073457,0.330675,0.476495,-0.0336458,-2.10154,0.287823,0.146915,-1.44191,0.0972736,-0.651148,0.00772677,-0.796186,0.497463,0.0574476,0.354989,-0.361933,1.86925,1.06953,0.575504,-0.104642,-0.00761531,0.354789,1.30837,0.949581,0.133494,-0.0853561,-0.149968,0.00247372,-0.6666,-1.32665,-0.608855,1.03581,0.15483,-0.0863406,-0.683313,-0.846175,-0.108169,0.341448,-0.600014,-1.05936,-0.0882686,0.62672,0.0457793,0.672179,-0.877964,-0.346446,-1.08558,0.581524,0.0783352,0.833876,-0.162918,0.0400433,0.0696493,0.308497,0.357809,0.948018,0.900642,1.18364,1.14697,-0.0369217,1.48562,-0.772913,-0.445264,0.480597,-0.435971,0.255238,-0.417556,0.171594,1.08611,0.457683,0.754645,-1.32387,-0.237428,-0.00784939,-0.489455
0.532,-0.334584,0.441801,0.751104,-0.975888,0.0561069,0.547293,0.105737,0.835246,-0.5578,0.179531,0.186678,1.54896,-0.48653,-1.22809,0.284173,-0.933565,-0.00620283,0.992006,0.501077,-0.617113,-1.52387,-0.546052,0.194444,-0.0432126,0.695837,0.0640708,0.376243,0.552566,0.00259461,-2.10414,0.257538,0.0927728,-1.43852,0.118189,-0.622193,0.0208863,-0.774799,0.457046,0.0426565,0.34763,-0.439617,1.83696,1.01103,0.537964,-0.0346084,-0.0175602,0.273744,1.26584,1.01217,0.0702786,-0.121083,-0.157239,0.0588106,-0.625875,-1.34462,-0.599657,1.01966,0.198367,-0.0396607,-0.648114,-0.942846,-0.168948,0.432591,-0.561039,-1.04549,-0.135489,0.530412,0.0758455,0.642993,-0.861298,-0.242216,-1.06918,0.507972,0.136319,0.815825,-0.122404,0.0318754,0.164611,0.288315,0.382957,0.983487,0.818693,1.25186,1.12224,-0.0577541,1.40085,-0.85676,-0.475332,0.465945,-0.435284,0.256075,-0.47564,0.180001,1.12175,0.451168,0.770343,-1.40485,-0.267499,0.0204149,-0.527011
0.534,-0.350938,0.420148,0.808888,-0.981809,0.210854,0.55454,0.190791,0.823186,-0.679742,0.145039,0.197373,1.62344,-0.429226,-1.22066,0.269046,-0.900343,-0.0602884,0.908123,0.481617,-0.67285,-1.61555,-0.591674,0.252005,0.0239923,0.675805,0.136639,0.366878,0.621998,0.0689217,-2.16627,0.284131,0.0635671,-1.38913,0.164756,-0.758661,0.0832097,-0.824085,0.436164,0.058503,0.287455,-0.468653,1.77901,0.961834,0.617014,-0.0131113,-0.0408612,0.247568,1.25583,0.977079,0.0316654,-0.100678,-0.164621,0.0876014,-0.700306,-1.41086,-0.537641,0.952694,0.136066,-0.0132555,-0.610812,-0.894073,-0.184364,0.371505,-0.577328,-1.05811,-0.204471,0.561948,0.119505,0.626181,-0.850194,-0.311274,-1.08908,0.466662,0.202939,0.73346,-0.115663,-0.0075947,0.155122,0.32838,0.385092,0.942631,0.832823,1.28422,1.1376,-0.0621367,1.42945,-0.769534,-0.450206,0.465907,-0.46849,0.220163,-0.433492,0.146928,1.08295,0.519068,0.769034,-1.38811,-0.206186,0.037492,-0.498137
0.536,-0.332225,0.461787,0.816559,-1.04281,0.163237,0.531986,0.182743,0.797616,-0.697656,0.133461,0.185139,1.55649,-0.462437,-1.21493,0.254939,-0.920675,-0.0811314,0.921474,0.547191,-0.649108,-1.68289,-0.583355,0.24758,0.0301479,0.661669,0.202412,0.3247,0.726286,0.132419,-2.19582,0.339408,0.138756,-1.46255,0.155375,-0.805859,0.10064,-0.72726,0.390059,-0.0272382,0.306956,-0.483512,1.71427,0.894181,0.580764,0.0300444,-0.0842737,0.255205,1.37865,0.951473,0.00989859,-0.142698,-0.193942,0.040612,-0.844252,-1.38672,-0.498598,0.969381,0.150969,0.0154989,-0.610541,-0.901508,-0.180789,0.399839,-0.554899,-1.03219,-0.235441,0.541328,0.0688733,0.568021,-0.935221,-0.340384,-1.06021,0.408402,0.214766,0.750103,-0.0865386,0.00712161,0.231693,0.313166,0.373088,0.984016,0.857185,1.22403,1.15881,-0.0735297,1.40458,-0.674037,-0.438497,0.501255,-0.480767,0.248252,-0.461889,0.229552,1.01894,0.513582,0.695342,-1.42269,-0.237262,-0.0144926,-0.487666
0.538,-0.303112,0.459062,0.734474,-1.02963,0.158997,0.447222,0.219006,0.829376,-0.711561,0.11273,0.18433,1.59817,-0.447814,-1.26928,0.292486,-0.934753,-0.0520956,0.898585,0.586813,-0.699147,-1.67997,-0.528953,0.349898,0.0994968,0.715387,0.240987,0.290369,0.608131,0.224235,-2.24033,0.280989,0.14276,-1.54838,0.0859235,-0.68584,0.150818,-0.72304,0.45883,-0.000138205,0.321834,-0.443593,1.74932,0.954082,0.582177,0.0995348,-0.0313789,0.26558,1.39163,0.933058,-0.000983702,-0.132762,-0.195326,0.0694323,-0.876742,-1.38282,-0.485784,0.869142,0.168883,0.0841902,-0.580902,-0.907357,-0.273265,0.455634,-0.544327,-0.986099,-0.228506,0.490785,0.0781535,0.57059,-0.864053,-0.37968,-1.01789,0.429748,0.232594,0.769518,-0.152014,0.0212746,0.28232,0.274753,0.347229,0.91312,0.792216,1.24777,1.14162,-0.109589,1.37537,-0.692258,-0.382097,0.34301,-0.474754,0.238421,-0.471753,0.252638,1.01726,0.504893,0.714676,-1.46382,-0.30308,0.00251111,-0.525773
0.54,-0.308332,0.464139,0.670861,-1.05603,0.197325,0.453881,0.335324,0.758486,-0.787025,0.22248,0.189306,1.58904,-0.425672,-1.27568,0.291493,-0.928132,-0.0234373,0.968784,0.570713,-0.660205,-1.68766,-0.515806,0.349748,0.135218,0.681303,0.205794,0.273711,0.574823,0.228152,-2.29933,0.22077,0.1148,-1.51682,0.0713982,-0.699965,0.147387,-0.698668,0.47403,-0.00704026,0.311785,-0.463178,1.77279,0.913048,0.619477,0.0800855,0.0385633,0.137769,1.33591,0.930961,-0.0128269,-0.149203,-0.248957,0.110825,-0.918582,-1.33881,-0.528567,0.927941,0.14222,0.099569,-0.545849,-0.914705,-0.26022,0.466565,-0.492664,-0.996632,-0.247366,0.547592,0.128436,0.609753,-0.840055,-0.397683,-1.09409,0.426761,0.163625,0.751864,-0.153436,0.0206628,0.265794,0.284164,0.316571,0.958479,0.811951,1.26004,1.14018,-0.0851634,1.35927,-0.730186,-0.335313,0.295224,-0.496136,0.279759,-0.508985,0.190725,1.01324,0.54161,0.714339,-1.4477,-0.314282,0.0145587,-0.563204
0.542,-0.350887,0.526206,0.730656,-1.08706,0.219759,0.441317,0.35234,0.832167,-0.758121,0.215128,0.168593,1.53529,-0.480844,-1.25332,0.288542,-0.907772,-0.0389889,0.994564,0.571421,-0.717323,-1.71957,-0.503876,0.332422,0.104446,0.711343,0.163949,0.274944,0.5461,0.240375,-2.33261,0.235313,0.0563705,-1.46761,0.0666733,-0.749902,0.122596,-0.652934,0.433183,0.0254475,0.29895,-0.517179,1.80352,0.931301,0.571374,0.0450688,0.0401142,0.161372,1.2915,0.899246,-0.0656602,-0.168125,-0.187939,0.0663772,-0.92784,-1.34178,-0.505033,0.984183,0.244554,0.128413,-0.582943,-0.865206,-0.234888,0.405719,-0.436295,-1.05847,-0.19332,0.589216,0.10578,0.652433,-0.894016,-0.40607,-1.16312,0.460628,0.1904,0.752021,-0.161125,-0.0888631,0.21895,0.256391,0.307281,1.00312,0.786191,1.33949,1.16612,-0.0756755,1.35112,-0.853554,-0.395981,0.305128,-0.430531,0.25273,-0.522246,0.219703,1.04859,0.51601,0.73896,-1.52673,-0.263203,0.0080951,-0.542202
0.544,-0.427145,0.497106,0.755637,-1.07007,0.284593,0.471976,0.35391,0.863327,-0.732405,0.176404,0.165591,1.522,-0.492178,-1.20879,0.217392,-0.906419,-0.122518,0.997672,0.497601,-0.668685,-1.68382,-0.438337,0.349228,0.101788,0.734147,0.148863,0.269231,0.563127,0.247383,-2.38157,0.151729,0.114607,-1.35055,0.0144576,-0.660099,0.0299704,-0.622316,0.403644,0.0915706,0.216309,-0.51581,1.82414,0.850116,0.621517,0.157452,0.0088976,0.206255,1.27982,0.944298,-0.0738127,-0.171541,-0.174422,-0.0221095,-1.06072,-1.31598,-0.50837,0.963215,0.369387,0.0565463,-0.564676,-0.912937,-0.265735,0.423588,-0.425225,-1.0747,-0.198868,0.427256,0.0963547,0.564005,-0.899232,-0.423016,-1.14412,0.452555,0.176317,0.770724,-0.170605,-0.0983867,0.203157,0.265974,0.247201,0.926268,0.844632,1.33574,1.1434,-0.150681,1.33538,-0.855329,-0.305591,0.375586,-0.433857,0.288885,-0.463773,0.218063,1.01702,0.520712,0.823971,-1.40465,-0.206365,0.0549214,-0.583274
0.546,-0.453312,0.42078,0.774942,-1.1404,0.341645,0.438134,0.335184,0.846645,-0.719046,0.19042,0.136306,1.5871,-0.50536,-1.17305,0.205842,-0.930614,-0.102035,1.00916,0.468471,-0.600515,-1.7309,-0.454852,0.351458,0.0652752,0.755038,0.198045,0.320475,0.576494,0.165948,-2.33185,0.160239,0.0934826,-1.34623,0.096766,-0.659143,-0.00246352,-0.663259,0.427314,0.0657959,0.197953,-0.52385,1.81986,0.92484,0.646472,0.191951,-0.0461067,0.210991,1.34072,0.96934,0.00914379,-0.189747,-0.101553,-0.0429654,-1.04448,-1.30995,-0.452205,1.02296,0.325178,0.0797133,-0.512618,-0.863274,-0.210249,0.323682,-0.42021,-1.09666,-0.2088,0.391802,0.126012,0.544459,-0.945814,-0.362697,-1.16259,0.431882,0.161647,0.731363,-0.177637,-0.112586,0.203435,0.20781,0.261411,0.984777,0.843251,1.26625,1.12931,-0.0878177,1.28454,-0.881066,-0.338342,0.327727,-0.339319,0.275886,-0.498418,0.254479,1.08797,0.518368,0.791332,-1.51219,-0.163297,-0.0115154,-0.575456
0.548,-0.467971,0.433148,0.752387,-1.19816,0.259294,0.437397,0.333421,0.843558,-0.679796,0.228724,0.172767,1.63585,-0.530027,-1.19807,0.163142,-0.897197,-0.0810712,1.03967,0.525528,-0.577157,-1.7581,-0.441363,0.451901,0.110287,0.743844,0.2687,0.34006,0.537757,0.124282,-2.33027,0.166103,0.108684,-1.32977,0.0980205,-0.642289,-0.0463319,-0.680589,0.457499,0.0977193,0.230666,-0.43273,1.7962,0.813523,0.603886,0.165448,-0.0772375,0.202214,1.35563,0.946672,0.0966109,-0.167905,-0.125469,-0.0590187,-1.02656,-1.27924,-0.436039,1.05328,0.213921,0.0246988,-0.489714,-0.914719,-0.224055,0.258173,-0.423938,-1.12256,-0.319572,0.346709,0.129145,0.533023,-0.948592,-0.293103,-1.17788,0.581843,0.102425,0.72324,-0.172793,-0.106716,0.173272,0.138139,0.200519,0.934065,0.897851,1.24301,1.16211,-0.0358989,1.23834,-0.788355,-0.319809,0.323175,-0.433352,0.303168,-0.514671,0.395436,1.04514,0.523447,0.798662,-1.52446,-0.158947,-0.0385416,-0.580042
0.55,-0.431213,0.383156,0.740202,-1.23306,0.254827,0.44211,0.369965,0.831203,-0.683772,0.218396,0.0993672,1.68705,-0.546901,-1.21156,0.18391,-0.85933,-0.156573,1.05059,0.529711,-0.609863,-1.82847,-0.453635,0.504308,0.13715,0.754637,0.289281,0.28457,0.636712,0.167724,-2.31536,0.283169,0.0863175,-1.36864,-0.0307383,-0.585764,-0.0520025,-0.725475,0.458775,0.0806439,0.264654,-0.499207,1.77378,0.838204,0.626009,0.200573,-0.0238954,0.22023,1.27166,1.00225,0.160001,-0.146605,-0.213573,-0.112818,-1.05796,-1.21422,-0.479213,0.977787,0.139874,0.0308864,-0.581969,-0.892736,-0.205523,0.324758,-0.424944,-1.13812,-0.347551,0.416209,0.237559,0.51418,-0.927374,-0.28387,-1.12661,0.530396,0.0645028,0.787255,-0.116383,-0.131661,0.236972,0.165637,0.201492,0.916707,0.841288,1.30273,1.1655,0.02455,1.27194,-0.807712,-0.278468,0.295826,-0.393294,0.263253,-0.492464,0.408494,1.0603,0.532168,0.769907,-1.56088,-0.15392,-0.133422,-0.571285
0.552,-0.330341,0.36529,0.732916,-1.27264,0.178108,0.413929,0.408819,0.758585,-0.72858,0.244703,0.0814979,1.70639,-0.609051,-1.17682,0.163757,-0.875926,-0.167704,1.09141,0.528749,-0.629852,-1.79095,-0.46043,0.560651,0.122082,0.779669,0.314784,0.27679,0.622055,0.20256,-2.31718,0.351519,0.0403959,-1.4183,-0.081135,-0.658552,-0.0147436,-0.781149,0.490871,0.15382,0.260673,-0.558861,1.81415,0.876965,0.626473,0.144784,-0.0760017,0.240375,1.2762,1.01136,0.188581,-0.116208,-0.218481,-0.158343,-1.08969,-1.1909,-0.455734,0.990924,0.138327,0.047162,-0.589376,-0.896262,-0.179375,0.31204,-0.501987,-1.23545,-0.361142,0.428927,0.286879,0.435729,-0.977368,-0.325755,-1.0782,0.596698,0.107326,0.699275,-0.130401,-0.146931,0.213695,0.185967,0.177845,0.962681,0.831517,1.29051,1.19483,0.0485779,1.29589,-0.875944,-0.217509,0.274462,-0.344009,0.26778,-0.485984,0.384184,1.02822,0.517406,0.790273,-1.60701,-0.113543,-0.0725428,-0.551078
0.554,-0.398788,0.320607,0.671983,-1.23189,0.240534,0.39725,0.450808,0.735184,-0.733961,0.255728,0.0213349,1.73973,-0.621267,-1.20307,0.217272,-0.9673,-0.140977,1.09159,0.52609,-0.64963,-1.79015,-0.508287,0.622811,0.193128,0.755518,0.281008,0.320885,0.656961,0.261064,-2.29155,0.29561,-0.0266344,-1.46926,-0.0759171,-0.673285,-0.0308632,-0.799242,0.53854,0.14776,0.278184,-0.664854,1.79712,0.897726,0.601949,0.235937,-0.0789314,0.289514,1.25611,0.960764,0.181868,-0.161402,-0.143688,-0.178715,-1.18345,-1.20849,-0.461574,1.02576,0.112429,0.125026,-0.53628,-0.832481,-0.104147,0.302149,-0.49582,-1.18244,-0.454181,0.435504,0.332847,0.429545,-1.01746,-0.343814,-1.09488,0.570713,0.0969808,0.7542,-0.16985,-0.101054,0.168924,0.174847,0.27903,0.914854,0.773128,1.23888,1.2316,0.0671746,1.29084,-0.95377,-0.318445,0.284386,-0.401591,0.23348,-0.506962,0.332363,1.11592,0.5157,0.766387,-1.58733,-0.0986821,-0.108513,-0.535782
0.556,-0.449184,0.331112,0.696816,-1.2381,0.256555,0.41901,0.434522,0.741928,-0.714448,0.275037,0.0260347,1.859,-0.658055,-1.2493,0.266044,-0.894827,-0.190684,1.06254,0.525595,-0.719139,-1.75734,-0.487761,0.656512,0.165076,0.796793,0.211176,0.243186,0.656928,0.270096,-2.33145,0.270875,-0.0125416,-1.50205,0.0281312,-0.605291,-0.00151715,-0.851161,0.521962,0.141693,0.246997,-0.667067,1.84259,0.908991,0.626289,0.298118,-0.0795824,0.301405,1.22707,0.970353,0.262177,-0.1383,-0.167837,-0.15231,-1.18559,-1.17733,-0.465282,1.05124,0.16571,0.0795828,-0.542493,-0.878357,-0.0640826,0.298706,-0.532101,-1.14749,-0.4416,0.362154,0.306776,0.39483,-0.996658,-0.379265,-0.994834,0.566467,0.0623019,0.64402,-0.194346,-0.133525,0.0964465,0.16809,0.279516,0.916174,0.771023,1.17656,1.21804,0.107593,1.28104,-1.00452,-0.217803,0.196334,-0.351662,0.246196,-0.464215,0.327916,1.0948,0.497532,0.801685,-1.59303,-0.147779,-0.182927,-0.502305
0.558,-0.514805,0.39521,0.72876,-1.26296,0.256925,0.334543,0.498317,0.703309,-0.798696,0.216644,0.0489618,1.87973,-0.748447,-1.19488,0.232624,-0.901439,-0.106631,1.07036,0.501757,-0.737423,-1.69386,-0.508746,0.665269,0.166897,0.801305,0.219593,0.288329,0.652798,0.278639,-2.32293,0.242453,0.0597624,-1.46473,0.013293,-0.660833,0.0453946,-0.820186,0.462485,0.179438,0.20922,-0.59426,1.82909,0.899119,0.613345,0.315966,-0.0994678,0.21735,1.22131,0.967493,0.26987,-0.203285,-0.146805,-0.201142,-1.16249,-1.14504,-0.467242,1.09782,0.174643,0.128398,-0.59031,-0.942403,-0.0907776,0.372436,-0.485872,-1.1468,-0.422554,0.298111,0.30915,0.404151,-1.05336,-0.362684,-0.942579,0.50485,-0.0158368,0.642388,-0.226269,-0.0746036,0.0991872,0.154028,0.245054,0.975548,0.771315,1.15681,1.25974,0.0187248,1.28891,-1.02482,-0.25016,0.269688,-0.322941,0.252213,-0.403092,0.305725,1.14303,0.472027,0.816022,-1.60827,-0.157022,-0.243375,-0.487821
0.56,-0.478462,0.325709,0.746519,-1.32187,0.288257,0.34278,0.467558,0.734953,-0.83631,0.211062,0.0544837,1.91167,-0.74527,-1.23437,0.205098,-0.909116,-0.107989,1.09923,0.471071,-0.691299,-1.61005,-0.490762,0.600311,0.1292,0.800294,0.150711,0.259411,0.667929,0.223965,-2.33177,0.175743,0.0678905,-1.41111,0.0231553,-0.687964,0.10816,-0.88874,0.468121,0.186002,0.180615,-0.627025,1.82175,0.918311,0.697226,0.361009,-0.162362,0.222547,1.24217,0.97887,0.261566,-0.103706,-0.122628,-0.182788,-1.16747,-1.21905,-0.528769,1.03307,0.100451,0.167637,-0.482416,-1.0156,-0.0466564,0.357981,-0.414973,-1.07306,-0.408717,0.37711,0.276394,0.358771,-1.00293,-0.319367,-0.999513,0.487039,-0.0145716,0.559402,-0.236701,-0.0664312,0.0979446,0.0385636,0.209633,1.02476,0.752919,1.13125,1.2367,-0.0229373,1.24759,-0.996283,-0.262947,0.257964,-0.392895,0.263861,-0.367675,0.287868,1.1668,0.477158,0.844718,-1.5554,-0.196291,-0.264777,-0.565591
0.562,-0.525045,0.31987,0.760585,-1.30208,0.302614,0.349857,0.514949,0.663626,-0.773923,0.21676,0.105947,1.88049,-0.784568,-1.25148,0.200094,-0.942345,-0.185451,1.12644,0.473848,-0.719743,-1.53215,-0.541006,0.544228,0.19134,0.787552,0.147658,0.279751,0.688568,0.232256,-2.34952,0.238074,0.0801802,-1.41534,-0.000465472,-0.718298,0.0540183,-0.898756,0.476874,0.19374,0.252642,-0.594598,1.83773,0.937107,0.613978,0.317618,-0.189379,0.207293,1.16354,0.90235,0.272381,-0.0582979,-0.131831,-0.189595,-1.0787,-1.22083,-0.534779,1.01676,0.116838,0.167443,-0.378874,-1.0291,-0.0740799,0.364131,-0.386823,-1.15382,-0.492326,0.413751,0.28649,0.363202,-1.00048,-0.27072,-1.06368,0.361976,0.0260558,0.553138,-0.244042,-0.0231454,0.0626931,0.0639579,0.223323,1.02577,0.858967,1.15791,1.25715,-0.120259,1.21417,-0.937708,-0.331872,0.239744,-0.426247,0.19122,-0.385592,0.314985,1.18239,0.5292,0.826421,-1.5577,-0.106888,-0.27511,-0.605492
0.564,-0.498377,0.271857,0.741163,-1.18262,0.357298,0.442905,0.585392,0.635807,-0.737601,0.222412,0.00944863,1.88872,-0.909097,-1.21867,0.222835,-0.94955,-0.183903,1.13953,0.463703,-0.650087,-1.51876,-0.488235,0.604365,0.177512,0.793705,0.129939,0.293504,0.694709,0.251324,-2.41154,0.260201,0.0500872,-1.46026,0.00983051,-0.775358,-0.0273629,-0.910904,0.44732,0.14511,0.183397,-0.612126,1.85143,0.843739,0.646959,0.36113,-0.18747,0.137764,1.13185,0.909295,0.261661,-0.0893512,-0.149693,-0.212241,-1.14904,-1.26606,-0.531966,0.961888,0.0742996,0.121112,-0.364019,-1.06831,-0.0129519,0.409947,-0.362139,-1.15727,-0.45032,0.397967,0.353721,0.393924,-0.997478,-0.225802,-1.06126,0.376789,-0.00644812,0.525884,-0.256131,-0.0870202,0.0811408,0.191268,0.179231,1.04155,0.785039,1.12402,1.25627,-0.146277,1.29444,-0.916451,-0.322493,0.233307,-0.469339,0.201397,-0.452323,0.292141,1.14894,0.514966,0.841408,-1.5766,-0.194253,-0.258956,-0.626245
0.566,-0.560383,0.307218,0.708454,-1.18529,0.429169,0.42126,0.591433,0.638967,-0.773488,0.174765,0.0132692,1.87043,-0.985635,-1.30209,0.132269,-0.999734,-0.140154,1.13789,0.431192,-0.587845,-1.52118,-0.555038,0.588986,0.172296,0.790171,0.181524,0.286034,0.772235,0.221266,-2.40714,0.281469,0.0320372,-1.45984,-0.00104551,-0.747645,-0.0461056,-0.89455,0.443051,0.138219,0.164002,-0.572818,1.95253,0.860934,0.652014,0.32272,-0.16473,0.106532,1.12114,0.911906,0.295154,-0.0358034,-0.122416,-0.253202,-1.12766,-1.30083,-0.42891,0.896498,0.0976428,0.091458,-0.326488,-1.1593,-0.00521245,0.407096,-0.341094,-1.17397,-0.482945,0.456416,0.412732,0.456661,-0.964003,-0.300015,-0.993471,0.372852,2.39026e-05,0.498873,-0.249831,-0.0617808,0.101757,0.329077,0.184555,1.03273,0.819812,1.17675,1.18072,-0.153848,1.3269,-0.981222,-0.217229,0.28028,-0.411021,0.15823,-0.481839,0.308677,1.15031,0.568688,0.825695,-1.51489,-0.188372,-0.19518,-0.65832
0.568,-0.581437,0.292323,0.69012,-1.17024,0.411117,0.416303,0.564774,0.652992,-0.785328,0.142247,0.0940711,1.84145,-0.966539,-1.27501,0.119552,-0.909692,-0.151341,1.13473,0.449359,-0.604585,-1.51427,-0.58722,0.584706,0.175232,0.842907,0.310498,0.199202,0.795478,0.273122,-2.39311,0.279397,0.0606836,-1.48764,-0.0033215,-0.780556,-0.0632416,-0.92562,0.456666,0.0563646,0.146081,-0.596539,1.96976,0.859995,0.652401,0.357312,-0.157858,0.0463687,1.05619,0.918183,0.283396,-0.0115258,-0.0964939,-0.334532,-1.10332,-1.30909,-0.455834,0.849661,0.0455848,0.149306,-0.398284,-1.21251,-0.0253156,0.379108,-0.31817,-1.17571,-0.469278,0.392494,0.477541,0.488523,-0.909183,-0.301852,-0.951459,0.295251,-0.0285165,0.426624,-0.34066,-0.13625,0.129488,0.364017,0.191927,1.07624,0.762029,1.16221,1.20634,-0.163671,1.37179,-0.991096,-0.207228,0.222088,-0.401943,0.172187,-0.553198,0.323464,1.15966,0.608636,0.774485,-1.47296,-0.195002,-0.109877,-0.731087
0.57,-0.544599,0.340334,0.688369,-1.09903,0.387208,0.380954,0.520305,0.649058,-0.717527,0.230182,0.106514,1.77926,-0.931409,-1.18933,0.164726,-0.904156,-0.155922,1.17202,0.446505,-0.635462,-1.49736,-0.603901,0.639128,0.233103,0.804426,0.348519,0.101121,0.858795,0.254544,-2.40972,0.341624,0.0463163,-1.50476,-0.0101831,-0.719024,-0.079522,-0.862479,0.437462,0.0809738,0.120839,-0.612713,1.96743,0.809246,0.698111,0.41587,-0.195117,0.0333251,1.05028,0.887127,0.268791,-0.102505,-0.0677014,-0.329471,-1.15212,-1.33377,-0.412556,0.797838,0.0892993,0.0410777,-0.362604,-1.20728,0.0374999,0.419293,-0.328259,-1.15782,-0.494759,0.402424,0.460828,0.500115,-0.9031,-0.280871,-0.920183,0.347445,-0.110104,0.37287,-0.288672,-0.112915,0.10691,0.408337,0.15527,0.998934,0.726599,1.12561,1.1776,-0.297421,1.33802,-0.985435,-0.161138,0.185184,-0.45775,0.151444,-0.449063,0.295094,1.1484,0.652428,0.767729,-1.51261,-0.18729,-0.0827193,-0.769107
0.572,-0.605005,0.258638,0.80459,-1.06837,0.411553,0.348454,0.474415,0.615564,-0.710847,0.224788,0.110075,1.69875,-0.975643,-1.23232,0.180279,-0.922871,-0.153569,1.17226,0.391825,-0.674614,-1.4775,-0.583326,0.637614,0.273864,0.700065,0.351325,0.128742,0.839394,0.243638,-2.38859,0.314524,0.00529794,-1.55498,0.10655,-0.719041,-0.061735,-0.86781,0.44358,0.088484,0.103403,-0.634091,1.92463,0.79557,0.707495,0.408043,-0.227469,0.0434268,1.07783,0.804054,0.36005,-0.155038,-0.10986,-0.337909,-1.15385,-1.32018,-0.359182,0.789338,0.013066,0.0611134,-0.397109,-1.21356,0.0540928,0.371379,-0.286069,-1.14789,-0.400181,0.436885,0.552249,0.407641,-0.903552,-0.250722,-0.944986,0.406861,-0.0732947,0.406661,-0.207455,-0.118984,0.141002,0.405138,0.148617,1.03469,0.717583,1.08394,1.13529,-0.267292,1.35008,-0.895569,-0.197595,0.103105,-0.3539,0.162646,-0.486701,0.225259,1.13434,0.687949,0.750708,-1.53278,-0.247779,-0.103639,-0.739216
0.574,-0.672891,0.294352,0.823879,-1.06188,0.359768,0.337525,0.489421,0.687445,-0.740105,0.255411,0.132581,1.65841,-0.966397,-1.25352,0.0994299,-0.898728,-0.173879,1.13148,0.419031,-0.6357,-1.52357,-0.591162,0.64082,0.292229,0.71546,0.394414,0.141719,0.778275,0.292511,-2.42462,0.279143,-0.0178442,-1.59445,0.117291,-0.683851,-0.0278962,-0.841523,0.427761,0.059321,0.120996,-0.600222,1.99094,0.763774,0.725132,0.432207,-0.274445,0.0872852,1.10709,0.734045,0.311046,-0.157411,-0.0766183,-0.262602,-1.22679,-1.30697,-0.367148,0.797183,-0.0537647,0.0547006,-0.342895,-1.32841,0.0652244,0.412578,-0.239603,-1.11957,-0.381601,0.476632,0.61577,0.407785,-0.926154,-0.300724,-0.901528,0.387538,-0.0278611,0.418016,-0.240685,-0.0343529,0.180904,0.436063,0.126017,1.04506,0.689685,1.05616,1.10776,-0.270266,1.4029,-0.848093,-0.21129,0.0740527,-0.260336,0.159945,-0.442444,0.140913,1.17561,0.658427,0.718548,-1.59765,-0.19825,-0.0402515,-0.779777
0.576,-0.57415,0.273228,0.792708,-1.09265,0.391129,0.342101,0.521561,0.729018,-0.790881,0.2871,0.110829,1.72967,-1.00625,-1.31788,0.139364,-0.977269,-0.126779,1.05815,0.486969,-0.65067,-1.53674,-0.664231,0.610515,0.272541,0.711471,0.437922,0.240213,0.727214,0.337624,-2.36901,0.281346,0.0167948,-1.50266,0.253785,-0.716362,-0.009301,-0.894599,0.429958,0.0778916,0.104242,-0.595145,2.04557,0.687361,0.872929,0.507636,-0.278972,0.15014,1.0587,0.749158,0.297959,-0.114136,-0.0436576,-0.283969,-1.21315,-1.30913,-0.31459,0.836291,-0.0578664,0.149777,-0.356494,-1.35201,0.0825399,0.462357,-0.177423,-1.12688,-0.439825,0.590851,0.581568,0.430605,-0.890661,-0.290746,-0.884793,0.338932,-0.00662008,0.464812,-0.190356,-0.0896558,0.210693,0.389659,0.0652179,1.11437,0.754311,1.04035,1.11361,-0.281364,1.42125,-0.905777,-0.250821,0.078125,-0.250452,0.185914,-0.41311,0.123303,1.12286,0.643667,0.732084,-1.60872,-0.283179,-0.0751614,-0.769466
0.578,-0.591239,0.250385,0.769211,-1.05103,0.385251,0.395256,0.546494,0.733602,-0.780046,0.243627,0.0813237,1.72292,-1.02355,-1.36654,0.0936806,-0.941373,-0.0996362,1.08753,0.495837,-0.563962,-1.55075,-0.653237,0.618378,0.216922,0.665432,0.422423,0.321701,0.724679,0.324132,-2.43029,0.325581,-0.0305611,-1.47951,0.286786,-0.704212,-0.00780658,-0.836103,0.446188,0.010534,0.119634,-0.593159,2.01832,0.656604,0.808048,0.482548,-0.214411,0.178566,1.05004,0.732592,0.36227,-0.0755583,-0.0710052,-0.284795,-1.21624,-1.29439,-0.253193,0.869642,-0.112633,0.171076,-0.231753,-1.28797,0.0396025,0.457234,-0.1703,-1.09202,-0.337834,0.586227,0.554674,0.441676,-0.916363,-0.257246,-0.867283,0.397357,-0.0307324,0.503321,-0.212415,-0.0510228,0.21914,0.380563,0.131076,1.02641,0.732875,1.04582,1.1865,-0.312548,1.52052,-0.90275,-0.30329,0.116693,-0.24762,0.181374,-0.449511,0.094086,1.17256,0.594354,0.770071,-1.59299,-0.287042,-0.0389049,-0.810907
0.58,-0.559747,0.196907,0.760135,-0.994846,0.366074,0.336885,0.597597,0.763325,-0.849557,0.198716,0.120966,1.75404,-0.958286,-1.37784,0.0764944,-0.925651,-0.152658,1.10439,0.451086,-0.634719,-1.52763,-0.681742,0.699327,0.292685,0.618547,0.336163,0.290979,0.829116,0.275052,-2.3918,0.357177,0.0519258,-1.44169,0.342475,-0.753692,-0.0318431,-0.805616,0.512349,-0.030499,0.143947,-0.577203,1.96411,0.733877,0.775052,0.439329,-0.169216,0.197015,1.04642,0.649444,0.427328,-0.0761888,-0.088243,-0.225714,-1.17713,-1.2753,-0.328582,0.830987,-0.079812,0.100076,-0.237125,-1.2702,0.0820464,0.465907,-0.105839,-1.17881,-0.33875,0.625049,0.53794,0.478927,-0.949125,-0.24558,-0.880698,0.483411,-0.0650999,0.511548,-0.143487,-0.0476709,0.223566,0.417766,0.0661972,1.02057,0.672476,1.0148,1.1501,-0.27897,1.5,-0.926525,-0.304341,0.093525,-0.251679,0.191565,-0.434468,0.132916,1.19614,0.623368,0.788581,-1.51682,-0.237874,0.00602525,-0.781878
0.582,-0.580693,0.205923,0.858928,-0.997496,0.332996,0.410091,0.557001,0.791556,-0.856361,0.100514,0.14837,1.83672,-0.91489,-1.33523,0.0395927,-0.952526,-0.159684,1.1289,0.458263,-0.574011,-1.52903,-0.67415,0.661739,0.335806,0.595188,0.368334,0.257614,0.829686,0.246018,-2.44011,0.395867,0.0383909,-1.44151,0.268588,-0.718272,-0.0651425,-0.768752,0.667697,-0.0364924,0.204091,-0.654809,1.96231,0.743609,0.816566,0.430658,-0.155382,0.266055,0.980499,0.665938,0.444592,-0.126025,-0.0508488,-0.271523,-1.21702,-1.31451,-0.341589,0.833435,-0.0486002,0.109109,-0.244832,-1.33318,0.00474288,0.425698,-0.173401,-1.15913,-0.333145,0.602779,0.529387,0.497728,-0.920618,-0.206393,-0.824133,0.457099,-0.0966731,0.517432,-0.0925247,-0.0621799,0.149201,0.466982,0.0300861,1.04232,0.704755,0.996874,1.15226,-0.307147,1.51212,-0.933802,-0.329839,0.174517,-0.277087,0.280005,-0.387723,0.159806,1.23159,0.634333,0.830359,-1.54133,-0.219092,0.0266059,-0.774299
0.584,-0.571299,0.263783,0.846811,-0.981934,0.366486,0.460035,0.533362,0.817827,-0.881068,0.139428,0.128739,1.83014,-0.906833,-1.34756,0.0139846,-0.940679,-0.208551,1.10004,0.417475,-0.493585,-1.46652,-0.627405,0.601339,0.421507,0.624307,0.344677,0.288561,0.837385,0.275683,-2.45119,0.356947,0.0182277,-1.44789,0.309269,-0.654019,-0.0425772,-0.784465,0.758467,-0.0489289,0.223201,-0.64121,1.97887,0.770303,0.814549,0.475461,-0.141308,0.299901,1.00929,0.595138,0.423837,-0.0359132,-0.0779517,-0.308699,-1.20911,-1.30066,-0.324243,0.795224,-0.0431251,0.158049,-0.194969,-1.29292,-0.027576,0.441244,-0.190166,-1.20206,-0.256795,0.594175,0.537172,0.517142,-0.988691,-0.316485,-0.813026,0.45386,-0.0561957,0.509653,-0.205429,-0.0610704,0.156484,0.470663,0.00649229,1.13454,0.7067,0.948825,1.13425,-0.24048,1.5765,-0.918015,-0.271148,0.1711,-0.237203,0.306189,-0.370588,0.200414,1.26953,0.604853,0.872425,-1.53844,-0.197732,0.0467762,-0.798289
0.586,-0.50229,0.301563,0.941236,-0.973242,0.337411,0.356965,0.562535,0.827847,-0.84188,0.161354,0.117655,1.8859,-0.931595,-1.34372,0.000673596,-0.933953,-0.22434,1.12287,0.383497,-0.540383,-1.49651,-0.66831,0.61148,0.504012,0.629705,0.411037,0.265191,0.841261,0.290166,-2.42395,0.346244,0.079527,-1.44576,0.279476,-0.746079,-0.0710393,-0.839571,0.814392,0.0370447,0.215016,-0.641416,1.96456,0.829698,0.81472,0.404001,-0.170552,0.305561,1.00629,0.51564,0.480619,-0.0643827,-0.0332656,-0.297125,-1.13136,-1.28169,-0.310284,0.734877,-0.115095,0.129738,-0.230978,-1.28954,-0.0219396,0.464562,-0.179958,-1.13917,-0.320342,0.627193,0.529432,0.483555,-0.869793,-0.286504,-0.8942,0.452988,-0.0458809,0.578491,-0.234043,-0.0583619,0.10253,0.470701,0.0212073,1.11707,0.727734,0.89699,1.147,-0.269089,1.48878,-0.895104,-0.272046,0.207983,-0.292703,0.286892,-0.432463,0.179479,1.25256,0.635161,0.917405,-1.51572,-0.198878,0.0621664,-0.78928
0.588,-0.431769,0.324863,0.981186,-0.958857,0.366882,0.356002,0.572588,0.85274,-0.849269,0.245802,0.0983457,1.98846,-0.906049,-1.27381,0.0558183,-0.925688,-0.239083,1.11128,0.486598,-0.53695,-1.54733,-0.665373,0.684132,0.554807,0.539883,0.509586,0.224426,0.913208,0.340947,-2.44607,0.318292,0.0322473,-1.48435,0.191824,-0.784871,-0.068305,-0.831062,0.788186,0.0040434,0.169772,-0.716179,2.03608,0.897786,0.858465,0.346737,-0.157137,0.225513,0.998278,0.555466,0.5312,-0.173542,-0.0333489,-0.236621,-1.10243,-1.27593,-0.263178,0.69508,-0.0634823,0.203262,-0.256635,-1.26629,0.0137279,0.461066,-0.169564,-1.16805,-0.325407,0.658394,0.593581,0.472932,-0.855568,-0.260615,-0.911629,0.413609,-0.0142403,0.61394,-0.199313,-0.0664334,0.166138,0.439706,0.00974996,1.1796,0.717412,0.907589,1.22028,-0.219804,1.46719,-0.937837,-0.246712,0.279196,-0.270071,0.27655,-0.433321,0.257743,1.2078,0.64679,0.858101,-1.50055,-0.114431,0.0753172,-0.758223
0.59,-0.448177,0.311899,0.984235,-0.951336,0.438424,0.295707,0.598285,0.870028,-0.83626,0.249884,0.0791134,2.00084,-0.927612,-1.30394,0.101002,-0.96329,-0.268244,1.15331,0.571594,-0.506679,-1.52527,-0.720256,0.615281,0.612932,0.570037,0.482605,0.205866,0.944653,0.363841,-2.43555,0.188364,-0.0312382,-1.48996,0.216805,-0.748019,-0.0799937,-0.837615,0.741944,-0.050243,0.173559,-0.669905,2.0885,0.927811,0.900144,0.335682,-0.0936046,0.226177,0.969582,0.637503,0.583673,-0.113016,-0.0380039,-0.231804,-1.11832,-1.32442,-0.284367,0.775481,-0.218125,0.234639,-0.242882,-1.26295,-0.0172996,0.458852,-0.0769577,-1.20091,-0.256044,0.588141,0.614686,0.515127,-0.93253,-0.22356,-0.884214,0.438453,0.0353025,0.619297,-0.196184,-0.09759,0.232719,0.398535,-0.0539857,1.17238,0.711491,0.936777,1.20789,-0.226035,1.40774,-0.869247,-0.209947,0.330604,-0.224707,0.25618,-0.338336,0.20535,1.16309,0.710777,0.904457,-1.50339,-0.181444,-0.024642,-0.754617
0.592,-0.490456,0.28218,1.00528,-0.869098,0.499526,0.254788,0.675161,0.849138,-0.912356,0.162295,0.106729,2.03826,-0.91759,-1.32871,0.141326,-0.939223,-0.203227,1.14589,0.475719,-0.500255,-1.52385,-0.695355,0.663212,0.618722,0.598009,0.488016,0.1632,0.974425,0.343065,-2.40811,0.241328,-0.00865869,-1.44464,0.167537,-0.66767,-0.151143,-0.895647,0.839023,-0.0244587,0.13768,-0.592601,2.17262,0.949987,0.903941,0.410823,-0.116941,0.178572,0.983329,0.693769,0.470645,-0.160023,-0.0458672,-0.252543,-1.08774,-1.34917,-0.32739,0.800735,-0.259878,0.209377,-0.234727,-1.2355,0.037044,0.415331,-0.0681327,-1.2286,-0.257831,0.521481,0.649317,0.483719,-0.993652,-0.252163,-0.883518,0.387974,0.066464,0.661304,-0.135506,-0.07262,0.175897,0.441703,-0.0455242,1.18892,0.684432,0.822628,1.23931,-0.264946,1.41497,-0.889439,-0.233967,0.302307,-0.342432,0.225369,-0.316911,0.212687,1.05192,0.662584,0.903353,-1.42378,-0.132702,0.0642204,-0.765585
0.594,-0.5913,0.33034,0.963118,-0.818541,0.499479,0.181576,0.704252,0.889978,-0.881327,0.149551,0.163945,1.96961,-0.922159,-1.23953,0.148872,-1.02434,-0.230422,1.15596,0.545938,-0.519427,-1.6118,-0.607173,0.601147,0.674382,0.545388,0.417444,0.144383,0.947073,0.262197,-2.42666,0.213523,-0.0185274,-1.49627,0.12395,-0.683822,-0.184249,-0.872231,0.873559,0.0175868,0.168112,-0.580863,2.07952,0.938844,0.841836,0.400777,-0.0516347,0.209648,0.993658,0.674956,0.465143,-0.264044,-0.0553379,-0.309772,-1.07758,-1.37081,-0.277155,0.771122,-0.168036,0.188191,-0.200024,-1.25463,0.0217895,0.430574,-0.00229789,-1.17991,-0.269822,0.527953,0.655787,0.476912,-1.00245,-0.297081,-0.830995,0.377356,0.0384987,0.679965,-0.152778,-0.0641036,0.194988,0.42148,-0.00368547,1.16345,0.744718,0.836341,1.24961,-0.254687,1.36008,-0.980537,-0.266758,0.25521,-0.416914,0.17103,-0.353125,0.211738,1.07643,0.686797,0.85329,-1.43062,-0.122544,0.0830338,-0.765
0.596,-0.619775,0.295072,0.995242,-0.796731,0.457448,0.261694,0.739898,0.903746,-0.923953,0.18193,0.111357,1.92407,-0.847415,-1.20368,0.162455,-0.983478,-0.289123,1.12838,0.509626,-0.504998,-1.64585,-0.601464,0.641223,0.643852,0.505721,0.412986,0.0421183,0.881574,0.272315,-2.42851,0.212282,-0.0649258,-1.60187,0.16372,-0.702021,-0.159304,-0.853416,0.873898,0.0285578,0.135499,-0.648248,1.99588,0.935341,0.864392,0.429093,0.0368975,0.196089,1.07917,0.694507,0.392615,-0.275144,-0.019217,-0.392983,-1.09685,-1.32285,-0.392767,0.8024,-0.173931,0.18077,-0.171224,-1.292,0.040412,0.46868,-0.0453751,-1.16134,-0.258802,0.569672,0.659584,0.438687,-1.04078,-0.355188,-0.79955,0.338831,9.52606e-05,0.659216,-0.101712,-0.0597603,0.119883,0.41267,0.0189922,1.10046,0.74773,0.909655,1.28299,-0.270297,1.36669,-0.950921,-0.303523,0.344781,-0.441427,0.180013,-0.221511,0.174358,1.1063,0.649438,0.862643,-1.42925,-0.168799,0.0479344,-0.765087
0.598,-0.599311,0.210574,0.985294,-0.769088,0.408421,0.302164,0.76153,0.86878,-1.03832,0.185543,0.0105026,1.95869,-0.733494,-1.14558,0.161923,-1.03969,-0.2516,1.13667,0.513937,-0.559527,-1.64316,-0.695734,0.578412,0.661279,0.510826,0.484864,0.0131033,0.788099,0.267009,-2.42529,0.207895,-0.0881511,-1.65292,0.13773,-0.6933,-0.17528,-0.938088,0.865839,0.078799,0.112019,-0.664025,1.9733,0.94053,0.968621,0.440874,-0.0104522,0.213919,1.0862,0.749865,0.406261,-0.295255,0.00168778,-0.315923,-1.18343,-1.28849,-0.433422,0.762129,-0.184172,0.141285,-0.147457,-1.36366,0.118232,0.5626,-0.111309,-1.18934,-0.169309,0.592588,0.611437,0.454871,-0.97098,-0.261937,-0.737889,0.33806,0.0876873,0.606302,-0.0857529,-0.039689,0.179131,0.385761,0.0417518,1.10421,0.702861,0.892726,1.26221,-0.266086,1.38333,-0.969554,-0.43673,0.280174,-0.400897,0.163109,-0.189634,0.224168,1.08988,0.600447,0.807563,-1.34579,-0.158878,-0.010074,-0.746952
0.6,-0.586589,0.133837,0.990769,-0.764067,0.374997,0.429304,0.788481,0.848236,-1.03819,0.184385,-0.010648,1.85203,-0.778754,-1.12719,0.155668,-1.11345,-0.274684,1.08162,0.536754,-0.507177,-1.68995,-0.676154,0.615725,0.677333,0.545299,0.425499,0.111805,0.811679,0.279839,-2.42373,0.2011,-0.104104,-1.59304,0.0199465,-0.744938,-0.19547,-1.03136,0.801987,0.114229,0.111693,-0.657006,1.9435,0.905028,1.04126,0.464406,0.024768,0.123511,1.09058,0.778853,0.362202,-0.252002,-0.00542781,-0.36365,-1.24953,-1.29336,-0.488495,0.709991,-0.177445,0.173332,-0.153005,-1.38635,0.153469,0.613021,-0.043488,-1.21828,-0.0939283,0.59317,0.683684,0.382051,-0.990697,-0.189435,-0.739973,0.458109,0.085808,0.600859,-0.0778395,-0.0281684,0.150853,0.3721,0.0636082,1.11147,0.796769,0.891057,1.32882,-0.228491,1.41404,-0.953598,-0.47663,0.240686,-0.458513,0.217217,-0.23223,0.226054,1.06785,0.508089,0.829393,-1.34004,-0.201219,-0.00261699,-0.828458
0.602,-0.635462,0.0994114,0.970306,-0.834703,0.399989,0.453655,0.78043,0.86232,-1.04352,0.0731758,-0.061207,1.77723,-0.748499,-1.10336,0.179927,-1.13327,-0.280397,0.981928,0.488636,-0.481389,-1.63315,-0.613214,0.57705,0.730512,0.591129,0.382146,0.137311,0.86272,0.288729,-2.45235,0.098949,-0.1522,-1.5461,-0.0254663,-0.73453,-0.268173,-1.05805,0.762542,0.0827178,0.224183,-0.58897,1.90581,0.991845,1.0695,0.494824,0.0187362,0.0852749,1.11763,0.741909,0.336001,-0.321167,0.0243651,-0.323516,-1.23494,-1.33411,-0.515194,0.732338,-0.183331,0.174662,-0.161662,-1.38955,0.170148,0.586923,0.0192969,-1.24941,-0.126002,0.641802,0.574161,0.326722,-1.00344,-0.143135,-0.756821,0.447595,0.168153,0.60908,-0.0742202,-0.00491123,0.209844,0.453341,0.103626,1.07363,0.85208,0.951004,1.34316,-0.301359,1.38469,-0.999904,-0.487717,0.200345,-0.388192,0.186989,-0.192774,0.323419,1.16104,0.413418,0.888933,-1.3291,-0.128783,0.0408521,-0.824771
0.604,-0.600873,0.22517,1.00947,-0.854153,0.378927,0.441238,0.771377,0.892354,-1.00816,0.0625906,0.00556164,1.78335,-0.774653,-1.04607,0.210119,-1.23433,-0.235284,0.982582,0.513403,-0.447756,-1.65893,-0.559815,0.500945,0.716211,0.584987,0.309236,0.101817,0.888995,0.314304,-2.43985,0.0541024,-0.197393,-1.49195,-0.0304118,-0.784495,-0.208903,-1.08049,0.707355,0.0184953,0.225026,-0.558414,1.94113,1.03772,1.08647,0.499062,-0.0364264,0.0343457,1.1034,0.810844,0.348901,-0.21066,0.0416816,-0.316085,-1.18253,-1.29326,-0.499918,0.697085,-0.159191,0.182317,-0.08935,-1.36643,0.225958,0.580128,0.0784478,-1.28104,-0.113412,0.673558,0.585106,0.423827,-1.02651,-0.0537458,-0.782704,0.376931,0.046927,0.658711,-0.138901,-0.0252882,0.226603,0.453936,0.0666337,1.10433,0.789695,0.910336,1.36792,-0.265964,1.45753,-0.970977,-0.47901,0.279459,-0.371007,0.253308,-0.165797,0.310381,1.17889,0.431248,0.87827,-1.32848,-0.0998428,0.00461846,-0.807492
0.606,-0.558224,0.236352,1.00313,-0.845117,0.435353,0.451179,0.765812,0.907167,-1.01394,0.0203192,0.0273864,1.7699,-0.788214,-0.978862,0.18039,-1.18157,-0.212274,0.916452,0.491285,-0.40421,-1.66653,-0.531379,0.420416,0.663588,0.544341,0.204413,0.0895345,0.950211,0.310612,-2.50241,0.0496207,-0.174395,-1.43968,-0.0347053,-0.749295,-0.226717,-1.08965,0.722729,0.0992716,0.212672,-0.589807,1.92368,1.11249,1.04388,0.484532,-0.0639191,0.0892521,1.04883,0.816551,0.354438,-0.174859,0.0829783,-0.273977,-1.20375,-1.28305,-0.509778,0.6526,-0.117408,0.208676,-0.0959922,-1.44366,0.196029,0.581723,0.125469,-1.18769,-0.11027,0.656844,0.622599,0.481754,-1.03561,0.0240329,-0.823707,0.393074,0.0590549,0.628779,-0.110433,0.0464924,0.170079,0.427666,0.0540223,1.07089,0.772443,0.948087,1.36432,-0.351712,1.45518,-1.03276,-0.452629,0.250742,-0.431179,0.267182,-0.177731,0.275843,1.16249,0.400892,0.871508,-1.27311,-0.0845958,-0.0177113,-0.821715
0.608,-0.571674,0.238612,1.04936,-0.859701,0.383365,0.404733,0.797151,0.884869,-0.900892,-0.0116248,0.110491,1.74611,-0.810136,-0.889071,0.221313,-1.22102,-0.265671,0.939302,0.459769,-0.424801,-1.7082,-0.544973,0.420835,0.697561,0.554177,0.143347,0.162423,0.877781,0.262107,-2.43061,0.0742288,-0.181139,-1.46549,-0.0926829,-0.783289,-0.171017,-1.06968,0.81126,0.191562,0.139796,-0.562132,1.8893,1.09696,1.02003,0.491821,-0.0931455,0.179565,1.00376,0.753503,0.369142,-0.221803,0.112247,-0.291798,-1.28666,-1.25355,-0.496131,0.686961,-0.137665,0.12151,-0.112982,-1.47186,0.146259,0.522383,0.158676,-1.14502,-0.138805,0.610302,0.590894,0.479313,-1.00027,0.0622056,-0.774819,0.419619,0.060035,0.59248,-0.121639,0.0676363,0.203329,0.348259,0.0699887,1.08029,0.773475,0.930472,1.37159,-0.243306,1.46771,-1.01894,-0.429975,0.30013,-0.392389,0.312922,-0.217653,0.236003,1.12261,0.410839,0.88386,-1.3126,-0.0494162,-0.088912,-0.810915
0.61,-0.606333,0.163256,1.1321,-0.931472,0.401802,0.380624,0.820696,0.812729,-0.896107,-0.0512553,0.0443658,1.73095,-0.768964,-0.853618,0.240608,-1.25585,-0.306693,0.93621,0.467077,-0.423864,-1.71397,-0.616037,0.41885,0.650819,0.583528,0.0571585,0.222255,0.836578,0.241812,-2.36859,0.0985125,-0.196128,-1.31877,-0.0549502,-0.726055,-0.213017,-1.01063,0.911706,0.179948,0.163383,-0.555882,1.90036,1.09366,1.0107,0.507712,-0.122865,0.103033,0.972289,0.702298,0.32798,-0.263495,0.0909574,-0.319042,-1.29231,-1.22739,-0.540639,0.658929,-0.0739376,0.10532,-0.0534112,-1.51858,0.162859,0.465238,0.180046,-1.17215,-0.207657,0.649836,0.566791,0.407242,-0.961016,0.0975653,-0.761793,0.41858,0.0475786,0.662326,-0.152903,0.14968,0.199087,0.343173,0.116279,1.0907,0.787948,0.863763,1.3412,-0.227475,1.40895,-1.06936,-0.371493,0.273752,-0.381439,0.218314,-0.155271,0.229259,1.13206,0.398427,0.86631,-1.36404,-0.0945789,-0.0752496,-0.811965
0.612,-0.530482,0.112578,1.16477,-0.94675,0.300337,0.410853,0.805269,0.751874,-0.87724,-0.00802744,0.045825,1.71227,-0.807331,-0.786894,0.242472,-1.28386,-0.261378,0.944724,0.432164,-0.423232,-1.68516,-0.585317,0.545488,0.643518,0.619147,0.0789511,0.289794,0.818388,0.252963,-2.38363,0.108503,-0.259684,-1.35089,-0.0305023,-0.65892,-0.255293,-1.01482,0.89865,0.165312,0.109714,-0.544715,1.88887,1.05564,1.04313,0.592571,-0.209366,0.0866396,1.02156,0.743878,0.359967,-0.189067,0.108155,-0.291052,-1.3738,-1.11775,-0.548667,0.71914,-0.0638604,0.0651416,-0.0469821,-1.45086,0.271606,0.471647,0.18958,-1.1251,-0.195443,0.645008,0.578231,0.349401,-0.964337,0.0830518,-0.810828,0.473376,0.025435,0.583244,-0.164239,0.111298,0.173308,0.328665,0.0559443,1.14417,0.816737,0.965309,1.35678,-0.213557,1.43245,-1.11612,-0.328286,0.275764,-0.389696,0.240702,-0.198741,0.200607,1.22178,0.389553,0.890402,-1.40281,-0.110336,-0.10254,-0.799917
0.614,-0.517448,0.0499066,1.1376,-0.923923,0.315753,0.412099,0.850405,0.76987,-0.84339,-0.0492042,0.0347359,1.75662,-0.764029,-0.787517,0.27549,-1.2963,-0.294249,0.954371,0.456807,-0.418273,-1.60331,-0.617787,0.607867,0.68436,0.73222,0.170538,0.239912,0.777667,0.279459,-2.43065,0.124378,-0.321208,-1.30211,-0.186624,-0.665532,-0.251888,-1.08205,0.982838,0.193783,0.103417,-0.637548,1.83028,1.08383,1.06968,0.582916,-0.219549,0.0866685,1.03407,0.738346,0.419976,-0.153584,0.18648,-0.300109,-1.42408,-1.16759,-0.551808,0.751495,-0.0902235,-0.00336039,-0.0342933,-1.4485,0.223912,0.55295,0.152512,-1.12358,-0.165652,0.726646,0.470473,0.354939,-0.982867,0.0752422,-0.794096,0.457067,0.0554331,0.560094,-0.213094,0.0558053,0.152676,0.390238,0.00257215,1.14113,0.781801,0.949979,1.35909,-0.18249,1.40255,-1.22462,-0.320667,0.232477,-0.446078,0.252351,-0.149103,0.150716,1.24753,0.414713,0.91356,-1.4464,-0.137182,-0.118336,-0.818305
0.616,-0.553235,0.114681,1.13672,-0.88897,0.35228,0.383038,0.857468,0.742873,-0.876233,-0.0569109,0.0143778,1.71953,-0.663525,-0.756548,0.261612,-1.19597,-0.269098,0.858982,0.54124,-0.441387,-1.66102,-0.491855,0.728829,0.734287,0.774905,0.235382,0.238331,0.763896,0.235018,-2.46659,0.0247507,-0.328649,-1.31116,-0.208824,-0.718631,-0.206307,-1.07317,0.917126,0.155273,0.171327,-0.62377,1.85679,1.08509,1.01696,0.630429,-0.169684,3.65331e-05,1.03427,0.707514,0.436963,-0.158276,0.254031,-0.333248,-1.44495,-1.20869,-0.50333,0.69303,-0.108403,0.0409239,-0.0842639,-1.43527,0.307577,0.569548,0.116704,-1.16735,-0.154373,0.797456,0.544157,0.348518,-0.976902,0.128822,-0.796509,0.476746,0.149315,0.58999,-0.191808,0.0971595,0.230959,0.367461,0.0163025,1.09074,0.771989,0.928902,1.39069,-0.137844,1.51476,-1.16973,-0.324603,0.254868,-0.434899,0.220922,-0.19165,0.114193,1.12928,0.37282,0.963232,-1.43648,-0.125634,-0.151867,-0.822589
0.618,-0.493739,0.0859258,1.13514,-0.859625,0.313139,0.365889,0.856865,0.78386,-0.845031,-0.0552773,0.0029387,1.78029,-0.712927,-0.740916,0.258851,-1.27018,-0.248646,0.938473,0.537185,-0.432274,-1.69711,-0.462216,0.72776,0.733685,0.770522,0.169483,0.316499,0.817625,0.191662,-2.51302,-0.0139576,-0.410672,-1.29666,-0.268422,-0.713816,-0.175795,-1.09721,0.869473,0.13381,0.142815,-0.664348,1.81407,1.14301,1.03947,0.650483,-0.166,0.0155202,0.988219,0.697098,0.441442,-0.255533,0.222007,-0.366663,-1.4176,-1.13385,-0.493722,0.644221,-0.126963,0.122223,-0.00672997,-1.43636,0.273366,0.542082,0.186047,-1.15735,-0.176598,0.84846,0.517833,0.508036,-0.957271,0.1751,-0.84375,0.415566,0.133816,0.622783,-0.213579,0.070529,0.155107,0.311499,0.0227072,1.14518,0.713009,0.888995,1.49214,-0.0772047,1.48068,-1.13502,-0.313841,0.232824,-0.444924,0.210154,-0.140154,0.0524596,1.19562,0.433548,0.905867,-1.41544,-0.159501,-0.150187,-0.789299
0.62,-0.509973,0.11186,1.08209,-0.865088,0.254937,0.341658,0.865779,0.775865,-0.854372,-0.089063,-0.0105321,1.79316,-0.716653,-0.744848,0.243494,-1.33061,-0.220359,0.999963,0.465243,-0.467238,-1.71932,-0.471468,0.723568,0.656321,0.761129,0.236414,0.327014,0.878261,0.218705,-2.51185,0.0272119,-0.390349,-1.23141,-0.18782,-0.696173,-0.163714,-1.08773,0.87937,0.159689,0.0859508,-0.690153,1.784,1.1429,1.06369,0.681895,-0.179799,-0.00605236,0.985709,0.656902,0.430375,-0.231354,0.215552,-0.351599,-1.38166,-1.11949,-0.550545,0.59727,-0.149809,0.167258,-0.0128976,-1.47983,0.310462,0.437483,0.104989,-1.08486,-0.185609,0.87882,0.45825,0.545333,-0.870576,0.15547,-0.876242,0.400004,0.164387,0.613993,-0.248859,0.0536652,0.122587,0.386095,0.0852692,1.1486,0.685012,0.772542,1.45669,-0.10298,1.49259,-1.19227,-0.305975,0.231906,-0.396524,0.235097,-0.149679,0.0757337,1.26946,0.399911,0.965483,-1.48459,-0.155075,-0.153615,-0.840255
0.622,-0.504413,0.0913298,1.03234,-0.828998,0.300661,0.297396,0.79717,0.767006,-0.858362,-0.0588697,-0.0291376,1.84013,-0.790564,-0.785903,0.258078,-1.36358,-0.193453,1.04471,0.445202,-0.406969,-1.62595,-0.451933,0.773556,0.641774,0.776086,0.256322,0.396265,0.875635,0.310655,-2.56933,0.0295726,-0.443015,-1.25209,-0.19018,-0.627283,-0.228417,-1.09262,0.85954,0.129412,0.0358375,-0.68197,1.76263,1.14208,1.10174,0.718554,-0.205474,0.0279482,0.959428,0.605392,0.46208,-0.23194,0.2038,-0.361471,-1.40331,-1.14091,-0.612209,0.655301,-0.123774,0.165504,0.0226804,-1.49537,0.33996,0.543512,0.12427,-1.03958,-0.160761,0.86115,0.504809,0.620465,-0.811881,0.16857,-0.928332,0.397621,0.135682,0.614482,-0.265386,0.135802,0.152665,0.350337,0.141616,1.16807,0.786158,0.794418,1.45222,-0.109264,1.52511,-1.1694,-0.300122,0.160523,-0.481738,0.213551,-0.267095,0.150147,1.24592,0.350797,0.967505,-1.50295,-0.143624,-0.21808,-0.808257
0.624,-0.424795,0.089644,1.04023,-0.823966,0.266118,0.277184,0.762146,0.807086,-0.888976,-0.0920814,-0.147414,1.8466,-0.822965,-0.72267,0.244435,-1.30189,-0.171818,0.992782,0.444702,-0.382569,-1.65105,-0.435657,0.67599,0.616291,0.748505,0.172632,0.39941,0.904381,0.292079,-2.54679,-0.0789436,-0.415412,-1.2724,-0.182682,-0.653718,-0.156589,-1.10711,0.84845,0.146923,0.0760375,-0.702026,1.6438,1.16439,1.13489,0.65304,-0.21211,-0.0845811,0.943463,0.527503,0.433597,-0.254156,0.203401,-0.363939,-1.41308,-1.1838,-0.604479,0.680545,-0.0717525,0.101063,0.00716715,-1.56462,0.341808,0.5487,0.183105,-0.999264,-0.123113,0.884956,0.515033,0.700359,-0.801543,0.168514,-0.880436,0.372614,0.148272,0.578047,-0.285803,0.173222,0.161415,0.383164,0.158823,1.18492,0.812503,0.864895,1.47929,-0.158586,1.52243,-1.09685,-0.281049,0.188359,-0.455162,0.28592,-0.285056,0.114989,1.24466,0.314499,1.01847,-1.5195,-0.226418,-0.211787,-0.761776
0.626,-0.408949,0.032321,1.12158,-0.8243,0.289561,0.275118,0.804842,0.918248,-0.918307,-0.0989865,-0.0933949,1.86082,-0.760091,-0.645316,0.272739,-1.28297,-0.109917,0.993576,0.514835,-0.414035,-1.61745,-0.451406,0.670745,0.605111,0.76255,0.14752,0.388533,0.857903,0.248889,-2.52611,-0.118332,-0.425856,-1.2417,-0.221662,-0.635176,-0.215012,-1.04222,0.885499,0.144305,0.0768384,-0.65938,1.64964,1.16169,1.05194,0.617775,-0.236411,-0.0875905,0.97498,0.44876,0.411729,-0.196962,0.158744,-0.398451,-1.42455,-1.27689,-0.62542,0.768364,-0.0408387,0.1325,0.00453818,-1.54749,0.331189,0.603189,0.194921,-1.01796,-0.11131,0.894895,0.563466,0.666768,-0.771479,0.178621,-0.946562,0.361818,0.164493,0.555511,-0.225657,0.152157,0.109112,0.347681,0.178754,1.15654,0.823652,0.902467,1.48405,-0.17809,1.45723,-1.00206,-0.298165,0.226384,-0.404244,0.31449,-0.305837,0.113862,1.28647,0.283694,0.990647,-1.60347,-0.255182,-0.202974,-0.703839
0.628,-0.383648,0.0213437,1.11865,-0.808482,0.335536,0.322261,0.762291,0.859276,-0.885362,-0.0683531,-0.0717864,1.78385,-0.804689,-0.665601,0.189176,-1.2757,-0.165125,0.987821,0.582198,-0.505247,-1.6275,-0.496754,0.533589,0.63255,0.733232,0.210001,0.345148,0.83432,0.266535,-2.56204,-0.135708,-0.479464,-1.16418,-0.276123,-0.627305,-0.231646,-1.00194,0.858096,0.188661,0.189227,-0.675639,1.68261,1.12867,1.05039,0.551049,-0.26364,0.056539,0.945694,0.440564,0.429248,-0.124134,0.161191,-0.38088,-1.39581,-1.27897,-0.57982,0.802595,-0.00875311,0.0926625,-0.044555,-1.5727,0.321715,0.628305,0.169849,-1.0495,-0.103654,0.950694,0.577849,0.703882,-0.745818,0.187473,-0.996857,0.335856,0.108427,0.597741,-0.180804,0.119725,0.0894481,0.409206,0.182798,1.12919,0.803851,0.910924,1.43288,-0.123929,1.41514,-1.05794,-0.297289,0.230766,-0.347263,0.308713,-0.357333,0.0185031,1.2937,0.273174,0.973388,-1.61857,-0.293535,-0.235257,-0.724139
0.63,-0.322016,-0.00717236,1.16722,-0.814699,0.320924,0.368293,0.779161,0.860971,-0.964522,-0.0892025,-0.0795825,1.82104,-0.833651,-0.68129,0.145848,-1.25796,-0.19565,0.996217,0.577977,-0.482897,-1.64672,-0.513587,0.467705,0.564454,0.769446,0.230801,0.285842,0.780546,0.307478,-2.57596,-0.0970261,-0.36484,-1.16558,-0.297898,-0.599164,-0.16748,-0.998781,0.791427,0.114803,0.210534,-0.678949,1.72282,1.08956,0.997129,0.512142,-0.27046,0.0653535,0.989546,0.473591,0.393336,-0.0626888,0.111327,-0.388492,-1.45059,-1.25937,-0.582221,0.801373,-0.0310132,0.104794,0.0158169,-1.56008,0.37642,0.676753,0.189722,-1.03612,-0.128431,0.894552,0.577087,0.724828,-0.693929,0.140639,-0.920245,0.329778,0.0142255,0.581239,-0.127825,0.0477926,0.0629058,0.385819,0.223352,1.22435,0.825682,0.917544,1.45616,-0.185353,1.41374,-1.08358,-0.320088,0.16515,-0.374566,0.304778,-0.39328,0.00477439,1.30233,0.291276,1.0209,-1.64298,-0.264281,-0.277108,-0.670662
0.632,-0.325465,-0.052576,1.18555,-0.802691,0.291132,0.31519,0.765349,0.857019,-0.895644,-0.138975,-0.0743614,1.78686,-0.844542,-0.556423,0.170725,-1.20828,-0.190051,1.0032,0.600424,-0.39954,-1.59846,-0.466256,0.441976,0.592965,0.759807,0.261646,0.373763,0.725925,0.329409,-2.57139,-0.0976778,-0.290185,-1.22046,-0.304281,-0.518631,-0.0337659,-1.00273,0.764526,0.105888,0.203012,-0.657989,1.66027,1.04513,0.923427,0.460307,-0.179528,0.0166797,1.01233,0.513597,0.403815,-0.0693482,0.0673338,-0.415571,-1.48907,-1.34852,-0.65506,0.85634,0.0610541,0.146023,-0.00367525,-1.61271,0.316655,0.718998,0.123087,-1.13705,-0.144404,0.902224,0.517442,0.734752,-0.622111,0.183792,-0.923151,0.341363,0.00680762,0.615431,-0.121355,0.0987356,0.119464,0.375688,0.175133,1.22508,0.799279,0.985669,1.48833,-0.247462,1.37809,-1.02744,-0.351643,0.198561,-0.359377,0.402584,-0.399068,-0.0204459,1.30805,0.299108,1.01851,-1.64231,-0.221956,-0.30828,-0.638914
0.634,-0.327004,-0.0621793,1.18362,-0.791282,0.265274,0.317306,0.71519,0.909909,-0.853277,-0.157841,-0.0272002,1.82819,-0.899308,-0.561229,0.215927,-1.29243,-0.195049,1.0642,0.559129,-0.51081,-1.59236,-0.477842,0.538822,0.513157,0.772198,0.308973,0.344232,0.735589,0.268901,-2.60961,-0.217562,-0.320289,-1.21654,-0.291226,-0.538637,-0.0225872,-1.05797,0.729165,0.125427,0.202659,-0.556954,1.74758,0.986973,0.883804,0.416621,-0.188228,0.0443288,1.08034,0.470439,0.326869,-0.163911,0.00906898,-0.452933,-1.44757,-1.27387,-0.623242,0.795856,0.126475,0.0970376,-0.023397,-1.53926,0.260661,0.655723,0.0893166,-1.10531,-0.181703,0.918642,0.487436,0.680306,-0.608705,0.228223,-0.822219,0.29439,0.0311996,0.57041,-0.142082,0.0359324,0.0766448,0.490008,0.0913876,1.28389,0.781642,1.00894,1.5658,-0.232795,1.39486,-1.02697,-0.413214,0.205787,-0.391453,0.333663,-0.335553,-0.0870441,1.31076,0.321655,1.05628,-1.64119,-0.295058,-0.35064,-0.708153
0.636,-0.273318,-0.0449461,1.18383,-0.722263,0.303042,0.259012,0.754603,0.907435,-0.882667,-0.14332,0.0354509,1.81478,-0.956682,-0.593736,0.215436,-1.32433,-0.214965,1.09496,0.565573,-0.55314,-1.63377,-0.495663,0.569757,0.49718,0.85937,0.321057,0.266682,0.750282,0.231374,-2.5659,-0.289013,-0.270084,-1.11333,-0.193437,-0.623068,-0.0274678,-1.10966,0.803462,0.124526,0.11187,-0.523335,1.7351,0.899914,0.929658,0.433433,-0.153377,0.1038,1.12041,0.527827,0.284485,-0.141691,-0.0239566,-0.460043,-1.4007,-1.37592,-0.699378,0.867074,0.133555,0.0948324,-0.0219976,-1.50438,0.244993,0.608653,0.109851,-1.13171,-0.140976,0.951769,0.508591,0.657564,-0.666505,0.18645,-0.84047,0.308285,0.0460315,0.585053,-0.161976,-0.0125534,0.0691306,0.567574,0.0534019,1.29119,0.813989,1.03329,1.57642,-0.221333,1.40313,-0.965938,-0.426136,0.201139,-0.37967,0.292916,-0.342274,-0.1257,1.3407,0.380596,1.04275,-1.62066,-0.415683,-0.415747,-0.67124
0.638,-0.270595,-0.00918544,1.11884,-0.709623,0.320601,0.220248,0.749708,0.902917,-0.842284,-0.180516,0.0580844,1.83553,-0.892671,-0.592947,0.213812,-1.34658,-0.26019,1.09521,0.592473,-0.635249,-1.68448,-0.544013,0.632512,0.491385,0.929808,0.282063,0.305908,0.747607,0.389576,-2.54146,-0.379068,-0.24345,-1.08897,-0.173159,-0.586342,-0.0990596,-1.17072,0.788501,0.104513,0.135491,-0.434411,1.71938,0.934738,0.914268,0.45834,-0.115826,0.0602021,1.11504,0.62767,0.304495,-0.166664,2.17684e-05,-0.399579,-1.35942,-1.3325,-0.605771,0.822994,0.12479,0.0563166,0.0232798,-1.55815,0.220687,0.607152,0.131085,-1.14079,-0.231616,0.854105,0.505592,0.62669,-0.70128,0.174001,-0.897407,0.233438,0.00587712,0.567552,-0.196583,0.0301051,0.158415,0.539929,0.0360741,1.39486,0.814787,1.05197,1.54898,-0.253658,1.41731,-1.02395,-0.407064,0.16884,-0.418366,0.268334,-0.3692,-0.109357,1.37226,0.406411,1.0122,-1.58802,-0.520925,-0.385597,-0.705442
0.64,-0.218293,-0.0585662,1.20698,-0.700398,0.333507,0.212866,0.679858,0.919537,-0.79628,-0.123771,0.0904445,1.90685,-0.881118,-0.574879,0.144614,-1.37414,-0.260642,1.09177,0.635052,-0.610316,-1.6926,-0.562203,0.653297,0.539188,0.894922,0.225867,0.358398,0.78598,0.388619,-2.55337,-0.41557,-0.27723,-1.03196,-0.187376,-0.519371,-0.105551,-1.09341,0.774662,0.12666,0.118571,-0.456264,1.73295,0.893934,0.847859,0.392006,-0.197819,0.0317074,1.12601,0.600172,0.20599,-0.224374,-0.041073,-0.45359,-1.36244,-1.30376,-0.576183,0.742467,0.0966834,0.0369961,-0.0650901,-1.57054,0.181621,0.605997,0.242616,-1.11698,-0.160258,0.841347,0.521603,0.637538,-0.737085,0.178505,-0.828101,0.149376,0.0557681,0.476374,-0.220997,0.0412975,0.182661,0.548507,0.04073,1.38704,0.802754,0.985896,1.52954,-0.256032,1.38544,-0.951847,-0.419307,0.124922,-0.414781,0.28675,-0.293069,-0.101847,1.38728,0.34801,1.05491,-1.59245,-0.476016,-0.446454,-0.742559
0.642,-0.142668,-0.017747,1.16565,-0.688958,0.232475,0.217023,0.717703,0.900432,-0.797631,-0.115464,0.0752845,1.92558,-0.860531,-0.519009,0.183341,-1.3185,-0.251943,1.08869,0.634312,-0.601651,-1.69247,-0.554305,0.637558,0.566243,0.922017,0.249939,0.391489,0.845628,0.418887,-2.53338,-0.436999,-0.212439,-0.984487,-0.306319,-0.537013,-0.103802,-1.12764,0.74321,0.124048,0.131927,-0.483394,1.70106,0.885588,0.892518,0.387606,-0.217685,0.0817485,1.09704,0.673366,0.167946,-0.245293,-0.146732,-0.460891,-1.40617,-1.34426,-0.551748,0.749267,0.0984298,-0.0502748,0.0245015,-1.51187,0.274449,0.651618,0.227982,-1.17982,-0.158297,0.822255,0.523595,0.63522,-0.796836,0.25988,-0.842877,0.198655,0.0638983,0.48104,-0.258276,0.01338,0.119267,0.533442,0.083318,1.32867,0.843844,1.00242,1.45176,-0.313956,1.41089,-0.924628,-0.425679,0.11217,-0.466544,0.265219,-0.184063,-0.0354842,1.37958,0.328594,1.08548,-1.54389,-0.453244,-0.362885,-0.688385
0.644,-0.152089,-0.0361617,1.10875,-0.757251,0.159383,0.228965,0.728033,0.967757,-0.812317,-0.0871514,0.101037,1.97383,-0.868353,-0.529398,0.106196,-1.30514,-0.304227,1.0335,0.62418,-0.605299,-1.72214,-0.52709,0.626561,0.521134,1.01435,0.316606,0.441222,0.893924,0.33986,-2.5689,-0.472086,-0.345023,-0.985924,-0.359695,-0.500809,-0.0591236,-1.18257,0.831976,0.144926,0.112214,-0.472211,1.7348,0.942128,0.941372,0.338872,-0.167758,0.0121729,1.10936,0.704976,0.2552,-0.24578,-0.14976,-0.5271,-1.41119,-1.2943,-0.633186,0.723577,0.141745,-0.0655264,-0.0372085,-1.48027,0.301496,0.656233,0.115888,-1.25516,-0.125499,0.801715,0.576964,0.612629,-0.844021,0.239441,-0.858638,0.275488,0.0171316,0.492946,-0.278605,0.0397672,0.130736,0.489457,0.0424145,1.36186,0.829913,0.929119,1.40063,-0.321107,1.39186,-0.873032,-0.472239,0.0504748,-0.548129,0.342803,-0.230402,0.0237202,1.34315,0.251769,1.05863,-1.5073,-0.447508,-0.348101,-0.78579
0.646,-0.116853,-0.0771448,1.11088,-0.777003,0.211099,0.242025,0.700476,1.00708,-0.77851,-0.0314656,0.121956,1.91974,-0.901041,-0.534453,0.105857,-1.25028,-0.301025,1.15912,0.605685,-0.615345,-1.68333,-0.606464,0.60608,0.486004,0.945597,0.372584,0.506218,0.895342,0.300006,-2.54559,-0.49009,-0.34078,-1.06063,-0.347051,-0.492157,-0.0290132,-1.22185,0.842439,0.174513,0.111891,-0.496771,1.81906,0.972413,0.857491,0.311482,-0.168563,0.0906281,1.09703,0.71898,0.304888,-0.282162,-0.143691,-0.604251,-1.41614,-1.23947,-0.661221,0.720545,0.141672,-0.0881964,-0.0323566,-1.47856,0.320906,0.651872,0.127256,-1.23309,-0.0876295,0.847033,0.704592,0.614006,-0.891324,0.303868,-0.815854,0.224294,-0.0344321,0.46437,-0.232556,0.0586115,0.0722525,0.525643,0.0361701,1.4174,0.883075,0.909467,1.38851,-0.319626,1.38991,-0.89802,-0.433973,0.013458,-0.547855,0.355994,-0.239548,0.0430919,1.38632,0.208165,1.12545,-1.54022,-0.540268,-0.362548,-0.781464
0.648,-0.130621,-0.0850552,1.05148,-0.741516,0.225616,0.247628,0.648989,1.07276,-0.818942,-0.0048677,0.11169,1.91824,-0.852352,-0.514869,0.18197,-1.18344,-0.312552,1.22515,0.575383,-0.64727,-1.67883,-0.578421,0.601949,0.521203,0.951091,0.35178,0.605032,0.921916,0.32743,-2.58901,-0.517648,-0.352977,-1.10172,-0.376297,-0.456879,-0.148125,-1.17163,0.912868,0.178145,0.0965268,-0.418689,1.85056,0.9427,0.806343,0.329028,-0.244553,0.137519,1.08233,0.684011,0.311372,-0.397626,-0.180648,-0.631345,-1.40315,-1.18952,-0.765162,0.765963,0.157505,-0.054087,-0.0662092,-1.47622,0.369539,0.677026,0.0338617,-1.23972,-0.0912388,0.823191,0.758135,0.612617,-0.873378,0.35626,-0.859436,0.162284,-0.0669758,0.442336,-0.151779,0.0468478,0.121471,0.567045,0.0281333,1.52856,0.872276,0.946907,1.39243,-0.257572,1.38716,-0.950812,-0.377826,0.0298018,-0.489718,0.384737,-0.283947,0.00434616,1.41124,0.16019,1.11642,-1.61761,-0.605548,-0.391311,-0.771273
0.65,-0.105519,-0.0420973,1.04358,-0.776184,0.21611,0.2317,0.663796,1.09248,-0.741445,-0.000922997,0.101817,1.93356,-0.863076,-0.513275,0.163345,-1.17224,-0.284476,1.14826,0.593274,-0.61574,-1.73735,-0.629125,0.665094,0.424088,0.911262,0.400079,0.581794,0.902811,0.324739,-2.57243,-0.552196,-0.302583,-1.12975,-0.392826,-0.423401,-0.231168,-1.15152,1.01823,0.147493,0.0668318,-0.453033,1.81817,0.972865,0.750463,0.305998,-0.236157,0.168573,1.10256,0.74785,0.343348,-0.474944,-0.223136,-0.699356,-1.46803,-1.10181,-0.772344,0.826837,0.224059,-0.134284,-0.0248629,-1.4422,0.32748,0.70543,0.0972258,-1.26279,-0.158227,0.8134,0.795616,0.628534,-0.91683,0.306344,-0.904021,0.100437,-0.0300071,0.41664,-0.126286,-0.0301755,0.0766333,0.512475,-0.0152325,1.52324,0.821307,0.955597,1.36247,-0.264415,1.36938,-0.998217,-0.330166,-0.0669082,-0.552291,0.377539,-0.217268,0.165377,1.46077,0.176273,1.09429,-1.61542,-0.617698,-0.428656,-0.707451
0.652,-0.104976,-0.091455,1.04575,-0.750863,0.180764,0.245303,0.606204,1.10139,-0.781632,0.000767185,0.128925,2.0121,-0.816148,-0.517462,0.16218,-1.22774,-0.321492,1.15621,0.573004,-0.629054,-1.81095,-0.590268,0.618572,0.443685,0.962615,0.433537,0.576702,0.915231,0.363244,-2.55967,-0.51458,-0.31203,-1.12656,-0.404728,-0.380954,-0.305717,-1.23939,1.02055,0.0691303,0.0714214,-0.457114,1.77908,0.977684,0.731085,0.276211,-0.301012,0.200614,1.04008,0.803317,0.227019,-0.391501,-0.243681,-0.698335,-1.43661,-1.1658,-0.816268,0.792005,0.17072,-0.105412,-0.0719523,-1.41352,0.23567,0.629135,0.135339,-1.21391,-0.149028,0.874193,0.806398,0.589715,-0.973931,0.278477,-0.918118,0.078387,-0.0493836,0.456592,-0.0958279,-0.00605427,0.0953199,0.451333,0.00301616,1.53714,0.806624,0.985373,1.32182,-0.244072,1.37631,-1.00298,-0.233527,-0.0169111,-0.502419,0.43783,-0.223064,0.203506,1.48708,0.139424,1.16452,-1.61752,-0.557965,-0.425086,-0.669945
0.654,-0.126915,-0.0824522,1.04635,-0.680229,0.147524,0.263236,0.549792,1.07707,-0.890867,0.0142284,0.164118,2.02499,-0.788135,-0.457064,0.164014,-1.22915,-0.350957,1.10349,0.64568,-0.591154,-1.76536,-0.612764,0.612186,0.432882,0.915487,0.423241,0.595455,0.906854,0.366086,-2.50998,-0.490376,-0.363191,-1.12194,-0.322517,-0.43466,-0.355057,-1.18501,1.02114,0.126329,0.0721079,-0.457908,1.81392,0.971614,0.799964,0.216649,-0.332327,0.210041,1.00408,0.799454,0.290623,-0.335291,-0.227408,-0.647514,-1.42349,-1.19208,-0.839619,0.776276,0.209625,-0.0198504,-0.117624,-1.37249,0.272064,0.667005,0.082282,-1.22516,-0.211301,0.908218,0.857225,0.625585,-0.939925,0.276394,-0.897784,0.0830295,-0.124047,0.478009,-0.117963,0.0624456,0.0481268,0.460679,0.0625073,1.5654,0.850313,0.904311,1.32272,-0.23575,1.32619,-1.02267,-0.253776,-0.0232243,-0.459459,0.496598,-0.221656,0.223926,1.53226,0.155656,1.17407,-1.62448,-0.546122,-0.461737,-0.66697
0.656,-0.111922,-0.102242,1.0382,-0.680934,0.111568,0.267485,0.592213,1.06039,-0.921893,0.00235433,0.213936,2.01122,-0.83012,-0.43515,0.155645,-1.21848,-0.396397,1.10499,0.605735,-0.578679,-1.75862,-0.6393,0.620082,0.43703,0.921758,0.421965,0.600975,0.97733,0.425054,-2.49681,-0.457653,-0.360387,-1.19427,-0.431481,-0.451386,-0.369475,-1.115,0.98053,0.207969,0.0784558,-0.440829,1.81751,0.967703,0.863481,0.31044,-0.392469,0.189652,0.997038,0.812507,0.385537,-0.251161,-0.158107,-0.653243,-1.44051,-1.14867,-0.76691,0.823902,0.253709,0.00227215,-0.140095,-1.37026,0.313452,0.623933,0.0756678,-1.29193,-0.178485,0.883403,0.846363,0.606189,-0.936412,0.227437,-0.870582,0.122589,-0.0802344,0.44235,-0.10989,0.0308516,0.0375732,0.481208,0.0580003,1.61219,0.840405,0.850032,1.37696,-0.124912,1.29796,-1.01702,-0.278553,0.0106846,-0.437568,0.496125,-0.227838,0.202991,1.5171,0.0914867,1.24847,-1.6842,-0.562066,-0.509,-0.643268
0.658,-0.0514064,-0.188968,1.0311,-0.675144,0.112843,0.232879,0.596311,1.09481,-0.970289,0.00686015,0.221883,2.02615,-0.884696,-0.423779,0.184106,-1.27954,-0.435928,1.08477,0.581639,-0.579425,-1.69664,-0.617328,0.619031,0.496588,0.928651,0.465676,0.644279,0.995716,0.388798,-2.48619,-0.494855,-0.411541,-1.15109,-0.442044,-0.358007,-0.388047,-1.03544,0.994757,0.170385,0.091869,-0.411054,1.8563,0.928275,0.824567,0.26935,-0.388485,0.157918,0.950283,0.824004,0.364806,-0.252285,-0.139274,-0.727022,-1.45603,-1.16344,-0.830869,0.810346,0.242748,-0.101685,-0.151651,-1.3543,0.343602,0.65035,0.060595,-1.26918,-0.19224,0.797491,0.870961,0.539038,-0.94207,0.18661,-0.787648,0.101924,-0.0832437,0.372499,-0.126398,-0.0180959,-0.00425987,0.42431,0.0192181,1.60356,0.833216,0.85449,1.3236,-0.161303,1.28648,-0.994013,-0.310885,-0.000293403,-0.487621,0.445772,-0.286099,0.203197,1.56023,0.107074,1.22981,-1.63931,-0.6428,-0.53198,-0.598333
0.66,-0.038899,-0.166236,1.02839,-0.771142,0.0690441,0.207789,0.591741,1.08711,-0.953106,0.0322375,0.325989,2.14469,-0.896384,-0.551414,0.131959,-1.28848,-0.468175,1.10178,0.572827,-0.632196,-1.76831,-0.577377,0.684067,0.545045,0.954383,0.495169,0.685171,1.05574,0.390765,-2.48874,-0.480343,-0.388546,-1.1998,-0.56081,-0.28567,-0.459251,-0.9888,1.00882,0.17437,0.140173,-0.480241,1.85366,0.915161,0.842671,0.273492,-0.380786,0.199759,1.07117,0.869319,0.342307,-0.234966,-0.145146,-0.713564,-1.45989,-1.12383,-0.858671,0.808696,0.189752,-0.108408,-0.171861,-1.33008,0.249968,0.662893,0.0598486,-1.26165,-0.172658,0.86646,0.875825,0.532651,-0.96922,0.0979603,-0.773952,0.0982585,-0.0721276,0.335453,-0.15427,-0.00458744,-0.0593763,0.353759,0.054283,1.5717,0.893368,0.815446,1.27978,-0.151181,1.30313,-1.08331,-0.266584,-0.0379099,-0.484327,0.483814,-0.281484,0.22522,1.61085,0.0690837,1.23573,-1.64992,-0.683563,-0.532775,-0.587385
0.662,-0.0704143,-0.19863,0.99146,-0.762693,0.107199,0.16706,0.659058,1.08926,-0.963525,0.011486,0.392906,2.20094,-0.85584,-0.525219,0.110608,-1.35215,-0.451902,1.04416,0.554386,-0.596299,-1.74384,-0.580966,0.697055,0.542348,0.97119,0.466301,0.747722,1.04858,0.290786,-2.45508,-0.523643,-0.396525,-1.13024,-0.577402,-0.335198,-0.413048,-1.00407,1.01175,0.134758,0.0984364,-0.509021,1.85702,0.901214,0.892077,0.188044,-0.299587,0.181483,1.18269,0.939591,0.295354,-0.29004,-0.100708,-0.656519,-1.39895,-1.13289,-0.885014,0.808648,0.125673,-0.0878938,-0.266623,-1.29524,0.267129,0.661843,0.0122471,-1.17678,-0.15599,0.833837,0.954621,0.430196,-0.982452,0.11211,-0.825828,0.0781839,-0.15441,0.350213,-0.213625,-0.0328296,-0.0901436,0.308556,0.0572648,1.51092,0.811607,0.860157,1.34146,-0.217933,1.35019,-1.02199,-0.281428,-0.0470173,-0.505484,0.495315,-0.268082,0.187806,1.5563,0.066075,1.24414,-1.68733,-0.623314,-0.544739,-0.607721
0.664,-0.0304967,-0.116265,1.00344,-0.841166,0.0146095,0.236893,0.662294,1.11826,-0.93454,-0.0481888,0.372734,2.20015,-0.845712,-0.505152,0.113333,-1.39849,-0.515506,1.09294,0.570953,-0.633584,-1.71425,-0.497171,0.711748,0.530697,0.950123,0.378336,0.727422,1.02104,0.264428,-2.45472,-0.517314,-0.384775,-1.19008,-0.585062,-0.317246,-0.466726,-0.976954,0.97263,0.0859655,0.154882,-0.492394,1.70118,0.844193,0.85928,0.193539,-0.322297,0.158553,1.1262,0.951156,0.248624,-0.270683,-0.18314,-0.600596,-1.3319,-1.10175,-0.920344,0.76898,0.127101,-0.148896,-0.347496,-1.28137,0.234614,0.667358,0.00859338,-1.17773,-0.185907,0.873007,0.882796,0.379299,-0.893447,0.187643,-0.768512,0.0691749,-0.142906,0.309328,-0.13607,-0.0365727,-0.111199,0.216178,0.173721,1.45461,0.728176,0.873428,1.34675,-0.220523,1.34871,-1.02946,-0.259467,-0.101403,-0.452884,0.522951,-0.303586,0.119632,1.5604,0.141041,1.25916,-1.69256,-0.603507,-0.511523,-0.655597
0.666,-0.0256511,-0.0725906,0.949819,-0.836561,-0.00650675,0.196224,0.757089,1.15993,-0.931251,0.0282639,0.379155,2.1926,-0.901506,-0.480259,0.0928198,-1.43324,-0.587129,1.10522,0.627691,-0.612099,-1.81304,-0.433102,0.686808,0.445303,0.974887,0.307421,0.718469,1.03015,0.311367,-2.41288,-0.494349,-0.3743,-1.13929,-0.601212,-0.314887,-0.357347,-1.006,0.988503,0.105437,0.193527,-0.407855,1.70611,0.841902,0.910772,0.199884,-0.342315,0.223776,1.15864,0.961497,0.252924,-0.228246,-0.153569,-0.596447,-1.35778,-1.01985,-0.912639,0.72515,0.148753,-0.158647,-0.353166,-1.28416,0.174299,0.637778,-0.00608417,-1.21138,-0.141417,0.906262,0.943609,0.303567,-0.883919,0.217991,-0.810186,0.104363,-0.165511,0.287343,-0.103514,-0.105834,-0.118867,0.213711,0.194628,1.39653,0.717025,0.88296,1.3791,-0.248036,1.30608,-1.00564,-0.248649,-0.0823829,-0.442002,0.559163,-0.318669,0.130613,1.52743,0.237619,1.292,-1.61174,-0.615588,-0.450718,-0.679013
0.668,0.0020864,-0.134301,0.935593,-0.831561,-0.0181271,0.21416,0.797005,1.12864,-0.871837,0.0218357,0.356297,2.19247,-0.914592,-0.460619,0.180884,-1.39007,-0.533638,1.08665,0.664132,-0.638427,-1.82561,-0.445688,0.666214,0.443991,1.06461,0.259008,0.762814,1.00293,0.369429,-2.38787,-0.500881,-0.397676,-1.2276,-0.604556,-0.311025,-0.320446,-0.993711,0.973359,0.0599707,0.243364,-0.454854,1.74188,0.760999,0.880967,0.252702,-0.350873,0.251099,1.20107,0.957797,0.279871,-0.140814,-0.111445,-0.657958,-1.36736,-1.04936,-0.939215,0.730353,0.115335,-0.145804,-0.405107,-1.30233,0.228032,0.623257,-0.0215182,-1.26413,-0.165479,0.879766,0.981197,0.34825,-0.825335,0.181758,-0.717391,0.173497,-0.0998479,0.299631,-0.104343,-0.117958,-0.0945642,0.169682,0.236382,1.41446,0.728054,0.84114,1.30295,-0.236959,1.38777,-0.961428,-0.312166,-0.067131,-0.391481,0.48957,-0.340447,0.128089,1.51613,0.234738,1.29223,-1.56289,-0.62908,-0.483093,-0.680887
0.67,-0.0654001,-0.100528,0.902126,-0.810889,0.0240308,0.15743,0.843541,1.15378,-0.946282,0.0193848,0.29786,2.21693,-0.836642,-0.437427,0.191432,-1.3321,-0.513906,1.09039,0.713617,-0.590456,-1.84721,-0.470442,0.649432,0.382674,1.02449,0.318937,0.818209,0.990988,0.31783,-2.43762,-0.467462,-0.409742,-1.18404,-0.573321,-0.309994,-0.370549,-1.00118,0.943072,0.0431209,0.18221,-0.382568,1.84395,0.783883,0.846619,0.263062,-0.248836,0.278443,1.20793,0.9806,0.332566,-0.17836,-0.166422,-0.669904,-1.32682,-0.982471,-0.962512,0.842346,0.178416,-0.158426,-0.353578,-1.31039,0.230318,0.562513,-0.0575717,-1.24133,-0.170265,0.858363,0.975601,0.378892,-0.863061,0.217081,-0.724276,0.124406,-0.0464012,0.298584,-0.119413,-0.040972,-0.064292,0.166395,0.260151,1.38007,0.71416,0.832659,1.35761,-0.251026,1.32145,-1.03476,-0.3084,0.00632876,-0.428042,0.457813,-0.324802,0.120658,1.49002,0.245828,1.26881,-1.57725,-0.670404,-0.524973,-0.726756
0.672,-0.0223629,-0.0926117,0.822641,-0.812028,0.0270775,0.154324,0.774233,1.16504,-0.92419,-0.0437983,0.368739,2.12051,-0.785169,-0.4151,0.163181,-1.35301,-0.508876,1.05252,0.680427,-0.524378,-1.86603,-0.519456,0.547296,0.37605,1.03901,0.282284,0.722396,1.07363,0.359696,-2.33971,-0.484491,-0.419875,-1.16302,-0.607576,-0.262573,-0.412951,-0.99296,0.946937,0.0614078,0.202,-0.425161,1.8032,0.733104,0.88809,0.312219,-0.212169,0.305378,1.19816,0.960209,0.359155,-0.199723,-0.195207,-0.63977,-1.31541,-0.937805,-0.966333,0.825454,0.218812,-0.149117,-0.351593,-1.24919,0.202785,0.629328,-0.0579563,-1.28661,-0.167091,0.891144,1.03322,0.378787,-0.84617,0.226914,-0.778936,0.18316,-0.0345075,0.302501,-0.108288,-0.031898,-0.081703,0.211995,0.242476,1.40444,0.721591,0.887281,1.32792,-0.229969,1.26442,-1.08235,-0.323071,0.00200225,-0.52702,0.497041,-0.348781,0.0394193,1.49601,0.290164,1.34945,-1.58531,-0.598584,-0.555983,-0.741518
0.674,-0.0115317,-0.128304,0.842334,-0.764628,0.0265361,0.209825,0.737266,1.16145,-0.971844,-0.0409772,0.419011,2.16786,-0.702003,-0.428891,0.104829,-1.36825,-0.498847,1.0578,0.55601,-0.50605,-1.86773,-0.483609,0.5468,0.369026,1.05232,0.232191,0.713229,1.11164,0.388075,-2.36416,-0.566352,-0.399593,-1.19199,-0.651379,-0.221233,-0.41153,-1.05886,0.938317,0.132015,0.203937,-0.430527,1.77217,0.7813,0.919187,0.361853,-0.236978,0.320496,1.21363,0.91313,0.382482,-0.198237,-0.252054,-0.558649,-1.31309,-0.915352,-1.01526,0.826103,0.217422,-0.162447,-0.336756,-1.26993,0.193058,0.682732,-0.123974,-1.27074,-0.147994,0.925274,1.09416,0.421726,-0.905827,0.270119,-0.846014,0.152063,-0.0334533,0.327373,-0.0836568,-0.0126334,-0.02159,0.180137,0.252134,1.4423,0.652177,0.880351,1.33343,-0.29076,1.19741,-1.11044,-0.341806,-0.0286845,-0.552704,0.476341,-0.350788,0.0784567,1.41716,0.285548,1.26422,-1.54077,-0.647258,-0.529144,-0.719753
0.676,-0.0220218,-0.181726,0.813826,-0.776905,-0.0530885,0.247801,0.657029,1.14342,-1.00878,-0.0473967,0.38674,2.16557,-0.681701,-0.394597,0.148829,-1.35975,-0.446971,1.04637,0.650866,-0.525486,-1.89792,-0.489144,0.529281,0.355975,1.07854,0.223583,0.736047,1.07418,0.435916,-2.30786,-0.550843,-0.385503,-1.12054,-0.641181,-0.176456,-0.448193,-1.08627,0.943911,0.180959,0.18041,-0.500075,1.75112,0.76374,0.914524,0.400253,-0.322519,0.353124,1.27515,0.995235,0.344769,-0.225551,-0.27706,-0.59742,-1.27778,-0.892407,-1.01535,0.795526,0.23445,-0.0811236,-0.313919,-1.25272,0.212957,0.687885,-0.0639954,-1.25723,-0.0836578,0.914879,1.13322,0.413733,-0.861736,0.238249,-0.842506,0.0897248,0.0435529,0.301888,-0.0664411,-0.0544066,0.0176827,0.16633,0.279738,1.37815,0.671818,0.802174,1.32848,-0.288633,1.18945,-1.12349,-0.300783,-0.0282513,-0.622579,0.538391,-0.411952,0.0646691,1.40548,0.23578,1.20638,-1.64157,-0.674308,-0.458722,-0.698778
0.678,0.0166742,-0.16516,0.830478,-0.729454,-0.0727091,0.220582,0.659563,1.20107,-0.989012,-0.0443964,0.35836,2.16269,-0.794136,-0.396097,0.208347,-1.31525,-0.421808,1.01007,0.696411,-0.572523,-1.82372,-0.4739,0.570247,0.415189,1.04109,0.224636,0.746572,1.0843,0.498281,-2.29022,-0.476089,-0.389777,-1.11042,-0.684216,-0.175593,-0.378266,-1.09627,0.943493,0.126401,0.14508,-0.48996,1.7437,0.710511,0.92553,0.355374,-0.234449,0.354689,1.29715,0.946449,0.373088,-0.227186,-0.222437,-0.653391,-1.19273,-0.909632,-1.00195,0.761341,0.260688,-0.0768403,-0.274745,-1.27483,0.243305,0.618057,-0.0400272,-1.26357,-0.069377,0.838946,1.02049,0.450174,-0.84196,0.222609,-0.878012,0.103202,0.107896,0.378581,-0.073146,-0.0895624,-0.0546905,0.164664,0.275162,1.29249,0.700204,0.846616,1.32611,-0.337632,1.06361,-1.08839,-0.3214,0.00959938,-0.542907,0.563569,-0.361649,0.124355,1.39981,0.15356,1.15208,-1.60712,-0.662746,-0.4289,-0.777694
0.68,-0.0609722,-0.136438,0.863774,-0.720735,-0.0603247,0.157123,0.707659,1.19301,-0.910985,-0.0334769,0.383939,2.10214,-0.807525,-0.412577,0.228326,-1.24543,-0.376324,0.975147,0.650509,-0.502659,-1.83246,-0.478579,0.582979,0.472735,1.03889,0.0889656,0.817758,1.09232,0.494152,-2.264,-0.424214,-0.417495,-1.13153,-0.671404,-0.140567,-0.369559,-1.14179,0.93995,0.126026,0.169597,-0.523969,1.68578,0.651929,0.946042,0.256707,-0.272907,0.396949,1.21477,1.01167,0.394864,-0.196385,-0.228204,-0.663826,-1.20642,-0.924018,-0.99091,0.678917,0.241153,-0.0873694,-0.226052,-1.29011,0.270645,0.613199,-0.0602595,-1.17258,-0.0204203,0.822138,0.964265,0.504178,-0.79645,0.332317,-0.905602,0.143514,0.0982292,0.386284,-0.0847817,-0.0963849,-0.0949227,0.136174,0.338985,1.2529,0.792691,0.823666,1.28673,-0.363456,1.03716,-1.09399,-0.283002,0.0109074,-0.550202,0.60462,-0.308141,0.0522916,1.35985,0.126145,1.16631,-1.54493,-0.642219,-0.41268,-0.74829
0.682,-0.0344145,-0.194734,0.874784,-0.786931,-0.0589558,0.155087,0.692173,1.17418,-1.00399,-0.0373231,0.369807,2.04896,-0.760435,-0.431647,0.240201,-1.25948,-0.377933,0.970684,0.623089,-0.51887,-1.79438,-0.452607,0.660568,0.479986,1.04332,0.161219,0.831143,1.02466,0.493119,-2.30106,-0.451162,-0.326212,-1.08729,-0.632447,-0.170138,-0.354752,-1.19575,0.983809,0.0693207,0.220337,-0.588539,1.64281,0.71128,0.90311,0.244457,-0.245861,0.449531,1.21051,1.06004,0.46998,-0.296166,-0.24071,-0.733991,-1.14008,-0.925146,-1.04018,0.581579,0.224617,-0.0823218,-0.287374,-1.31025,0.287981,0.525273,-0.159577,-1.20184,-0.00247333,0.77944,1.03092,0.518694,-0.88609,0.373636,-0.884231,0.109886,0.0830932,0.396795,-0.181547,-0.0771339,-0.104466,0.131532,0.371865,1.22887,0.836563,0.788382,1.28143,-0.395767,1.03294,-1.07352,-0.305959,-0.102117,-0.505918,0.602469,-0.303195,0.114586,1.3213,0.157827,1.22803,-1.56394,-0.683293,-0.475983,-0.778748
0.684,0.00362662,-0.149985,0.848711,-0.80585,-0.0813889,0.191388,0.657036,1.17587,-1.07077,0.0225648,0.384344,1.98136,-0.748131,-0.434457,0.263983,-1.25017,-0.340001,0.988112,0.64893,-0.481401,-1.80628,-0.480498,0.677569,0.387456,1.02603,0.244039,0.807426,1.04477,0.507052,-2.21682,-0.48279,-0.371093,-1.09896,-0.628323,-0.219685,-0.354708,-1.17032,1.01933,0.0615076,0.233552,-0.632728,1.62204,0.700595,0.955694,0.25106,-0.26979,0.462084,1.20574,1.00843,0.514002,-0.281797,-0.197031,-0.665587,-1.17465,-0.894828,-1.09555,0.534279,0.232726,-0.11356,-0.230194,-1.33585,0.337246,0.522024,-0.121867,-1.19612,-0.00473073,0.837444,0.921891,0.587092,-0.838916,0.366881,-0.894673,0.125739,0.13062,0.278474,-0.196847,-0.0298381,-0.0448134,0.0347863,0.338273,1.266,0.840674,0.789543,1.39974,-0.402122,1.06765,-1.03667,-0.356444,-0.116947,-0.532003,0.591994,-0.344487,0.133003,1.31097,0.149882,1.24112,-1.58778,-0.639053,-0.476024,-0.742537
0.686,0.0901852,-0.124887,0.729134,-0.801847,-0.126103,0.109948,0.598701,1.12466,-1.06664,0.0229909,0.36896,1.95472,-0.764174,-0.405324,0.291033,-1.26113,-0.332091,1.05321,0.674902,-0.548481,-1.7638,-0.492836,0.663193,0.40444,1.07964,0.281973,0.810377,0.94236,0.476737,-2.27154,-0.498095,-0.366802,-1.06777,-0.7449,-0.231735,-0.319201,-1.14223,1.00341,0.152736,0.17141,-0.684002,1.67353,0.734866,0.916179,0.321025,-0.335135,0.384407,1.20091,1.11677,0.474777,-0.264639,-0.23065,-0.678022,-1.24256,-0.920481,-1.02323,0.530481,0.165676,-0.0511104,-0.26349,-1.31414,0.413386,0.506167,-0.121717,-1.14846,0.0069929,0.779138,0.89066,0.67712,-0.863969,0.368428,-0.86722,0.114684,0.0946768,0.337192,-0.151936,-0.0418136,-0.0918857,0.0848793,0.313917,1.22278,0.876636,0.740934,1.37414,-0.444277,1.06202,-1.08122,-0.345853,-0.205676,-0.59893,0.675915,-0.293812,0.156453,1.3947,0.193814,1.29919,-1.68551,-0.646941,-0.431285,-0.781013
0.688,0.152816,-0.110274,0.75793,-0.867315,-0.11544,0.0756373,0.60591,0.992893,-1.14582,0.0555399,0.385187,1.95878,-0.776907,-0.411785,0.262525,-1.2962,-0.243641,0.992341,0.760234,-0.646012,-1.74013,-0.508625,0.598855,0.381213,1.08769,0.30703,0.814531,0.969047,0.418286,-2.21114,-0.492534,-0.36091,-1.06828,-0.797374,-0.196794,-0.391557,-1.09633,1.03409,0.104456,0.150749,-0.700929,1.72765,0.706788,0.911176,0.302351,-0.306827,0.340808,1.18842,1.16071,0.526955,-0.247538,-0.161864,-0.732396,-1.23055,-0.984753,-0.971212,0.444956,0.186268,-0.0627288,-0.213858,-1.37323,0.456531,0.474601,-0.0899396,-1.21125,-0.00553052,0.753515,0.959387,0.677397,-0.846809,0.375918,-0.950043,0.130853,0.10469,0.38112,-0.280696,-0.0525483,-0.020794,0.0160422,0.307007,1.21852,0.85331,0.753768,1.37136,-0.418019,1.03063,-1.05214,-0.317502,-0.111102,-0.518976,0.656597,-0.380409,0.214298,1.43497,0.164794,1.28967,-1.67303,-0.679739,-0.422795,-0.647456
0.69,0.147531,-0.132272,0.806583,-0.927097,-0.0961913,0.0791379,0.579354,0.942229,-1.22463,-0.0479465,0.401116,2.02787,-0.775584,-0.422351,0.21806,-1.34982,-0.250796,1.02827,0.817138,-0.655631,-1.77653,-0.56052,0.61476,0.436755,1.06858,0.35119,0.831597,0.972248,0.419682,-2.19991,-0.545764,-0.335425,-1.06896,-0.775557,-0.195854,-0.373914,-1.10444,1.04768,0.114402,0.185201,-0.694413,1.62793,0.703335,0.8249,0.303063,-0.243029,0.371632,1.23253,1.20801,0.511814,-0.26029,-0.167093,-0.703672,-1.24606,-0.952481,-1.0009,0.364497,0.200183,-0.05369,-0.231219,-1.34336,0.450752,0.429551,-0.0264198,-1.19943,-0.105008,0.706507,0.985987,0.698774,-0.836545,0.37853,-0.937659,0.105952,0.167185,0.407061,-0.288603,0.00662691,0.0150029,-0.000804086,0.284524,1.19395,0.877111,0.748093,1.45137,-0.422614,0.989769,-1.01167,-0.324167,-0.148454,-0.53692,0.704409,-0.366039,0.302657,1.41045,0.116403,1.27318,-1.7028,-0.66868,-0.404798,-0.60518
0.692,0.17786,-0.0928471,0.815323,-0.964541,-0.0677576,0.115789,0.511318,0.964742,-1.29166,-0.0836427,0.384095,2.03943,-0.794082,-0.410755,0.199921,-1.39231,-0.273994,0.945115,0.877075,-0.629431,-1.8095,-0.564165,0.557425,0.441698,1.05891,0.366075,0.817266,0.999452,0.418775,-2.3061,-0.5825,-0.344176,-1.01183,-0.818933,-0.196494,-0.432666,-1.17243,1.02597,0.0829173,0.132382,-0.651381,1.54715,0.709343,0.833413,0.274777,-0.194936,0.368433,1.30815,1.26028,0.521893,-0.263091,-0.195988,-0.76116,-1.40837,-1.02879,-1.05354,0.361559,0.290122,-0.0469063,-0.189049,-1.44887,0.442202,0.429592,-0.0691121,-1.05514,-0.114586,0.644311,1.00703,0.719919,-0.858794,0.384162,-0.94425,0.139239,0.269228,0.386655,-0.321398,0.0850043,-0.0743121,-0.0192835,0.249722,1.08199,0.86238,0.722733,1.46663,-0.398043,0.966312,-1.04124,-0.305598,-0.135043,-0.509536,0.642327,-0.316093,0.371362,1.39181,0.00931261,1.20693,-1.75953,-0.733546,-0.28756,-0.475442
0.694,0.159669,-0.112901,0.858861,-0.932329,-0.134388,0.0702613,0.401031,0.966372,-1.25758,-0.111007,0.383546,2.02708,-0.717472,-0.465558,0.276841,-1.39069,-0.291164,0.95849,0.898202,-0.61071,-1.8215,-0.555307,0.502153,0.451056,1.10319,0.386075,0.750873,1.03854,0.433427,-2.26898,-0.620183,-0.368016,-0.939198,-0.796802,-0.244292,-0.49828,-1.13173,1.01734,0.0873317,0.210162,-0.621202,1.55208,0.820374,0.836207,0.281718,-0.184475,0.366934,1.14828,1.25681,0.577667,-0.228968,-0.259399,-0.818375,-1.38096,-1.03962,-1.02916,0.376434,0.332282,-0.0323987,-0.164631,-1.45847,0.4409,0.502972,0.0195516,-1.09156,-0.0815299,0.681303,0.948229,0.741587,-0.88886,0.351638,-0.88927,0.241663,0.244975,0.364313,-0.327803,0.094414,-0.118823,0.00644426,0.190519,0.948335,0.884664,0.745942,1.40556,-0.405836,0.990772,-1.05248,-0.340665,-0.15367,-0.476951,0.60889,-0.307651,0.32851,1.43638,-0.0346657,1.21456,-1.78959,-0.794662,-0.241461,-0.470792
0.696,0.117529,-0.0929394,0.884836,-0.932378,-0.0973397,0.141295,0.365842,1.02342,-1.30734,-0.102967,0.36774,2.00786,-0.701702,-0.501803,0.251258,-1.46011,-0.329186,0.881019,0.924488,-0.566817,-1.74272,-0.608136,0.41483,0.452076,1.05866,0.416145,0.699856,1.0356,0.531818,-2.26775,-0.615906,-0.362582,-0.895153,-0.750859,-0.171967,-0.524628,-1.10534,0.991358,0.10701,0.179894,-0.581357,1.567,0.800143,0.782679,0.335965,-0.247903,0.3823,1.15144,1.25555,0.537895,-0.30418,-0.197352,-0.850618,-1.3016,-1.00625,-1.02787,0.422865,0.337777,0.0165445,-0.208355,-1.50289,0.455063,0.500527,0.0291672,-1.11686,-0.0760914,0.669865,0.968542,0.762429,-0.838157,0.320836,-0.848222,0.222368,0.287709,0.333971,-0.325607,0.134709,-0.171061,0.0380054,0.193504,0.932559,0.903702,0.718096,1.44092,-0.418181,1.00533,-1.0495,-0.303657,-0.26393,-0.475611,0.587525,-0.241236,0.407292,1.4171,-0.0318686,1.25264,-1.80657,-0.724814,-0.31356,-0.462142
0.698,0.0981508,-0.121076,0.869787,-0.921105,-0.0617037,0.184225,0.385014,0.999188,-1.36397,-0.0983322,0.392619,1.99851,-0.718061,-0.479762,0.229849,-1.465,-0.369935,0.899193,0.95024,-0.455122,-1.71141,-0.50738,0.34985,0.443929,1.08808,0.368901,0.661539,1.06518,0.474587,-2.21957,-0.633998,-0.331327,-0.840467,-0.804498,-0.135067,-0.542987,-1.12162,0.978641,0.0960788,0.228429,-0.6587,1.57164,0.814922,0.835904,0.36721,-0.250524,0.299649,1.2377,1.31269,0.587333,-0.309576,-0.247683,-0.886673,-1.36003,-1.01465,-0.944594,0.388845,0.344367,0.0159324,-0.122558,-1.46499,0.457626,0.537108,0.0846244,-1.23515,-0.0723376,0.67455,1.01641,0.74815,-0.809643,0.303815,-0.90921,0.230007,0.258553,0.393175,-0.323896,0.101188,-0.135954,0.031636,0.19035,0.966558,0.873092,0.719541,1.46772,-0.406059,0.976186,-1.09622,-0.286468,-0.283395,-0.441414,0.601536,-0.281159,0.474875,1.46253,-0.0283669,1.28982,-1.79921,-0.747522,-0.309653,-0.436599
0.7,0.0619955,-0.0994031,0.869756,-0.865026,-0.121228,0.209287,0.339591,0.980769,-1.25572,-0.0935103,0.364153,1.95342,-0.759491,-0.539251,0.273842,-1.54802,-0.348824,0.809337,0.89604,-0.428839,-1.70629,-0.489522,0.410128,0.482999,1.16435,0.34465,0.622542,1.12497,0.487152,-2.2067,-0.696241,-0.335261,-0.826788,-0.817924,-0.156243,-0.474766,-1.08764,0.994883,0.100158,0.274991,-0.715806,1.56847,0.865845,0.858207,0.44371,-0.280981,0.311119,1.25473,1.40032,0.626972,-0.38607,-0.264384,-0.844889,-1.32801,-1.01535,-0.922756,0.364694,0.390989,0.0241202,-0.120978,-1.40884,0.466259,0.588971,0.0895229,-1.31495,-0.152345,0.653996,1.01239,0.735744,-0.80863,0.324376,-0.921297,0.197662,0.294745,0.380817,-0.370278,0.108506,-0.153861,-0.0524296,0.22218,0.961169,0.957965,0.768673,1.55314,-0.378086,0.909315,-1.12174,-0.234309,-0.291723,-0.429561,0.577825,-0.305698,0.433908,1.46819,-0.0738261,1.34284,-1.74271,-0.7305,-0.335998,-0.40095
0.702,0.0898819,-0.073814,0.896626,-0.920431,-0.124675,0.265619,0.316092,0.99896,-1.29533,-0.132644,0.439434,1.9491,-0.776857,-0.562399,0.272668,-1.57312,-0.370037,0.809827,0.979444,-0.406333,-1.78904,-0.449313,0.334839,0.506195,1.14283,0.413257,0.584135,1.09702,0.522361,-2.21842,-0.692707,-0.325991,-0.833445,-0.805892,-0.135128,-0.484382,-1.03265,0.962184,0.103703,0.298012,-0.799957,1.49234,0.882531,0.812537,0.397532,-0.252974,0.309115,1.1451,1.41754,0.635587,-0.37562,-0.188947,-0.793109,-1.3855,-0.992816,-0.892389,0.43018,0.383833,0.0206744,-0.112039,-1.29861,0.397449,0.558591,0.116136,-1.41106,-0.167858,0.65251,1.02857,0.790587,-0.834684,0.327126,-0.911485,0.223641,0.274382,0.313516,-0.305037,0.063266,-0.179399,0.0267586,0.223058,0.958508,1.00434,0.748077,1.47856,-0.407748,0.859615,-1.1119,-0.235956,-0.328984,-0.390864,0.560084,-0.234833,0.425202,1.49708,-0.0687187,1.32235,-1.71071,-0.756994,-0.319463,-0.413536
0.704,0.0671402,-0.0857681,0.869071,-1.00341,-0.0899438,0.170798,0.347335,0.9862,-1.24699,-0.11869,0.511793,1.96144,-0.773831,-0.583054,0.300375,-1.61506,-0.289973,0.871444,0.945798,-0.408008,-1.85304,-0.53778,0.329596,0.559618,1.19617,0.505876,0.558029,0.994154,0.538897,-2.22985,-0.637067,-0.412627,-0.818014,-0.811198,-0.171758,-0.441003,-1.07564,0.989769,0.104339,0.303768,-0.834432,1.59332,0.834696,0.826597,0.38429,-0.258782,0.303391,1.09677,1.53852,0.618698,-0.384908,-0.168284,-0.791833,-1.27989,-0.959658,-0.877056,0.42899,0.355716,0.102204,-0.0560128,-1.37175,0.323849,0.574482,0.141234,-1.38954,-0.109351,0.617678,1.10276,0.838748,-0.760417,0.27528,-0.942069,0.234774,0.237177,0.292604,-0.364701,0.172572,-0.12446,0.0602965,0.173002,1.01368,1.02476,0.694988,1.53983,-0.371456,0.831633,-1.11946,-0.267716,-0.248779,-0.326423,0.545899,-0.326695,0.422046,1.5345,0.0118058,1.39951,-1.75855,-0.73341,-0.350172,-0.332468
0.706,0.151348,-0.156584,0.852721,-0.967345,-0.0561105,0.236125,0.337209,1.00881,-1.18458,-0.146252,0.478333,2.01581,-0.775692,-0.589292,0.281095,-1.59119,-0.32545,0.848679,0.921472,-0.381835,-1.95213,-0.523149,0.365767,0.547219,1.20905,0.521648,0.684304,0.957243,0.461832,-2.29955,-0.562304,-0.391893,-0.773316,-0.849019,-0.222785,-0.455528,-1.11776,0.831058,0.169699,0.236932,-0.758483,1.57068,0.826337,0.796421,0.380335,-0.194017,0.335591,1.08858,1.59839,0.616965,-0.364506,-0.247451,-0.758241,-1.3319,-0.958114,-0.856198,0.423195,0.307503,0.0634674,-0.0837782,-1.41197,0.310019,0.55512,0.107926,-1.40201,-0.0367813,0.662932,1.09669,0.856802,-0.712607,0.264853,-0.861241,0.237312,0.205937,0.263529,-0.359351,0.256337,-0.10313,0.0455237,0.199573,1.04552,1.05284,0.587358,1.53158,-0.378946,0.796237,-1.09902,-0.291474,-0.282117,-0.38821,0.549951,-0.292494,0.410831,1.51769,-0.0654122,1.39159,-1.80992,-0.749062,-0.330382,-0.369096
0.708,0.187956,-0.206835,0.824745,-0.931482,-0.00169869,0.230256,0.332283,0.947153,-1.13987,-0.179778,0.494301,1.97449,-0.793395,-0.636841,0.308218,-1.61272,-0.358073,0.790305,0.868621,-0.481401,-1.97744,-0.545884,0.356297,0.584225,1.27484,0.479448,0.635146,0.926837,0.432004,-2.20024,-0.548035,-0.362039,-0.787884,-0.868433,-0.166286,-0.421174,-1.06282,0.811901,0.185466,0.234271,-0.768392,1.52435,0.851945,0.734219,0.308436,-0.244175,0.309974,1.09378,1.65474,0.636936,-0.387254,-0.196727,-0.722791,-1.31969,-0.972345,-0.778354,0.556385,0.26423,0.0489302,-0.125138,-1.41741,0.31244,0.583031,0.13039,-1.48451,-0.0362291,0.710965,1.04279,0.878351,-0.596109,0.269964,-0.853426,0.201994,0.290546,0.277377,-0.341987,0.238961,-0.0608328,0.0559548,0.22332,1.05466,1.05507,0.640371,1.56061,-0.311531,0.815217,-1.1082,-0.245174,-0.286457,-0.405508,0.562647,-0.304833,0.475423,1.52911,-0.0617408,1.4031,-1.81089,-0.733468,-0.286122,-0.309977
0.71,0.184803,-0.185647,0.829222,-1.02744,-0.105057,0.205524,0.308438,0.952412,-1.14597,-0.191478,0.464364,1.92671,-0.78442,-0.730218,0.282792,-1.6091,-0.309715,0.856103,0.851877,-0.457632,-1.95445,-0.584335,0.453324,0.662237,1.28001,0.417332,0.677118,0.965622,0.454389,-2.1791,-0.499322,-0.39996,-0.80337,-0.921089,-0.225967,-0.442544,-1.03076,0.842239,0.197057,0.255571,-0.779632,1.54079,0.829816,0.669501,0.329296,-0.285536,0.316994,1.07,1.64705,0.659815,-0.33166,-0.18295,-0.765135,-1.30394,-0.953867,-0.78039,0.581789,0.270748,0.0559311,-0.144976,-1.39971,0.291556,0.46448,0.148016,-1.59305,-0.0289628,0.665982,0.989408,0.821937,-0.547278,0.279721,-0.837732,0.20053,0.18708,0.256021,-0.345732,0.209458,-0.099312,0.118834,0.232928,1.08735,1.04731,0.633335,1.52171,-0.360242,0.864692,-1.08861,-0.273108,-0.341753,-0.371008,0.496148,-0.256919,0.536049,1.53678,-0.0567075,1.42672,-1.72324,-0.764742,-0.27961,-0.349824
0.712,0.146377,-0.152923,0.840439,-1.05558,-0.0822766,0.25743,0.290456,0.967075,-1.24698,-0.167748,0.531948,2.00558,-0.774238,-0.766144,0.326205,-1.58592,-0.262948,0.888867,0.857016,-0.446606,-1.96944,-0.631552,0.360678,0.734053,1.24655,0.419513,0.586843,0.981483,0.395397,-2.16236,-0.437508,-0.442471,-0.85495,-0.902503,-0.254176,-0.47461,-1.05732,0.860862,0.201015,0.301822,-0.775486,1.54714,0.834115,0.664576,0.307919,-0.277472,0.328661,0.98659,1.78924,0.714483,-0.231671,-0.205738,-0.756193,-1.38711,-0.882572,-0.763949,0.649331,0.331279,-0.022378,-0.0952429,-1.40644,0.366543,0.483483,0.16448,-1.60741,-0.0105062,0.551688,0.977604,0.799345,-0.531578,0.257199,-0.826557,0.252734,0.259294,0.312149,-0.375952,0.225268,-0.132405,0.142034,0.213044,1.14655,1.04454,0.621616,1.54063,-0.426415,0.87751,-1.11631,-0.320955,-0.42849,-0.34819,0.437442,-0.293559,0.404403,1.48756,-0.133833,1.46466,-1.76816,-0.769257,-0.190609,-0.39353
0.714,0.129804,-0.0994404,0.758272,-1.04736,-0.0273233,0.236697,0.232411,1.04459,-1.31379,-0.165624,0.531937,2.07494,-0.823884,-0.792739,0.331089,-1.55854,-0.22482,0.935442,0.882804,-0.431663,-2.04537,-0.628246,0.322724,0.686596,1.16476,0.346945,0.589232,0.983209,0.411957,-2.10796,-0.44266,-0.513891,-0.827985,-0.923264,-0.275364,-0.480078,-1.12071,0.872937,0.198512,0.310101,-0.799293,1.52066,0.858839,0.712393,0.363491,-0.246328,0.245965,1.00908,1.8614,0.701949,-0.260058,-0.200075,-0.861034,-1.4327,-0.879944,-0.802117,0.671819,0.320492,-0.0121132,-0.0984055,-1.45977,0.330445,0.472083,0.215404,-1.60227,-0.0427152,0.604594,0.967683,0.860151,-0.55495,0.30634,-0.809146,0.177354,0.239232,0.192639,-0.491853,0.243542,-0.102093,0.106589,0.278976,1.13001,0.990806,0.638511,1.47516,-0.449096,0.915444,-1.07954,-0.288986,-0.364367,-0.35427,0.491112,-0.264963,0.426748,1.53066,-0.128243,1.48108,-1.75782,-0.730563,-0.254167,-0.421622
0.716,0.138014,-0.00258725,0.738586,-1.02799,-0.0188418,0.260125,0.25753,1.03709,-1.34633,-0.229778,0.580379,2.18902,-0.836875,-0.781952,0.407866,-1.59236,-0.117661,0.94714,0.814862,-0.437414,-2.00151,-0.709401,0.35055,0.691803,1.14852,0.361023,0.658386,0.969876,0.343378,-2.11472,-0.358606,-0.534509,-0.770392,-0.859458,-0.258641,-0.436786,-1.08702,0.831731,0.164498,0.313412,-0.853978,1.5113,0.842836,0.710102,0.351982,-0.22326,0.217692,1.02281,1.7735,0.75061,-0.262035,-0.209676,-0.834395,-1.4452,-0.836212,-0.758209,0.662918,0.31668,-0.0395921,-0.0654432,-1.38868,0.371984,0.474522,0.267742,-1.62517,-0.0378657,0.521068,1.02807,0.821131,-0.574944,0.191066,-0.748312,0.155145,0.225705,0.145327,-0.483785,0.332615,-0.0512068,0.142975,0.230926,1.22181,0.976914,0.645908,1.41497,-0.462794,0.882305,-1.05577,-0.254997,-0.39549,-0.356344,0.473504,-0.293228,0.418363,1.55928,-0.0922683,1.49816,-1.65624,-0.816339,-0.281787,-0.424542
0.718,0.0912544,0.00704738,0.756073,-1.03156,-0.0263935,0.267039,0.259491,1.07492,-1.36013,-0.116452,0.595227,2.18881,-0.783924,-0.770171,0.361625,-1.61268,-0.107952,0.982244,0.779438,-0.512972,-1.9721,-0.647871,0.334648,0.69704,1.12943,0.30508,0.624417,0.908308,0.378386,-2.14174,-0.384948,-0.477772,-0.79427,-0.806266,-0.244037,-0.387762,-1.03199,0.855341,0.0815961,0.335253,-0.913475,1.48202,0.894376,0.674122,0.399295,-0.221644,0.131784,1.01002,1.77103,0.706133,-0.19229,-0.175676,-0.837029,-1.40363,-0.795617,-0.702819,0.670476,0.324557,-0.0138285,-0.0244875,-1.42346,0.387739,0.491267,0.319025,-1.6558,0.0725533,0.493018,1.0327,0.818699,-0.563638,0.170856,-0.719155,0.133101,0.264864,0.123714,-0.487269,0.33262,-0.0332641,0.125077,0.226227,1.15225,0.93044,0.618138,1.32916,-0.458123,0.846188,-1.0323,-0.317326,-0.398197,-0.355473,0.548421,-0.360186,0.434638,1.56982,-0.0410041,1.42573,-1.627,-0.739307,-0.346893,-0.409126
0.72,0.0917117,-0.0410459,0.705835,-1.04987,-0.0530827,0.220162,0.239087,1.02207,-1.3319,-0.0689312,0.62113,2.22376,-0.855438,-0.728882,0.42132,-1.65555,-0.148131,0.9897,0.732303,-0.532737,-2.00377,-0.743741,0.355582,0.623152,1.10974,0.372603,0.663869,0.803739,0.386116,-2.05787,-0.329311,-0.379441,-0.81186,-0.821868,-0.177832,-0.385606,-0.971059,0.849181,0.123232,0.377663,-0.870356,1.40385,0.989676,0.69042,0.401023,-0.156542,0.086979,1.07711,1.74088,0.737415,-0.151131,-0.0963572,-0.887837,-1.37914,-0.865213,-0.625403,0.602712,0.315792,-0.0724423,-0.0926558,-1.35332,0.455614,0.547187,0.263306,-1.71211,0.0581818,0.499687,1.04887,0.766576,-0.50823,0.234137,-0.71002,0.261746,0.218433,0.236615,-0.549509,0.281574,0.0675153,0.137641,0.253638,1.14867,1.0263,0.622804,1.37971,-0.459644,0.934995,-1.11367,-0.336267,-0.399621,-0.302903,0.562251,-0.330045,0.44023,1.58023,-0.0194694,1.41262,-1.58253,-0.74378,-0.415338,-0.456244
0.722,0.0829952,-0.0987561,0.678439,-1.05751,-0.119116,0.244535,0.301341,0.951424,-1.36769,-0.0638537,0.640711,2.19257,-0.799802,-0.850281,0.434561,-1.67065,-0.154037,1.00719,0.726963,-0.562701,-2.01307,-0.760382,0.40963,0.514751,1.08608,0.325592,0.616821,0.783721,0.404999,-2.07219,-0.320623,-0.369885,-0.770944,-0.898386,-0.16092,-0.352764,-0.966369,0.865028,0.0965951,0.338546,-0.916097,1.38357,0.977791,0.72072,0.424612,-0.15023,0.139875,1.09002,1.67924,0.671618,-0.213852,-0.0574969,-0.93996,-1.37327,-0.937668,-0.654152,0.557525,0.326445,-0.00736607,-0.142859,-1.38258,0.446243,0.555578,0.227777,-1.78137,0.0228648,0.483466,1.11598,0.693778,-0.50777,0.205148,-0.687931,0.184034,0.211063,0.281796,-0.53997,0.309069,0.0438911,0.111866,0.203513,1.2138,1.11127,0.598436,1.33399,-0.365497,0.944008,-1.11674,-0.343495,-0.384729,-0.326747,0.593701,-0.199572,0.408982,1.63396,-0.0856279,1.45195,-1.60688,-0.746892,-0.374813,-0.379497
0.724,0.109611,-0.111485,0.685529,-0.99921,-0.131528,0.235073,0.322493,0.945914,-1.29845,-0.106481,0.600735,2.16176,-0.775224,-0.85712,0.437592,-1.69817,-0.140088,0.994496,0.705497,-0.597631,-2.0791,-0.754947,0.350402,0.475015,1.08535,0.3067,0.653876,0.89001,0.41681,-2.07637,-0.389177,-0.366163,-0.781401,-0.872645,-0.149293,-0.368147,-0.977347,0.815763,0.179949,0.32298,-0.94693,1.48292,0.986613,0.690272,0.452016,-0.121739,0.130773,1.11746,1.66016,0.666923,-0.255226,0.00331326,-0.904084,-1.39336,-0.924461,-0.656284,0.468015,0.309371,-0.0379323,-0.141412,-1.41744,0.528461,0.560682,0.202986,-1.81761,0.00361276,0.419577,1.14327,0.695335,-0.527363,0.224236,-0.695932,0.230134,0.146572,0.356413,-0.503407,0.312872,-0.0164312,0.159267,0.219562,1.19698,1.07152,0.535091,1.30412,-0.366279,0.949563,-1.08994,-0.31873,-0.395112,-0.294032,0.582535,-0.12071,0.396487,1.60352,-0.10091,1.42483,-1.62333,-0.715471,-0.405463,-0.368794
0.726,0.0286811,-0.111744,0.711532,-1.08969,-0.117708,0.186326,0.378219,0.916099,-1.33456,-0.0749902,0.578406,2.18133,-0.864841,-0.853589,0.466735,-1.63864,-0.0961697,0.992084,0.752277,-0.589832,-2.12019,-0.731899,0.397097,0.43169,1.06628,0.287148,0.615811,0.925081,0.466816,-2.11527,-0.427387,-0.363345,-0.745627,-0.89807,-0.0965747,-0.410325,-1.0695,0.8387,0.232397,0.267341,-0.984125,1.57558,0.937093,0.741931,0.467735,-0.144296,0.123594,1.17616,1.69987,0.65935,-0.318318,0.0577122,-0.904345,-1.43162,-0.955712,-0.649971,0.43914,0.334107,-0.018396,-0.124278,-1.43332,0.567375,0.605467,0.152447,-1.7858,-0.0431055,0.438402,1.14688,0.69857,-0.50339,0.230531,-0.72116,0.226622,0.191547,0.358589,-0.567958,0.252703,-0.0611149,0.0927754,0.189457,1.2241,1.10038,0.498415,1.30497,-0.339075,0.871748,-1.02624,-0.272304,-0.327796,-0.280426,0.608816,-0.0620617,0.313493,1.59736,-0.0501602,1.48946,-1.59343,-0.690971,-0.412319,-0.350108
0.728,0.0713254,-0.0456138,0.654396,-1.08524,-0.151548,0.244161,0.414913,0.906344,-1.38475,-0.201735,0.582928,2.22878,-0.865953,-0.817767,0.508612,-1.62309,-0.0922551,0.999245,0.753392,-0.622208,-2.16449,-0.743938,0.392976,0.358145,1.02405,0.276425,0.540756,0.964796,0.383273,-2.06102,-0.429448,-0.367895,-0.743837,-0.940606,-0.137486,-0.35964,-1.03472,0.817254,0.2476,0.220195,-0.942468,1.53315,0.870889,0.67353,0.409239,-0.122567,0.128633,1.10588,1.73268,0.678448,-0.3527,0.145086,-0.801086,-1.44151,-1.02019,-0.674909,0.457541,0.32308,0.0141005,-0.111153,-1.30365,0.499658,0.619999,0.167285,-1.82146,-0.00275987,0.410157,1.1686,0.738902,-0.483723,0.220514,-0.718445,0.180489,0.216492,0.344897,-0.553141,0.189696,-0.131333,0.0171478,0.239252,1.26724,1.16541,0.522271,1.32356,-0.330356,0.827538,-0.987267,-0.342458,-0.360729,-0.268827,0.659185,-0.0344632,0.222319,1.6493,-0.0227323,1.53501,-1.59615,-0.679951,-0.423254,-0.418596
0.73,0.0804584,-0.0494041,0.539953,-1.02577,-0.16169,0.232483,0.4377,0.988283,-1.35696,-0.161042,0.502322,2.20475,-0.858571,-0.80404,0.444047,-1.59021,-0.157332,1.01142,0.799445,-0.581357,-2.1956,-0.806221,0.3681,0.392479,1.00467,0.282255,0.585851,1.00368,0.508932,-2.05746,-0.440225,-0.255989,-0.734119,-0.98251,-0.193726,-0.365639,-1.02252,0.848254,0.184723,0.234793,-0.984834,1.56775,0.885504,0.672988,0.479194,-0.0907807,0.136402,1.12992,1.7187,0.664919,-0.396396,0.283085,-0.745009,-1.42075,-1.01556,-0.57776,0.477496,0.327344,0.00666807,-0.240824,-1.34669,0.495231,0.586242,0.174223,-1.86921,0.00354824,0.34519,1.14005,0.800575,-0.48107,0.193525,-0.732598,0.210803,0.24012,0.31333,-0.540287,0.0628031,-0.0820449,-0.0110869,0.23386,1.2209,1.2185,0.588525,1.28317,-0.338465,0.845325,-0.977861,-0.302784,-0.286385,-0.306597,0.685071,-0.088366,0.217698,1.65235,0.0160626,1.54438,-1.61471,-0.622125,-0.386055,-0.312127
0.732,0.0949178,-0.0737845,0.59667,-1.03269,-0.114996,0.295115,0.435576,1.04684,-1.31625,-0.153498,0.511885,2.27891,-0.802028,-0.75678,0.470213,-1.58447,-0.14565,1.05341,0.830269,-0.547528,-2.1831,-0.88426,0.413433,0.360389,0.940106,0.321303,0.563623,1.00403,0.581481,-2.02708,-0.409317,-0.257441,-0.686511,-0.971791,-0.222901,-0.358414,-1.01056,0.930519,0.154162,0.176335,-0.99532,1.52554,0.898999,0.688927,0.404376,-0.0589713,0.143231,1.14326,1.79372,0.696207,-0.376137,0.22695,-0.793451,-1.397,-0.977422,-0.585963,0.493778,0.288258,-0.00498,-0.121578,-1.37531,0.475506,0.543853,0.169693,-1.87246,0.0199628,0.364299,1.05546,0.805119,-0.415962,0.258372,-0.746531,0.232326,0.208631,0.31101,-0.477439,0.0513087,-0.0923394,0.072846,0.238719,1.21973,1.16016,0.629075,1.26299,-0.352413,0.827847,-0.898125,-0.260186,-0.308982,-0.315748,0.730246,-0.0581286,0.220734,1.61039,-0.0568443,1.58401,-1.60693,-0.648538,-0.323334,-0.272845
0.734,0.0476411,-0.0883235,0.644619,-1.0228,-0.114064,0.250093,0.375085,1.11674,-1.36428,-0.0629301,0.519378,2.27212,-0.847631,-0.682789,0.462184,-1.51373,-0.124125,1.07189,0.821185,-0.544946,-2.15564,-0.916943,0.360969,0.374933,0.922919,0.343831,0.606054,1.04265,0.605984,-2.0004,-0.43304,-0.268517,-0.658014,-0.998722,-0.242925,-0.373821,-1.08118,0.880381,0.199005,0.16114,-1.03789,1.45869,0.942855,0.673742,0.420446,-0.0375761,0.158326,1.10234,1.77669,0.699471,-0.382192,0.268652,-0.805196,-1.30612,-0.89815,-0.651399,0.473269,0.341148,0.00392656,-0.104214,-1.3386,0.490839,0.46368,0.189614,-1.93574,0.00231024,0.418309,0.965347,0.844279,-0.432709,0.302487,-0.758569,0.222467,0.276434,0.314821,-0.494898,0.0192619,-0.115098,0.0780873,0.169558,1.23281,1.19704,0.580103,1.23593,-0.326248,0.92556,-0.89015,-0.211544,-0.310076,-0.34282,0.750187,-0.111655,0.239029,1.59505,-0.000257146,1.56326,-1.60858,-0.736817,-0.356975,-0.257024
0.736,0.085005,-0.0898626,0.597164,-0.942524,-0.0901964,0.248209,0.419462,1.14432,-1.41538,-0.0588939,0.570434,2.35352,-0.854034,-0.763734,0.434257,-1.5229,-0.113562,1.00044,0.857555,-0.520196,-2.13079,-0.939502,0.312465,0.330755,0.982047,0.370669,0.638735,0.993272,0.580514,-2.00669,-0.373055,-0.290929,-0.632159,-0.986295,-0.298638,-0.363649,-1.17512,0.874225,0.223285,0.18313,-1.01624,1.55969,0.9834,0.628933,0.431118,0.000423813,0.148788,1.11507,1.73624,0.732529,-0.393089,0.204177,-0.782507,-1.30206,-0.943916,-0.705325,0.564161,0.420849,0.146846,-0.146084,-1.31135,0.573574,0.434403,0.256219,-1.88172,0.0212115,0.410318,0.997926,0.834129,-0.488713,0.352922,-0.7572,0.277647,0.308407,0.375992,-0.476741,0.0300296,-0.11463,0.0342238,0.202168,1.21608,1.16536,0.57824,1.20454,-0.322555,0.946384,-0.931337,-0.112314,-0.259166,-0.400375,0.6922,-0.161446,0.242273,1.59272,0.00537875,1.56583,-1.65848,-0.77318,-0.405969,-0.165624
0.738,0.0954888,-0.119848,0.712062,-0.952815,-0.0355934,0.190855,0.450792,1.22612,-1.41013,-0.0538198,0.579732,2.36685,-0.87967,-0.777309,0.473126,-1.56534,-0.0385816,1.05786,0.798875,-0.485457,-2.0611,-0.957753,0.340823,0.272846,0.971771,0.431216,0.637734,1.0893,0.613919,-2.03252,-0.421633,-0.363162,-0.693796,-0.912379,-0.377666,-0.325856,-1.09567,0.911602,0.256038,0.153454,-1.00958,1.57401,0.902044,0.60998,0.412224,0.0364117,0.206588,1.12403,1.80032,0.724194,-0.407066,0.192505,-0.854669,-1.27533,-0.95796,-0.820561,0.533634,0.427386,0.131019,-0.123573,-1.318,0.569934,0.485728,0.211844,-1.93034,0.0298243,0.412941,0.993926,0.793609,-0.450044,0.35793,-0.794777,0.145382,0.315424,0.441032,-0.531699,0.0613391,-0.0298358,0.0175549,0.151352,1.24903,1.11729,0.662112,1.25438,-0.331423,0.976946,-0.976146,-0.0690173,-0.267133,-0.371836,0.732482,-0.129862,0.217937,1.67177,-0.0333358,1.53305,-1.64785,-0.795682,-0.375092,-0.150938
0.74,0.0819876,-0.127654,0.748902,-0.916228,0.0416259,0.12988,0.403655,1.21369,-1.423,-0.110685,0.573504,2.42598,-0.839515,-0.732992,0.430234,-1.57593,-0.0445616,1.07312,0.755452,-0.463137,-2.12023,-0.903362,0.317553,0.38339,1.01465,0.378356,0.640977,1.18244,0.597111,-2.06159,-0.415761,-0.310608,-0.644979,-0.905269,-0.498253,-0.340943,-1.07972,0.927329,0.268456,0.0722842,-1.05774,1.60627,0.941206,0.662882,0.42736,-0.00820011,0.165155,1.14537,1.82685,0.748166,-0.443179,0.200962,-0.848874,-1.2202,-0.959379,-0.725574,0.551382,0.429402,0.199876,-0.198353,-1.30457,0.582057,0.483572,0.209451,-1.86838,-0.0431659,0.377937,0.985259,0.803586,-0.326179,0.400192,-0.750853,0.07801,0.375749,0.408589,-0.607501,0.0192451,0.00924673,-0.00707312,0.148472,1.27077,1.126,0.644623,1.22232,-0.333325,1.01295,-0.935114,-0.0219201,-0.262432,-0.386743,0.688272,-0.232809,0.195931,1.68208,-0.0133318,1.44306,-1.64053,-0.757204,-0.366863,-0.0761941
0.742,0.0728548,-0.160928,0.798632,-0.931173,-0.0268726,0.101569,0.363223,1.14656,-1.51183,-0.122688,0.640719,2.41598,-0.849417,-0.713188,0.445262,-1.5344,0.0215181,1.02602,0.748539,-0.419625,-2.09397,-0.901394,0.266606,0.329764,1.05071,0.401125,0.617021,1.21992,0.59876,-2.01119,-0.400399,-0.328506,-0.701642,-0.833635,-0.409091,-0.400454,-0.993511,0.926624,0.270677,0.0865491,-0.972603,1.57816,1.04693,0.632839,0.392211,-0.00761823,0.196728,1.10804,1.83869,0.749874,-0.501196,0.25389,-0.809763,-1.2428,-1.00385,-0.734576,0.539925,0.346388,0.148044,-0.344134,-1.30441,0.526407,0.484885,0.164786,-1.9713,0.0500113,0.327945,0.957184,0.743536,-0.349143,0.333718,-0.703056,0.0673203,0.413438,0.457804,-0.625629,-0.0177354,0.0172568,-0.0727317,0.151248,1.26988,1.11127,0.635155,1.11504,-0.355503,0.959522,-0.900008,0.0612484,-0.230271,-0.357106,0.738294,-0.199879,0.125308,1.71242,-0.0417074,1.50633,-1.62153,-0.749488,-0.31229,-0.138701
0.744,-0.0650914,-0.148517,0.815087,-0.967791,-0.0130568,0.0878399,0.38602,1.18729,-1.51951,-0.175246,0.698564,2.42961,-0.924697,-0.753131,0.452217,-1.49182,0.0412653,0.953022,0.737779,-0.41049,-2.01074,-0.820517,0.245147,0.230084,0.992244,0.325977,0.555909,1.17178,0.596798,-1.91693,-0.347034,-0.316342,-0.668425,-0.824734,-0.389939,-0.396815,-1.04884,0.931072,0.23401,0.104724,-0.972478,1.56772,1.03225,0.614873,0.42801,0.0164107,0.195965,1.1256,1.77225,0.735623,-0.444324,0.239752,-0.875167,-1.25044,-0.973837,-0.716594,0.589112,0.314398,0.171973,-0.31331,-1.27679,0.53093,0.520116,0.0950759,-1.95322,0.00792088,0.352253,0.998572,0.690086,-0.415437,0.381236,-0.671326,0.0522761,0.438024,0.59119,-0.589797,-0.0543229,-0.0435889,-0.0394564,0.196832,1.1855,1.06492,0.667698,1.12991,-0.386647,1.00937,-0.960047,0.0549153,-0.195493,-0.40131,0.779961,-0.219072,0.134642,1.68689,-0.0718172,1.49108,-1.56747,-0.770651,-0.258331,-0.139979
0.746,-0.0863297,-0.132748,0.863668,-0.943491,0.0154623,0.023621,0.373205,1.17461,-1.52159,-0.131225,0.691835,2.4405,-0.933497,-0.795868,0.429912,-1.53957,-0.0552763,0.993881,0.801431,-0.399665,-2.03869,-0.687871,0.245104,0.242226,1.11369,0.296325,0.572074,1.15517,0.567753,-1.81887,-0.281167,-0.305384,-0.700401,-0.875209,-0.317582,-0.362541,-0.97993,0.965216,0.271909,0.0668969,-0.947391,1.5416,1.06143,0.591583,0.448709,0.0141001,0.233888,1.13575,1.82534,0.753632,-0.468624,0.130101,-0.864924,-1.27427,-0.958083,-0.713914,0.600558,0.302379,0.124645,-0.342901,-1.19006,0.573009,0.583918,0.122525,-1.98746,0.0258827,0.323692,0.946783,0.68953,-0.441819,0.378219,-0.63912,0.00820365,0.380038,0.557791,-0.641807,-0.0702556,-0.113578,-0.0352869,0.213148,1.16911,1.0543,0.609951,1.09439,-0.392134,1.04262,-1.01573,0.0660006,-0.260563,-0.479488,0.784249,-0.278839,0.187573,1.72198,-0.1143,1.4526,-1.58299,-0.874283,-0.26119,-0.114796
0.748,-0.0742836,-0.0758089,0.930742,-0.962297,0.0158633,0.00492477,0.334046,1.1185,-1.50511,-0.119464,0.635462,2.46269,-0.937925,-0.747707,0.410361,-1.48376,-0.0828119,0.996207,0.880402,-0.283899,-2.04844,-0.755275,0.307435,0.26455,1.08667,0.246176,0.531867,1.14591,0.493012,-1.8423,-0.326579,-0.27809,-0.684016,-0.906477,-0.314239,-0.40072,-0.956944,0.981454,0.349155,0.156036,-0.948282,1.58174,1.08526,0.489249,0.482802,-0.0456011,0.212832,1.07869,1.78594,0.752035,-0.401817,0.140862,-0.75239,-1.32111,-0.923565,-0.69108,0.606553,0.322329,0.137862,-0.384955,-1.14151,0.573923,0.575551,0.142876,-2.02353,0.0445506,0.343172,0.944943,0.654682,-0.477881,0.339059,-0.606435,0.0957949,0.339256,0.578666,-0.646077,-0.0190697,-0.101227,-0.067582,0.142554,1.1564,1.14589,0.630289,1.09379,-0.405904,1.05923,-1.00143,0.0539644,-0.334107,-0.463142,0.801682,-0.276094,0.157488,1.67732,-0.0615034,1.43714,-1.54385,-0.896473,-0.244727,-0.144187
0.75,-0.0937587,-0.0975236,0.987825,-0.96087,-0.0218021,-0.0264611,0.323973,1.1564,-1.45166,-0.117764,0.681583,2.49905,-0.954675,-0.773355,0.393849,-1.46892,-0.0486249,0.908317,0.859194,-0.292566,-2.09311,-0.757481,0.286541,0.345794,1.07895,0.206653,0.571864,1.13773,0.422053,-1.84996,-0.352615,-0.254899,-0.68536,-0.845675,-0.373906,-0.379765,-0.955076,0.965249,0.317611,0.0560887,-0.947929,1.6308,1.14288,0.371012,0.446273,0.044894,0.197084,0.957783,1.78409,0.791221,-0.390701,0.12001,-0.76442,-1.29298,-0.911493,-0.701809,0.617878,0.340313,0.156233,-0.454982,-1.13682,0.57452,0.570612,0.118954,-1.98209,0.111952,0.303473,0.963404,0.649988,-0.523945,0.371257,-0.582978,0.0891766,0.351842,0.582333,-0.6319,-0.0416603,-0.0583176,-0.0389835,0.143101,1.20634,1.20028,0.687083,1.00314,-0.371277,1.10125,-1.02718,0.0701142,-0.382942,-0.462289,0.760956,-0.293633,0.205061,1.72664,-0.101195,1.40678,-1.56363,-0.976845,-0.275785,-0.130275
0.752,-0.105584,-0.0911976,0.954559,-0.819401,0.0187831,-0.089808,0.251922,1.21076,-1.4626,-0.134746,0.639287,2.5246,-0.933324,-0.824828,0.394353,-1.46625,-0.00295075,0.894447,0.837575,-0.288576,-2.08879,-0.754696,0.293893,0.309182,1.05978,0.215014,0.543248,1.10227,0.396326,-1.79792,-0.384917,-0.313428,-0.667132,-0.83744,-0.422193,-0.267989,-0.832344,1.01948,0.243227,0.0686022,-0.913312,1.6703,1.11419,0.384138,0.415617,0.0521497,0.162501,0.912772,1.75768,0.786122,-0.373379,0.116948,-0.713661,-1.31059,-0.895385,-0.74627,0.562311,0.3309,0.0967886,-0.479997,-1.09757,0.548026,0.543345,0.0727935,-1.99854,0.120387,0.279558,0.973808,0.643086,-0.636517,0.405963,-0.59311,0.130854,0.402753,0.623505,-0.579586,0.00257036,-0.0276391,-0.0327748,0.0942233,1.0902,1.1966,0.68162,1.00265,-0.347845,1.16833,-1.05512,0.160938,-0.326407,-0.530981,0.739881,-0.256719,0.234949,1.76317,-0.125098,1.44715,-1.57028,-0.954463,-0.29429,-0.0533302
0.754,-0.134003,-0.0961236,0.909572,-0.851367,0.0857975,-0.14193,0.282139,1.22889,-1.44794,-0.185598,0.587572,2.55792,-0.930743,-0.799805,0.488145,-1.53874,0.0124906,0.933616,0.806709,-0.370284,-2.05592,-0.73757,0.249465,0.309615,1.06412,0.251517,0.600775,1.07157,0.363836,-1.79496,-0.39307,-0.255717,-0.659268,-0.863475,-0.360491,-0.315176,-0.822634,1.05979,0.268722,0.127497,-0.869443,1.65123,1.20157,0.4274,0.469411,0.0832144,0.0900588,0.977506,1.73918,0.848451,-0.399889,0.137533,-0.715611,-1.24098,-0.884304,-0.685271,0.537331,0.334136,0.0666359,-0.450208,-1.1969,0.521464,0.49096,0.0881355,-1.99107,0.0643743,0.308451,0.976956,0.68423,-0.644802,0.39965,-0.540884,0.123725,0.432987,0.706568,-0.538943,0.00742962,-0.0675028,-0.0386234,0.127379,1.14126,1.16961,0.640163,1.04268,-0.325804,1.21771,-1.05003,0.212628,-0.341539,-0.538573,0.741271,-0.249638,0.227234,1.7566,-0.164449,1.45442,-1.60291,-1.02307,-0.29321,-0.122679
0.756,-0.145589,-0.0463737,0.870478,-0.847466,0.113999,-0.0722116,0.342717,1.2379,-1.47675,-0.137718,0.549558,2.62844,-0.974194,-0.828355,0.514864,-1.53799,0.068591,1.00695,0.814572,-0.407595,-1.99603,-0.837227,0.223797,0.392407,1.05465,0.192746,0.563089,1.10213,0.428608,-1.80503,-0.452075,-0.256974,-0.618494,-0.911993,-0.393073,-0.384593,-0.802716,0.952298,0.275479,0.207501,-0.797868,1.65156,1.26213,0.401608,0.445242,0.11206,0.122248,0.983371,1.76333,0.79503,-0.434086,0.145495,-0.708622,-1.26502,-0.823262,-0.678772,0.592229,0.346673,0.140182,-0.420161,-1.17787,0.500521,0.420069,0.0793344,-1.98439,0.132501,0.295813,0.960623,0.647573,-0.694714,0.432433,-0.50627,0.0913705,0.462662,0.712467,-0.584176,-0.0282367,-0.083568,0.057571,0.0867031,1.15982,1.21317,0.611653,1.05445,-0.358295,1.21016,-1.01036,0.209403,-0.33268,-0.572624,0.772681,-0.24663,0.23174,1.81368,-0.187793,1.47462,-1.60911,-1.06259,-0.302213,-0.178833
0.758,-0.151476,0.00183522,0.924961,-0.85232,0.0954742,-0.035218,0.37008,1.16495,-1.49751,-0.296173,0.570323,2.64497,-1.06764,-0.814103,0.501416,-1.55681,0.0419466,1.07099,0.696889,-0.470231,-2.01896,-0.898464,0.139979,0.389643,1.13174,0.194272,0.523346,1.09726,0.484952,-1.79088,-0.453495,-0.260839,-0.639001,-0.912601,-0.402259,-0.354321,-0.752926,0.907958,0.20578,0.171025,-0.812744,1.55584,1.15749,0.381926,0.502817,0.143106,0.071174,0.982724,1.74849,0.765244,-0.431478,0.110699,-0.740293,-1.26232,-0.833152,-0.659963,0.60443,0.3781,0.221354,-0.405259,-1.19891,0.51137,0.438339,0.087379,-1.96889,0.0306015,0.26501,0.98683,0.607499,-0.803114,0.515167,-0.584524,0.0445738,0.422899,0.705661,-0.539763,-0.0668443,-0.112439,0.118235,0.0657801,1.10714,1.23336,0.709617,1.03239,-0.260519,1.12363,-1.04071,0.201565,-0.276685,-0.469975,0.763098,-0.265054,0.278551,1.77427,-0.236966,1.56519,-1.6344,-1.07372,-0.320785,-0.114508
0.76,-0.139868,0.000384495,0.885357,-0.826402,0.0920222,-0.0120957,0.381772,1.09616,-1.45362,-0.226299,0.556342,2.63463,-1.11155,-0.754768,0.581135,-1.63032,0.0895878,1.09923,0.671323,-0.480688,-2.06757,-0.890597,0.152474,0.378639,1.06131,0.170787,0.479934,1.07143,0.410941,-1.7764,-0.54202,-0.297031,-0.6635,-0.908114,-0.413547,-0.34513,-0.741271,0.820626,0.115581,0.145831,-0.830409,1.56863,1.14919,0.414282,0.523696,0.142211,0.0128928,0.944612,1.69001,0.7285,-0.35966,0.140973,-0.737943,-1.27786,-0.856446,-0.643868,0.544901,0.306748,0.200885,-0.497519,-1.1804,0.440439,0.39123,0.0836131,-1.89698,0.0341135,0.238488,0.987323,0.572269,-0.793493,0.494987,-0.585505,0.095074,0.405141,0.743103,-0.556092,0.0303997,-0.148236,0.114248,0.0798574,1.11861,1.27244,0.68355,1.07115,-0.193581,1.09775,-1.08005,0.164005,-0.246693,-0.514902,0.76782,-0.28122,0.336122,1.79953,-0.249032,1.60912,-1.6184,-1.07955,-0.30383,-0.100045
0.762,-0.217458,-0.0114716,0.853272,-0.780544,0.0177912,-0.00213873,0.309414,1.15955,-1.46951,-0.276035,0.54512,2.65845,-1.05219,-0.752229,0.630641,-1.68173,0.0812779,1.07491,0.636601,-0.555666,-2.05281,-0.935858,0.0890339,0.417944,1.1479,0.138005,0.509145,0.996038,0.361132,-1.81812,-0.548693,-0.282312,-0.654962,-0.950007,-0.405499,-0.324296,-0.652725,0.912936,0.121698,0.145229,-0.804196,1.48396,1.04771,0.403912,0.507922,0.148299,-0.0149857,0.912658,1.64155,0.706718,-0.38768,0.154096,-0.678346,-1.28517,-0.839231,-0.670308,0.483342,0.360376,0.223112,-0.521875,-1.25145,0.442563,0.319334,0.10407,-1.90593,0.117362,0.213289,0.987723,0.660455,-0.714563,0.419885,-0.58227,0.000998145,0.472382,0.78149,-0.503914,0.0348516,-0.151858,0.0741821,0.0840495,1.16904,1.26272,0.739666,1.07842,-0.209519,1.17254,-1.09214,0.154015,-0.213788,-0.459359,0.861519,-0.297127,0.308716,1.83017,-0.269325,1.63613,-1.62411,-1.0285,-0.295663,-0.0812467
0.764,-0.226813,0.0155544,0.828544,-0.810978,0.0257693,-0.00463968,0.282952,1.18797,-1.45234,-0.313497,0.5689,2.6763,-1.04807,-0.832405,0.681884,-1.65265,0.0962301,1.10332,0.705656,-0.486431,-2.11458,-0.838201,0.136469,0.394534,1.17146,0.142138,0.45063,1.00335,0.3135,-1.94352,-0.579218,-0.269025,-0.70894,-0.942038,-0.450524,-0.353585,-0.631652,0.95137,0.125713,0.072398,-0.765335,1.4929,1.08417,0.45168,0.592739,0.107969,-0.0521932,0.872894,1.66434,0.70806,-0.362638,0.125174,-0.640591,-1.29621,-0.822824,-0.603387,0.456413,0.397149,0.222079,-0.513787,-1.22778,0.494621,0.372907,0.109688,-1.91285,0.0758342,0.214408,0.940834,0.594126,-0.706798,0.466653,-0.633074,-0.0201421,0.502399,0.792912,-0.484022,0.01755,-0.0914688,0.116711,0.104764,1.20428,1.27518,0.737968,1.085,-0.165461,1.21568,-1.10369,0.172427,-0.230292,-0.413359,0.83742,-0.274681,0.196932,1.86389,-0.308688,1.5778,-1.66681,-1.00274,-0.325605,-0.0873246
0.766,-0.277586,0.092519,0.845358,-0.826214,0.00197591,-0.0118231,0.186087,1.23788,-1.41506,-0.251749,0.556586,2.55284,-1.05689,-0.817198,0.608694,-1.7564,0.0668783,1.07385,0.676981,-0.427475,-2.1874,-0.78964,0.149612,0.336668,1.29004,0.0923515,0.440957,0.996694,0.261916,-1.92668,-0.640371,-0.26036,-0.667701,-0.896929,-0.450588,-0.398076,-0.644069,0.965065,0.097389,0.0242565,-0.685218,1.51005,1.04545,0.535039,0.575163,0.135923,-0.0330954,0.871856,1.63849,0.731095,-0.381335,0.152435,-0.694266,-1.23041,-0.798101,-0.527498,0.437805,0.38639,0.240127,-0.491608,-1.21614,0.494535,0.391032,0.123479,-1.85589,0.0362159,0.199635,1.00139,0.574239,-0.797796,0.411365,-0.59852,-0.00520576,0.463352,0.917238,-0.408069,-0.0274831,-0.128705,0.131691,0.100878,1.12586,1.28915,0.79275,1.12804,-0.102987,1.25117,-1.08826,0.174425,-0.289667,-0.433526,0.858401,-0.345756,0.219419,1.83751,-0.327434,1.54745,-1.67038,-0.958755,-0.280519,-0.0614273
0.768,-0.295018,0.0715516,0.895565,-0.80531,-0.00534401,-0.0243516,0.168921,1.24773,-1.43654,-0.261737,0.55987,2.54019,-1.03405,-0.766576,0.702685,-1.75966,0.0898999,1.08443,0.647843,-0.456786,-2.16761,-0.694358,0.152229,0.31412,1.33259,0.153555,0.433495,0.998444,0.219282,-1.9793,-0.595701,-0.232232,-0.728158,-0.904553,-0.483597,-0.452678,-0.681563,0.966653,0.176548,0.0202163,-0.597777,1.45572,1.07186,0.555788,0.539353,0.0844957,-0.0272592,0.980345,1.69937,0.699349,-0.421789,0.0834541,-0.695337,-1.17891,-0.827668,-0.546938,0.411458,0.357438,0.226736,-0.467046,-1.22915,0.492435,0.432196,0.0603874,-1.88096,0.0610364,0.155534,1.02012,0.598555,-0.770582,0.372793,-0.580479,-0.042223,0.533838,0.981686,-0.399866,-0.0945466,-0.107216,0.199633,0.0910974,1.11037,1.31982,0.793441,1.1683,-0.0675754,1.23741,-1.12231,0.232496,-0.322809,-0.453254,0.827853,-0.423068,0.246879,1.8169,-0.282903,1.62082,-1.59022,-0.930459,-0.307328,-0.0967781
0.77,-0.29158,0.106316,0.83256,-0.819814,-0.0178277,-0.00531795,0.216326,1.29798,-1.40266,-0.266674,0.564495,2.51968,-1.09359,-0.773247,0.672017,-1.76918,0.0518681,1.063,0.616682,-0.404241,-2.20989,-0.658069,0.192074,0.307233,1.37648,0.143199,0.462011,1.02455,0.240573,-2.06571,-0.574459,-0.275472,-0.69349,-0.836733,-0.475342,-0.488408,-0.686352,0.957533,0.181596,-0.0599029,-0.578162,1.42486,1.11034,0.50069,0.55263,0.0224586,-0.0476476,0.922402,1.69325,0.713473,-0.536917,0.0212931,-0.727564,-1.20724,-0.901897,-0.543084,0.392185,0.40728,0.251125,-0.471541,-1.27816,0.516765,0.370996,0.0851573,-1.90025,0.106512,0.193546,0.972508,0.545888,-0.772952,0.363462,-0.574952,-0.019808,0.547662,0.990517,-0.382421,-0.158652,-0.0863349,0.138608,0.187803,1.10136,1.26032,0.818254,1.17731,-0.125081,1.17083,-1.15588,0.22152,-0.246108,-0.553611,0.835055,-0.261021,0.27756,1.74765,-0.292997,1.57955,-1.60763,-0.971268,-0.318767,-0.135296
0.772,-0.25572,0.109228,0.820343,-0.817421,-0.082697,-0.0564728,0.260095,1.27608,-1.39445,-0.281064,0.489611,2.50414,-1.05308,-0.762404,0.720869,-1.76185,0.0712667,1.06397,0.495805,-0.461129,-2.16754,-0.674068,0.226657,0.404364,1.39964,0.14898,0.431471,1.05377,0.244417,-2.07775,-0.542628,-0.273504,-0.662378,-0.832649,-0.49068,-0.499795,-0.734404,1.0294,0.141877,0.0193854,-0.54396,1.44639,1.1196,0.475034,0.531995,0.0152229,0.0117899,0.980374,1.70689,0.689873,-0.512989,0.100743,-0.750321,-1.2185,-0.947127,-0.559678,0.350198,0.309763,0.255497,-0.462218,-1.30042,0.559045,0.289145,0.0814005,-1.9227,0.0975041,0.189533,0.912649,0.603392,-0.733977,0.264354,-0.583118,-0.0744539,0.530216,1.01399,-0.46762,-0.171106,-0.124076,0.139707,0.18549,1.03333,1.36858,0.788235,1.13293,-0.084086,1.19577,-1.19774,0.262529,-0.255651,-0.546737,0.895471,-0.264845,0.290013,1.77516,-0.234027,1.58027,-1.60417,-1.09003,-0.356274,-0.187472
0.774,-0.26014,0.132121,0.799021,-0.868459,-0.0304065,-0.0897638,0.254536,1.33068,-1.43736,-0.213739,0.596978,2.47395,-1.00736,-0.720181,0.716518,-1.81138,0.043819,1.03546,0.531883,-0.438568,-2.16567,-0.733209,0.215596,0.356746,1.40172,0.111632,0.408303,1.04331,0.265665,-2.16824,-0.549264,-0.246423,-0.582685,-0.843284,-0.479233,-0.404606,-0.702623,0.98061,0.18881,0.0278252,-0.492407,1.43249,1.09696,0.493368,0.451533,-0.012793,0.0417287,1.02944,1.75294,0.609695,-0.464165,0.0704703,-0.711354,-1.28274,-0.994657,-0.471816,0.344967,0.259056,0.223859,-0.394233,-1.32957,0.618803,0.348436,0.0870786,-1.8628,0.17657,0.16553,0.912146,0.620182,-0.709212,0.263783,-0.623908,-0.076491,0.51042,0.99571,-0.49615,-0.226299,-0.178828,0.209678,0.211733,0.941569,1.31051,0.846333,1.19248,-0.0996791,1.14332,-1.1346,0.245683,-0.299385,-0.621214,0.941302,-0.340865,0.283866,1.80095,-0.265829,1.52365,-1.60036,-1.08876,-0.35053,-0.161899
0.776,-0.220627,0.185779,0.780334,-0.763421,-0.0586527,-0.196983,0.231936,1.26072,-1.50251,-0.195965,0.553454,2.49322,-1.05742,-0.630074,0.694834,-1.80018,0.0231037,1.06348,0.540397,-0.464012,-2.16523,-0.774163,0.19966,0.379172,1.38718,0.229778,0.428457,1.0186,0.291136,-2.23465,-0.502636,-0.266286,-0.585349,-0.833019,-0.467402,-0.506931,-0.701734,0.898087,0.183943,0.045027,-0.527012,1.46544,1.08615,0.454842,0.470747,-0.0219388,0.00111435,0.991611,1.73429,0.752714,-0.472069,0.0765428,-0.674054,-1.25453,-0.941222,-0.49204,0.229981,0.297596,0.268833,-0.40324,-1.37068,0.580266,0.387207,0.156853,-1.7717,0.186332,0.175505,0.854579,0.669495,-0.706454,0.243898,-0.679421,-0.0770135,0.495995,1.02608,-0.533377,-0.291757,-0.163099,0.216521,0.211251,0.940146,1.33562,0.872084,1.16972,-0.0193498,1.17428,-1.1299,0.31083,-0.322878,-0.595092,0.946207,-0.321082,0.295635,1.7996,-0.172599,1.54262,-1.58186,-1.02734,-0.274354,-0.135401
0.778,-0.266308,0.180747,0.82635,-0.80968,-0.0668026,-0.168814,0.184996,1.30472,-1.48759,-0.22477,0.545969,2.52069,-1.06251,-0.652081,0.683231,-1.80219,-0.00611707,1.07073,0.491552,-0.414692,-2.13273,-0.754603,0.228577,0.36363,1.34801,0.252767,0.380875,0.963497,0.325261,-2.18947,-0.468702,-0.241352,-0.586456,-0.880942,-0.481009,-0.464944,-0.712219,0.937344,0.154028,-0.0127912,-0.583758,1.43387,1.09214,0.450437,0.435023,-0.11046,0.0155198,0.931115,1.71958,0.652021,-0.415025,0.125113,-0.626686,-1.31506,-0.95002,-0.490271,0.264444,0.271421,0.285247,-0.386765,-1.32986,0.614889,0.398718,0.114415,-1.72866,0.219743,0.188735,0.927621,0.637363,-0.60616,0.298333,-0.689156,-0.0504881,0.450482,1.03652,-0.518104,-0.268177,-0.186261,0.168085,0.172401,0.908795,1.37134,0.808651,1.19506,-0.0085658,1.12392,-1.20404,0.238788,-0.380339,-0.58196,0.912237,-0.282301,0.279456,1.86615,-0.0732437,1.47683,-1.56315,-1.09833,-0.257002,-0.0960503
0.78,-0.263183,0.199235,0.794335,-0.813529,-0.0854076,-0.0872753,0.180877,1.30579,-1.50814,-0.270754,0.513486,2.55027,-1.06646,-0.564065,0.791772,-1.75786,-0.0259649,0.978186,0.506946,-0.359347,-2.13487,-0.731665,0.149489,0.406608,1.37615,0.228906,0.37886,0.921351,0.390978,-2.10266,-0.471769,-0.278074,-0.585427,-0.886278,-0.579392,-0.521897,-0.708304,0.878804,0.196249,0.05606,-0.658083,1.47948,1.07425,0.461098,0.46899,-0.100589,0.0231132,0.95317,1.71619,0.64756,-0.365345,0.154096,-0.602735,-1.37156,-0.909384,-0.490291,0.382708,0.322377,0.24921,-0.359564,-1.31677,0.713886,0.383526,0.1588,-1.7214,0.222063,0.187613,1.02779,0.575688,-0.499833,0.266764,-0.687582,-0.022169,0.479508,1.00022,-0.543404,-0.250842,-0.187519,0.198386,0.274985,0.888407,1.38766,0.860981,1.19695,0.0673384,1.19121,-1.24385,0.27733,-0.385185,-0.587975,0.920214,-0.31168,0.265978,1.89265,-0.0665869,1.50713,-1.57987,-1.10339,-0.217614,-0.049609
0.782,-0.29025,0.141898,0.910039,-0.777419,-0.132177,-0.0445622,0.171602,1.40367,-1.47809,-0.266747,0.533753,2.49667,-0.994186,-0.595872,0.809384,-1.81074,-0.033419,0.989365,0.514127,-0.378029,-2.15683,-0.75923,0.097358,0.42007,1.31447,0.242368,0.333545,0.925125,0.478429,-2.1223,-0.46411,-0.220573,-0.618704,-0.891074,-0.544593,-0.60601,-0.705765,0.944628,0.0918054,0.143456,-0.721532,1.45942,1.11583,0.519606,0.488423,-0.0896074,0.0655656,0.922152,1.69994,0.543192,-0.412399,0.147445,-0.52462,-1.35997,-0.868819,-0.526078,0.336359,0.222954,0.25585,-0.413688,-1.32204,0.667883,0.376266,0.194766,-1.75939,0.182059,0.234799,1.05712,0.555115,-0.494377,0.235671,-0.665219,-0.113443,0.34141,1.00214,-0.603376,-0.280921,-0.144481,0.167855,0.282565,0.943478,1.37206,0.802767,1.18633,0.136136,1.18057,-1.24182,0.323881,-0.456772,-0.592409,0.863342,-0.347489,0.355167,1.86837,-0.0574757,1.43134,-1.54858,-1.14182,-0.235741,-0.0401952
0.784,-0.27802,0.169873,0.834114,-0.813872,-0.21556,-0.0542887,0.139726,1.37035,-1.39432,-0.264691,0.514605,2.47503,-1.05153,-0.531561,0.915338,-1.83258,-0.0540531,0.91754,0.562275,-0.392634,-2.13203,-0.777321,0.053576,0.38907,1.27484,0.165699,0.381122,0.830726,0.553287,-2.11898,-0.417192,-0.222802,-0.570736,-0.898856,-0.448779,-0.621225,-0.680631,0.874986,0.141149,0.147465,-0.711548,1.49512,1.1717,0.500417,0.500468,-0.0320615,0.0399536,0.894832,1.78461,0.46715,-0.406782,0.185003,-0.520122,-1.39401,-0.913382,-0.546033,0.331412,0.25462,0.274762,-0.323736,-1.29626,0.601398,0.409831,0.256852,-1.75237,0.199035,0.217762,1.06191,0.538295,-0.496429,0.239294,-0.647802,-0.0601886,0.271728,0.990832,-0.608848,-0.35028,-0.154395,0.162724,0.32363,0.97821,1.41548,0.790003,1.19427,0.0689417,1.10287,-1.279,0.293684,-0.418313,-0.553003,0.951527,-0.348274,0.341032,1.80405,-0.0657623,1.40946,-1.52752,-1.11804,-0.190274,-0.0552555
0.786,-0.309336,0.192444,0.857906,-0.774522,-0.201311,-0.108502,0.217709,1.33961,-1.44915,-0.314746,0.551392,2.45016,-1.06624,-0.504662,0.890717,-1.83416,-0.125464,0.886735,0.545008,-0.410094,-2.07551,-0.785492,0.015175,0.302284,1.28717,0.141485,0.351346,0.843679,0.473457,-2.15379,-0.39239,-0.235582,-0.602812,-0.88966,-0.381102,-0.637587,-0.610934,0.865901,0.167451,0.215077,-0.715659,1.51977,1.19124,0.545799,0.499914,-0.101111,0.107009,0.884912,1.79281,0.450685,-0.478122,0.232696,-0.503855,-1.40656,-0.835825,-0.601441,0.306634,0.236134,0.306832,-0.30976,-1.22991,0.589305,0.355437,0.201859,-1.77537,0.227736,0.246807,1.04375,0.585771,-0.49452,0.26079,-0.622346,-0.0518032,0.299925,0.960765,-0.705154,-0.381268,-0.21169,0.165513,0.301535,0.960467,1.35719,0.792655,1.19651,0.0278854,1.07839,-1.31106,0.326316,-0.353137,-0.648413,0.937495,-0.367135,0.341101,1.83397,-0.0336436,1.39497,-1.54819,-1.0872,-0.155862,0.0164416
0.788,-0.261692,0.200284,0.81946,-0.768146,-0.198809,-0.133254,0.286086,1.38133,-1.40913,-0.395067,0.577388,2.50016,-1.06659,-0.474236,0.850238,-1.89649,-0.124444,0.929817,0.515897,-0.423219,-2.08912,-0.782363,-0.0403276,0.35459,1.31387,0.136719,0.411919,0.83413,0.39517,-2.23242,-0.364567,-0.212119,-0.634135,-0.880903,-0.383776,-0.653264,-0.56763,0.871545,0.131988,0.252165,-0.798268,1.53514,1.12635,0.570421,0.508339,-0.0500736,0.0784558,0.939044,1.79552,0.422719,-0.534252,0.245614,-0.536397,-1.44907,-0.765301,-0.572801,0.267883,0.197506,0.251857,-0.306693,-1.24337,0.588347,0.337627,0.131555,-1.80355,0.295513,0.273895,1.01947,0.56961,-0.494632,0.338284,-0.592506,-0.0875335,0.270522,1.05696,-0.654299,-0.363757,-0.161334,0.156834,0.316513,0.947045,1.39007,0.870446,1.20637,0.138709,1.07597,-1.30983,0.295122,-0.424579,-0.624228,0.973153,-0.403452,0.302228,1.75987,-0.0105317,1.4173,-1.49991,-1.15807,-0.12991,-0.0117243
0.79,-0.221438,0.217557,0.822946,-0.860692,-0.224749,-0.16575,0.30309,1.36751,-1.42867,-0.420566,0.532235,2.5122,-0.994966,-0.507211,0.818453,-1.89174,-0.152503,0.887189,0.454935,-0.441034,-2.06243,-0.815164,-0.0127449,0.297648,1.30674,0.0134024,0.380371,0.82583,0.356622,-2.21865,-0.343637,-0.307681,-0.643254,-0.82653,-0.380905,-0.553582,-0.614125,0.807435,0.098661,0.274007,-0.843006,1.5079,1.13076,0.599858,0.503545,-0.0324557,0.119353,0.908666,1.83701,0.365874,-0.533479,0.223988,-0.508351,-1.4742,-0.838012,-0.606429,0.259496,0.248177,0.221988,-0.318938,-1.29336,0.57292,0.308823,0.0920307,-1.8254,0.323,0.262112,1.01573,0.640247,-0.47941,0.286455,-0.57317,-0.128099,0.32143,1.16119,-0.717537,-0.388356,-0.1428,0.225508,0.282097,0.949839,1.34719,0.843136,1.27325,0.0662454,1.17114,-1.34057,0.319881,-0.46886,-0.678657,1.02837,-0.461494,0.257534,1.71621,-0.0575127,1.40492,-1.45982,-1.1951,-0.13674,-0.0381181
0.792,-0.257499,0.24311,0.785703,-0.802342,-0.210304,-0.206475,0.365594,1.44501,-1.43887,-0.460077,0.579491,2.51663,-0.992063,-0.55098,0.827416,-1.85658,-0.0714126,0.973911,0.46182,-0.489446,-2.13191,-0.839235,0.0570959,0.345882,1.36678,0.066543,0.331791,0.770722,0.291001,-2.25922,-0.379602,-0.311782,-0.647598,-0.803098,-0.412719,-0.514862,-0.574604,0.806173,0.0210586,0.322857,-0.800474,1.55194,1.15575,0.594993,0.534825,-0.0382708,0.118175,0.95611,1.80238,0.35178,-0.557343,0.261777,-0.498158,-1.45589,-0.776306,-0.561201,0.239578,0.208975,0.223101,-0.313779,-1.30776,0.562655,0.298345,0.0634214,-1.8031,0.280761,0.319394,1.0135,0.5794,-0.467579,0.290633,-0.570935,-0.147899,0.319243,1.17905,-0.749224,-0.394024,-0.0974703,0.197196,0.351074,0.965498,1.34598,0.851684,1.27543,0.0607024,1.15878,-1.31939,0.32392,-0.42888,-0.656806,0.971043,-0.471379,0.275159,1.69753,-0.0486196,1.46461,-1.48644,-1.15464,-0.109147,-0.0744686
0.794,-0.180559,0.272301,0.821779,-0.791053,-0.178583,-0.261878,0.352605,1.47661,-1.36667,-0.504195,0.538228,2.51989,-0.959744,-0.571926,0.807317,-1.8098,-0.0397674,0.970656,0.488832,-0.487438,-2.13996,-0.814688,0.0458987,0.310792,1.34673,0.112051,0.373569,0.841742,0.264206,-2.27744,-0.362111,-0.370585,-0.704568,-0.787027,-0.377354,-0.596032,-0.599518,0.779541,0.0682626,0.320356,-0.77009,1.58024,1.1703,0.571136,0.51515,0.0239455,0.155746,0.99743,1.72613,0.39295,-0.628701,0.269476,-0.527281,-1.4724,-0.803353,-0.558707,0.199822,0.211919,0.216652,-0.324514,-1.3064,0.579965,0.299115,0.0829747,-1.82608,0.269027,0.384453,0.984026,0.608409,-0.396211,0.243798,-0.60525,-0.0727123,0.339407,1.1623,-0.717352,-0.385007,-0.0669596,0.158839,0.332372,1.0372,1.38296,0.914248,1.26718,0.0417489,1.17145,-1.3622,0.389448,-0.456207,-0.6631,0.842114,-0.546198,0.291594,1.67135,-0.0542953,1.5038,-1.38385,-1.15782,-0.187445,-0.0950689
0.796,-0.0977229,0.290484,0.865243,-0.863945,-0.172486,-0.320194,0.313822,1.56264,-1.37296,-0.512025,0.518632,2.53932,-0.914923,-0.636614,0.79761,-1.82211,-0.104347,0.907937,0.505608,-0.370892,-2.14361,-0.872895,-0.00558501,0.353678,1.41436,0.0491552,0.437116,0.856964,0.242157,-2.16908,-0.418978,-0.348515,-0.721462,-0.818682,-0.347728,-0.617516,-0.632102,0.813388,0.074515,0.305582,-0.791341,1.55557,1.25607,0.482799,0.48762,-0.0135234,0.145082,0.97839,1.70729,0.362494,-0.584818,0.317442,-0.455452,-1.5218,-0.795051,-0.569316,0.124859,0.17904,0.247295,-0.320919,-1.26803,0.526396,0.358889,0.140207,-1.77946,0.279904,0.376616,0.966482,0.615188,-0.44318,0.267999,-0.619997,-0.0837146,0.343515,1.22074,-0.675667,-0.397397,-0.0634338,0.265495,0.319274,1.05567,1.41418,0.93084,1.27702,0.0032394,1.16088,-1.40451,0.391658,-0.438898,-0.684217,0.832696,-0.555941,0.281797,1.6601,0.0215964,1.48791,-1.41817,-1.14435,-0.235655,-0.0521282
0.798,-0.13529,0.295863,0.825612,-0.870807,-0.19957,-0.327126,0.219579,1.60593,-1.30874,-0.484113,0.518771,2.47987,-0.903401,-0.681209,0.819795,-1.85141,-0.134509,0.861205,0.496358,-0.344583,-2.21034,-0.826234,-0.0128619,0.42369,1.36477,0.0754203,0.390075,0.893619,0.182169,-2.21139,-0.419883,-0.359103,-0.763763,-0.744893,-0.362976,-0.539022,-0.599096,0.894332,0.0227753,0.385527,-0.754608,1.61317,1.24118,0.427852,0.513096,-0.0564461,0.113069,0.986302,1.7111,0.35526,-0.574375,0.291472,-0.462582,-1.59151,-0.816559,-0.560269,0.197003,0.0814613,0.218129,-0.307209,-1.24635,0.543631,0.387292,0.116021,-1.79201,0.252867,0.347946,0.978362,0.588992,-0.39803,0.255275,-0.637295,-0.0418407,0.368461,1.19164,-0.713806,-0.43911,-0.0680544,0.168504,0.359665,1.07606,1.38267,0.974891,1.22374,-0.0298881,1.19084,-1.36668,0.394079,-0.490924,-0.707206,0.849118,-0.530765,0.252726,1.73303,0.0228647,1.45255,-1.42906,-1.08686,-0.129663,-0.0757456
0.8,-0.112481,0.336673,0.888615,-0.916296,-0.135709,-0.276276,0.189586,1.546,-1.28275,-0.487143,0.439363,2.41902,-0.829674,-0.708035,0.833936,-1.79835,-0.149009,0.806185,0.507979,-0.251874,-2.22894,-0.781811,0.0360547,0.45012,1.35863,0.100013,0.353073,0.854692,0.192097,-2.21332,-0.353764,-0.302602,-0.791592,-0.843815,-0.433411,-0.602669,-0.59292,0.818536,0.0114788,0.330284,-0.794533,1.60543,1.21928,0.450492,0.543016,-0.0742445,0.134534,1.03823,1.7212,0.339703,-0.518956,0.359057,-0.496951,-1.63276,-0.731186,-0.556117,0.154773,0.0620526,0.221402,-0.340688,-1.19298,0.525247,0.399969,0.0952506,-1.85662,0.288905,0.39567,0.994909,0.629666,-0.480176,0.221617,-0.596658,-0.0206565,0.414309,1.16885,-0.763222,-0.437704,-0.0354351,0.110305,0.399494,1.0816,1.35337,1.02675,1.20469,-0.0615354,1.12457,-1.32169,0.390448,-0.470486,-0.669801,0.885849,-0.564857,0.287654,1.68464,0.0368966,1.45398,-1.45147,-1.00091,-0.118776,-0.168793
0.802,-0.148514,0.289544,0.874896,-0.896824,-0.172515,-0.240537,0.168929,1.56492,-1.32069,-0.543712,0.527007,2.38849,-0.847379,-0.697646,0.910759,-1.79413,-0.185041,0.809723,0.513605,-0.247054,-2.12921,-0.72532,0.0678667,0.496828,1.35934,0.0985363,0.43682,0.896782,0.145342,-2.24138,-0.348916,-0.374866,-0.82468,-0.776995,-0.413897,-0.628448,-0.645622,0.803538,0.0152149,0.376899,-0.870478,1.60215,1.28996,0.377675,0.504479,-0.0322804,0.208577,1.05112,1.72751,0.343794,-0.539628,0.392059,-0.518815,-1.63761,-0.726275,-0.596712,0.123385,0.0532866,0.309512,-0.358342,-1.11797,0.568006,0.307698,0.198207,-1.81906,0.321219,0.414565,1.05151,0.652886,-0.545824,0.243212,-0.548918,-0.00992258,0.377471,1.14639,-0.80275,-0.386817,-0.00964569,0.137227,0.381935,1.06414,1.3702,1.06214,1.17578,-0.0363059,1.17271,-1.32962,0.327404,-0.474278,-0.618293,0.82209,-0.641225,0.226481,1.70343,-0.00593549,1.49253,-1.41171,-1.06211,-0.132253,-0.172588
0.804,-0.153677,0.273041,0.875524,-0.919281,-0.131774,-0.223261,0.13867,1.57642,-1.24276,-0.597878,0.520809,2.34077,-0.803227,-0.682154,0.948962,-1.76487,-0.217015,0.780031,0.497503,-0.234968,-2.0956,-0.713095,0.196825,0.490658,1.30964,0.045302,0.475849,0.938146,0.181666,-2.3161,-0.332842,-0.409886,-0.819745,-0.774458,-0.494542,-0.628485,-0.64807,0.868557,-0.0295416,0.39582,-0.860486,1.70258,1.38108,0.349538,0.488305,-0.099509,0.168189,1.06328,1.69066,0.349279,-0.544533,0.417241,-0.530537,-1.592,-0.760535,-0.555194,0.153512,0.0271538,0.378667,-0.325737,-1.17744,0.554218,0.235414,0.224992,-1.78605,0.300513,0.416849,1.14514,0.590849,-0.485323,0.264892,-0.541673,-0.0139343,0.385636,1.17081,-0.745287,-0.388777,0.0284665,0.167926,0.38247,1.0459,1.39463,1.12302,1.22597,0.00112422,1.19433,-1.37434,0.327954,-0.475523,-0.700881,0.819684,-0.568768,0.210887,1.77114,0.0118116,1.43649,-1.4113,-1.08394,-0.198865,-0.141594
0.806,-0.116481,0.332505,0.854153,-0.919135,-0.0659007,-0.230971,0.0952111,1.54544,-1.28505,-0.559301,0.580368,2.35059,-0.787198,-0.638254,0.915471,-1.74341,-0.229615,0.805482,0.405565,-0.232042,-2.1528,-0.702547,0.186609,0.514275,1.30697,0.160829,0.446992,0.975939,0.0919312,-2.28748,-0.387401,-0.439702,-0.850279,-0.819386,-0.572089,-0.606011,-0.625056,0.859268,-0.036882,0.418152,-0.894228,1.69728,1.38147,0.384957,0.471188,-0.047517,0.134294,1.03804,1.73716,0.397785,-0.565409,0.430266,-0.484552,-1.52396,-0.616283,-0.557416,0.147049,0.0733807,0.36454,-0.29448,-1.14531,0.519847,0.188401,0.196016,-1.74562,0.22663,0.45525,1.08757,0.566007,-0.493512,0.221903,-0.540501,0.0795216,0.404248,1.08564,-0.721512,-0.382216,0.120282,0.139022,0.355353,1.07224,1.30305,1.04774,1.28261,0.0274144,1.25615,-1.39003,0.365575,-0.434971,-0.776679,0.856174,-0.521082,0.112057,1.78902,-0.00577268,1.37205,-1.43653,-1.14622,-0.216424,-0.160014
0.808,-0.0652452,0.379575,0.87767,-0.930837,-0.121444,-0.243388,0.16098,1.55869,-1.25268,-0.555506,0.575304,2.33938,-0.789344,-0.678167,0.982079,-1.73373,-0.159672,0.794398,0.362362,-0.241728,-2.11744,-0.689193,0.142009,0.564297,1.30216,0.201644,0.436845,1.00389,0.180584,-2.15976,-0.390485,-0.433977,-0.853393,-0.789385,-0.612173,-0.618406,-0.634773,0.938684,0.0224667,0.372608,-0.9116,1.71389,1.36368,0.422504,0.395087,-0.0048382,0.132105,0.919655,1.76755,0.347148,-0.515249,0.451491,-0.526598,-1.54283,-0.601869,-0.580237,0.161561,0.128546,0.264608,-0.275547,-1.17816,0.486618,0.179055,0.215998,-1.68302,0.242042,0.475204,1.06934,0.488629,-0.50409,0.202313,-0.461337,0.0772197,0.390945,1.1265,-0.680421,-0.402452,0.139209,0.107658,0.360642,1.0666,1.27758,1.10761,1.20397,0.0694498,1.1934,-1.36293,0.425184,-0.394363,-0.786105,0.763985,-0.510528,0.0980906,1.87746,-0.0242177,1.42801,-1.47449,-1.08632,-0.256518,-0.183786
0.81,-0.0181376,0.397908,0.915881,-0.921745,-0.0953491,-0.29244,0.156926,1.57063,-1.29072,-0.556723,0.553028,2.27457,-0.764692,-0.720203,1.01184,-1.78558,-0.171944,0.843688,0.371501,-0.21258,-2.08715,-0.637899,0.0923919,0.571002,1.27956,0.272253,0.503203,0.946007,0.134135,-2.15535,-0.403143,-0.454874,-0.863659,-0.861882,-0.591276,-0.580741,-0.699233,0.989789,0.0535436,0.338914,-0.916124,1.67104,1.23139,0.44245,0.409104,-0.0116651,0.116623,0.853588,1.79044,0.341406,-0.528878,0.500232,-0.534927,-1.57456,-0.702316,-0.555765,0.0964172,0.192795,0.217053,-0.273653,-1.15448,0.558619,0.162292,0.207838,-1.72842,0.261124,0.435925,1.1126,0.570313,-0.470896,0.132033,-0.512873,0.120839,0.365557,1.10781,-0.676009,-0.400617,0.216071,0.0862245,0.307638,0.995866,1.23444,1.09607,1.2024,0.0860041,1.21344,-1.37046,0.433691,-0.38936,-0.815187,0.754049,-0.503408,0.156289,1.91698,-0.00646593,1.39199,-1.47853,-1.00344,-0.27564,-0.219437
0.812,-0.0136007,0.44298,0.870049,-0.968073,-0.0519012,-0.330636,0.191794,1.44291,-1.35459,-0.601391,0.590897,2.31075,-0.783374,-0.75705,1.01004,-1.79912,-0.170706,0.826114,0.345442,-0.226435,-1.99237,-0.608121,0.0834506,0.54183,1.20361,0.175718,0.444233,1.02171,0.0961805,-2.14078,-0.429293,-0.425871,-0.913111,-0.844428,-0.552798,-0.633911,-0.775627,0.970167,-0.0379794,0.335083,-0.949055,1.66443,1.24616,0.439258,0.412222,0.0349277,0.107468,0.82565,1.77181,0.352584,-0.536982,0.458289,-0.584726,-1.5028,-0.734203,-0.5736,0.0839078,0.191982,0.203269,-0.263425,-1.11748,0.565575,0.210472,0.201817,-1.80462,0.225547,0.429431,1.14316,0.563842,-0.499846,0.0834769,-0.583315,0.0492256,0.405062,1.14506,-0.767073,-0.357748,0.222417,0.131318,0.317092,1.06506,1.23532,1.03026,1.21491,0.181506,1.20012,-1.35254,0.438449,-0.322744,-0.813072,0.809914,-0.508666,0.241046,1.83062,0.0307268,1.38117,-1.44929,-1.01701,-0.226453,-0.284903
0.814,-0.0228092,0.47781,0.930133,-0.958841,-0.0776154,-0.40635,0.203,1.30897,-1.38191,-0.570147,0.625839,2.24534,-0.806517,-0.734551,1.00081,-1.81147,-0.200541,0.793761,0.314639,-0.28297,-2.00054,-0.624889,0.0670097,0.562535,1.13739,0.115431,0.368943,0.992581,0.0732047,-2.13149,-0.455245,-0.471215,-0.933744,-0.861482,-0.581484,-0.691793,-0.73803,1.02124,-0.0543414,0.329239,-0.933448,1.65792,1.24304,0.386938,0.406786,0.00724121,0.0615094,0.899814,1.70602,0.301577,-0.477381,0.46333,-0.651409,-1.5235,-0.729911,-0.550265,0.107123,0.17772,0.160827,-0.264782,-1.21721,0.567487,0.210541,0.184702,-1.84418,0.160272,0.44464,1.15566,0.546398,-0.457845,0.123068,-0.560933,-0.0582748,0.397629,1.1318,-0.78791,-0.359928,0.131414,0.0976699,0.227633,0.993731,1.20154,1.00232,1.18172,0.174884,1.15355,-1.32623,0.450731,-0.343649,-0.820217,0.777783,-0.4949,0.322111,1.85033,-0.0670094,1.31366,-1.47795,-0.985024,-0.179,-0.28455
0.816,-0.0621348,0.528409,0.945086,-0.969204,-0.0872602,-0.429574,0.135551,1.29764,-1.36903,-0.530021,0.742316,2.29636,-0.79128,-0.803935,0.915728,-1.82708,-0.226886,0.796697,0.317431,-0.301737,-1.93163,-0.652507,0.0999407,0.587698,1.17609,0.151934,0.361278,0.970781,0.12131,-2.14345,-0.443355,-0.455127,-0.922276,-0.821492,-0.565198,-0.70515,-0.774913,0.999385,-0.0341375,0.323243,-0.963866,1.68819,1.27638,0.41785,0.347912,-0.0397501,0.105901,0.834069,1.68763,0.349538,-0.447385,0.517485,-0.610466,-1.46247,-0.734024,-0.494028,0.0767867,0.185877,0.114261,-0.243783,-1.20661,0.503053,0.222914,0.162281,-1.83581,0.210091,0.40911,1.16939,0.500633,-0.427573,0.134213,-0.610406,-0.0530261,0.442791,1.19519,-0.821898,-0.249585,0.199868,0.010405,0.230343,1.00165,1.16098,1.01767,1.0891,0.177441,1.16232,-1.35407,0.451974,-0.252986,-0.832173,0.626334,-0.476901,0.277317,1.9934,-0.0230701,1.26544,-1.57894,-0.961752,-0.147951,-0.314295
0.818,-0.0361945,0.529745,1.03828,-0.98281,-0.0789154,-0.40342,0.197192,1.33848,-1.34675,-0.588566,0.760642,2.33122,-0.79105,-0.78493,0.889658,-1.8368,-0.22417,0.803405,0.335132,-0.242964,-1.97878,-0.712197,0.0814589,0.563271,1.12329,0.146188,0.420402,1.06742,0.113867,-2.15849,-0.412632,-0.489337,-0.97646,-0.839195,-0.608327,-0.642996,-0.778994,0.958744,0.045551,0.33244,-0.934862,1.61513,1.29608,0.423965,0.346112,0.0120025,0.0401588,0.821054,1.68706,0.311287,-0.40277,0.519086,-0.575355,-1.37126,-0.761741,-0.44924,0.0514006,0.130383,0.115714,-0.292525,-1.14188,0.443154,0.208898,0.158854,-1.79191,0.296466,0.46564,1.21399,0.486306,-0.388705,0.212299,-0.616048,-0.0598314,0.467697,1.2597,-0.748549,-0.263012,0.163171,-0.0201175,0.182258,1.00211,1.13348,1.07646,1.08162,0.177273,1.12346,-1.36809,0.357846,-0.287392,-0.842494,0.596679,-0.43098,0.311838,1.97379,0.0080561,1.34476,-1.61007,-0.963846,-0.137856,-0.371194
0.82,-0.0215996,0.536278,1.10321,-0.955932,-0.0537378,-0.364558,0.251846,1.36084,-1.33335,-0.59229,0.810528,2.32105,-0.849757,-0.826522,0.827765,-1.90945,-0.315397,0.831406,0.356214,-0.286235,-1.98243,-0.64421,0.115567,0.573797,1.09739,0.138144,0.376241,1.06051,0.0892677,-2.21767,-0.383697,-0.404829,-0.918164,-0.797666,-0.547076,-0.630473,-0.82955,1.0121,0.041413,0.393129,-0.94753,1.66814,1.35137,0.51977,0.358862,0.0505158,0.0756972,0.871736,1.66052,0.23749,-0.409491,0.480456,-0.545292,-1.39567,-0.690489,-0.455866,0.0252431,0.157806,0.130739,-0.265556,-1.18909,0.444269,0.222093,0.136143,-1.69931,0.302265,0.369928,1.17747,0.425961,-0.364949,0.150487,-0.635629,-0.0944864,0.45922,1.22516,-0.773843,-0.271461,0.174286,-0.127195,0.210848,0.967105,1.18116,1.0725,1.05928,0.207821,1.0979,-1.36309,0.346298,-0.302728,-0.932524,0.616287,-0.417807,0.330344,1.93288,0.0255206,1.355,-1.6545,-0.887811,-0.190875,-0.382071
0.822,0.0215074,0.599564,1.09786,-0.90287,0.019354,-0.370241,0.218898,1.38329,-1.28044,-0.596955,0.831267,2.38459,-0.871566,-0.802623,0.825389,-1.92982,-0.216775,0.800862,0.359961,-0.271252,-1.94895,-0.634076,0.0794013,0.630069,1.17512,0.180393,0.365006,1.00492,0.0669516,-2.26162,-0.370032,-0.448015,-0.97321,-0.821636,-0.519577,-0.66579,-0.821118,1.02578,0.0683081,0.409047,-0.99039,1.6646,1.31924,0.471948,0.300798,0.0278512,0.0411211,0.8729,1.55252,0.225283,-0.397483,0.483024,-0.485572,-1.46088,-0.748251,-0.438538,0.118143,0.259122,0.141176,-0.301516,-1.21975,0.381288,0.29584,0.196361,-1.65904,0.279924,0.414097,1.22955,0.459117,-0.341999,0.131141,-0.632014,-0.0925883,0.403242,1.20411,-0.757512,-0.293489,0.185641,-0.0864124,0.129072,0.968963,1.13616,1.10515,1.00566,0.189858,1.05064,-1.38128,0.372022,-0.333378,-0.97716,0.601208,-0.450715,0.273042,1.91475,-0.0527347,1.29327,-1.60139,-0.803704,-0.170883,-0.389707
0.824,0.0721828,0.604486,1.12509,-0.888432,-0.066506,-0.396181,0.207126,1.35005,-1.28837,-0.647624,0.772211,2.35129,-0.972065,-0.792848,0.823726,-1.93607,-0.19633,0.844587,0.367899,-0.315268,-1.88893,-0.624851,0.100253,0.728427,1.20255,0.23219,0.260569,1.08195,0.0891474,-2.26214,-0.416796,-0.442687,-0.976431,-0.818338,-0.601415,-0.605291,-0.761051,0.989,0.0762544,0.418905,-1.03042,1.65726,1.33648,0.47774,0.291808,0.0223877,-0.00661922,0.8701,1.49236,0.225339,-0.437823,0.523998,-0.532361,-1.53302,-0.807619,-0.351712,0.147166,0.241803,0.148549,-0.261753,-1.25432,0.424502,0.267794,0.135705,-1.64385,0.226147,0.43243,1.30005,0.500901,-0.344777,0.104023,-0.573924,-0.154621,0.392334,1.21726,-0.745232,-0.276135,0.221091,-0.10968,0.14438,1.02718,1.20067,1.07716,0.979171,0.217728,1.04953,-1.42704,0.353286,-0.301577,-0.9742,0.727593,-0.445265,0.202266,1.96657,0.00118763,1.26922,-1.63167,-0.819855,-0.17069,-0.448555
0.826,0.101937,0.513914,1.07291,-0.944112,-0.104607,-0.429903,0.210805,1.35863,-1.3185,-0.611624,0.850296,2.35878,-0.880704,-0.828492,0.858696,-1.88086,-0.188348,0.812981,0.351068,-0.357621,-1.91741,-0.560512,0.0639289,0.711032,1.17294,0.231958,0.214269,0.998494,0.157142,-2.29825,-0.462815,-0.465617,-0.997857,-0.877308,-0.571527,-0.605302,-0.798002,0.957959,-0.00785453,0.440541,-1.05293,1.68108,1.3449,0.46741,0.274568,0.0543827,-0.00833282,0.907746,1.49813,0.256397,-0.400189,0.530067,-0.565064,-1.50043,-0.833621,-0.337001,0.197547,0.25102,0.152804,-0.28638,-1.24603,0.398805,0.35477,0.156209,-1.66723,0.203633,0.404261,1.24118,0.494703,-0.257948,0.152674,-0.525994,-0.14833,0.299525,1.16529,-0.734616,-0.356289,0.207644,0.0177031,0.146653,0.943435,1.16615,1.13915,0.967712,0.205747,1.0552,-1.49735,0.332642,-0.30099,-0.959707,0.707189,-0.450312,0.253108,2.02025,-0.0205138,1.3397,-1.62156,-0.796565,-0.196231,-0.432348
0.828,0.0122739,0.491261,1.0938,-0.989978,-0.159484,-0.470096,0.161936,1.3645,-1.3025,-0.585011,0.848117,2.34337,-0.910425,-0.760705,0.752211,-1.95381,-0.195763,0.811382,0.435804,-0.407197,-1.91773,-0.595519,0.0201923,0.704678,1.13504,0.300053,0.264045,0.964412,0.194637,-2.28451,-0.43166,-0.398166,-0.984142,-0.899529,-0.492226,-0.598286,-0.890361,0.823765,0.00684357,0.450504,-1.05098,1.64349,1.27494,0.488038,0.275503,0.0517072,0.0225896,0.95196,1.55802,0.187306,-0.394228,0.581412,-0.512006,-1.55987,-0.833937,-0.419265,0.278869,0.274611,0.108623,-0.240361,-1.28385,0.423932,0.397822,0.110136,-1.64922,0.176807,0.435234,1.15025,0.554966,-0.300055,0.1778,-0.501205,-0.0895948,0.272923,1.12486,-0.710833,-0.335771,0.214861,0.0161191,0.222843,0.835654,1.17505,1.08074,0.907178,0.296491,1.0288,-1.54802,0.356697,-0.290758,-0.913934,0.7094,-0.343741,0.190973,2.00314,-0.0157246,1.30807,-1.61489,-0.825509,-0.179886,-0.394979
0.83,-0.0206035,0.428694,1.16186,-0.978767,-0.0902317,-0.421553,0.173578,1.38565,-1.26017,-0.624276,0.919609,2.33833,-0.815629,-0.814616,0.771063,-1.97344,-0.254817,0.776914,0.459393,-0.364846,-1.96097,-0.610476,0.0367387,0.702793,1.10077,0.30444,0.301057,0.962927,0.144302,-2.23816,-0.486262,-0.426589,-0.956198,-0.880271,-0.516293,-0.590437,-0.919522,0.90968,0.0497295,0.479775,-1.06567,1.68567,1.22892,0.453876,0.190892,0.154722,-0.0437115,0.885882,1.4682,0.138335,-0.393043,0.607511,-0.51881,-1.54428,-0.928656,-0.397783,0.349199,0.271013,0.133758,-0.18903,-1.28568,0.313096,0.373361,0.0685666,-1.62063,0.229507,0.419642,1.21603,0.553278,-0.311339,0.16125,-0.550916,-0.0918502,0.290201,1.16632,-0.640225,-0.28672,0.217646,0.0579294,0.219977,0.848794,1.21303,1.08846,0.907742,0.317838,1.02098,-1.53363,0.361296,-0.344279,-0.893099,0.728961,-0.310948,0.205847,2.02932,0.0132119,1.37105,-1.71662,-0.841647,-0.21533,-0.333781
0.832,-0.0677634,0.375177,1.19461,-0.934836,-0.146142,-0.506982,0.150795,1.40611,-1.31016,-0.619312,0.937281,2.34832,-0.839456,-0.874865,0.785017,-1.95335,-0.276763,0.742248,0.407402,-0.319242,-1.98406,-0.587277,0.0692027,0.684106,1.0907,0.27815,0.30145,1.00828,0.102928,-2.31587,-0.515403,-0.407532,-1.00383,-0.889139,-0.458578,-0.588112,-0.967606,0.993636,0.143873,0.494076,-1.05067,1.62148,1.23513,0.403857,0.217153,0.122725,-0.0919072,0.827913,1.47442,0.156303,-0.30177,0.628406,-0.50475,-1.51305,-0.897562,-0.29902,0.389061,0.313958,0.124466,-0.162005,-1.25399,0.31714,0.332013,0.027224,-1.61535,0.285336,0.393818,1.13366,0.583255,-0.304593,0.116133,-0.502104,-0.072832,0.33102,1.1317,-0.616444,-0.323459,0.333232,0.00116174,0.172568,0.871483,1.20074,1.06914,0.914293,0.230771,1.05708,-1.53358,0.395928,-0.247148,-0.929044,0.704889,-0.264924,0.150498,1.94214,0.0911129,1.45423,-1.7705,-0.858919,-0.13814,-0.279989
0.834,-0.0914925,0.409692,1.23753,-0.941355,-0.0306499,-0.473324,0.171973,1.44668,-1.35896,-0.570904,0.931852,2.3396,-0.853462,-0.826028,0.744192,-1.88721,-0.258336,0.80834,0.3415,-0.374382,-1.97995,-0.690303,0.0504661,0.646288,1.0489,0.369343,0.288321,1.04754,0.128652,-2.29045,-0.523384,-0.459607,-0.983278,-0.858017,-0.580816,-0.55342,-0.907728,0.978502,0.115703,0.444145,-1.07919,1.68171,1.29278,0.403909,0.263843,0.123999,-0.0698096,0.859221,1.50687,0.202624,-0.257388,0.645342,-0.478953,-1.54036,-0.860264,-0.248539,0.389918,0.262038,0.0977411,-0.187907,-1.28781,0.280667,0.362411,0.0514432,-1.54611,0.309967,0.470253,1.13863,0.526311,-0.227567,0.112603,-0.470537,-0.0705679,0.320491,1.05851,-0.602979,-0.289268,0.299288,-0.0816197,0.181667,0.807805,1.12535,0.990231,0.960451,0.226269,1.0636,-1.57841,0.440626,-0.186298,-0.864045,0.666458,-0.287292,0.147852,1.97499,0.0788494,1.47633,-1.85552,-0.849522,-0.159205,-0.248162
0.836,-0.0419102,0.387294,1.24394,-0.942632,-0.0633998,-0.432556,0.187985,1.38346,-1.32605,-0.498784,0.925864,2.34497,-0.802579,-0.713838,0.751829,-1.95136,-0.137349,0.879157,0.352237,-0.403252,-1.96616,-0.715964,0.0190087,0.721474,1.06884,0.420284,0.251644,1.03284,0.0843593,-2.29509,-0.4951,-0.478156,-0.954156,-0.765995,-0.647594,-0.583254,-0.910002,0.934986,0.0893818,0.434693,-1.02314,1.56636,1.31141,0.376955,0.236019,0.114706,-0.151333,0.857899,1.5196,0.331251,-0.296927,0.616903,-0.42378,-1.54238,-0.839992,-0.256041,0.413867,0.293901,0.0408786,-0.171208,-1.30244,0.306183,0.344803,0.043915,-1.53186,0.348294,0.431854,1.15559,0.525183,-0.217102,0.14242,-0.455615,-0.0859232,0.404019,1.08301,-0.641551,-0.320146,0.289119,-0.173648,0.140098,0.822891,1.10912,0.935996,0.997486,0.272362,1.15046,-1.50363,0.49883,-0.207663,-0.942462,0.702396,-0.315398,0.151439,1.96955,0.199063,1.43265,-1.90932,-0.853516,-0.136949,-0.22115
0.838,-0.122941,0.373074,1.24736,-0.951909,-0.093709,-0.433051,0.157911,1.40066,-1.3171,-0.424268,0.955852,2.32913,-0.822345,-0.744565,0.750701,-1.94326,-0.137348,0.851255,0.307386,-0.408705,-1.8894,-0.702618,0.0359423,0.721675,1.1,0.386538,0.207426,1.01396,0.151383,-2.2994,-0.558855,-0.499995,-1.02185,-0.674417,-0.641106,-0.558004,-0.89643,0.960387,0.0891772,0.427927,-1.01045,1.55664,1.30098,0.347867,0.220137,0.0738266,-0.127416,0.853908,1.57688,0.333961,-0.340042,0.584314,-0.477608,-1.52926,-0.849731,-0.177229,0.500753,0.414096,-0.0395344,-0.203987,-1.34544,0.210768,0.337909,0.0968898,-1.45645,0.294908,0.4483,1.13136,0.545464,-0.264832,0.146496,-0.416548,-0.0900355,0.386985,1.0465,-0.653815,-0.282987,0.267517,-0.171109,0.187359,0.832358,1.14805,0.947688,1.02048,0.266538,1.18467,-1.42674,0.502786,-0.201616,-1.01353,0.717639,-0.284829,0.107488,1.94078,0.161507,1.4324,-1.86515,-0.823366,-0.126638,-0.266593
0.84,-0.164421,0.390857,1.23636,-1.01414,-0.0292086,-0.427027,0.184072,1.34581,-1.36236,-0.423645,1.003,2.34976,-0.801095,-0.700597,0.730524,-2.02487,-0.144951,0.840729,0.299941,-0.435261,-1.83064,-0.724187,0.0724601,0.659667,1.11668,0.328205,0.171614,1.0731,0.198064,-2.25853,-0.496451,-0.517446,-1.03914,-0.657897,-0.691706,-0.548717,-0.855103,0.981835,0.106555,0.340966,-1.14146,1.56573,1.28825,0.397179,0.108728,0.0753371,-0.173156,0.881076,1.53783,0.267212,-0.291036,0.514273,-0.470349,-1.57492,-0.8955,-0.197336,0.480176,0.432076,-0.0621175,-0.136079,-1.36231,0.175747,0.368062,0.0189118,-1.51773,0.342939,0.456687,1.117,0.514265,-0.268636,0.125886,-0.348687,0.0069214,0.424883,1.08953,-0.703437,-0.377322,0.303746,-0.187908,0.232715,0.845929,1.19615,0.939968,1.00693,0.208674,1.23112,-1.50398,0.529139,-0.210681,-1.04256,0.636761,-0.319113,0.155821,1.91456,0.183376,1.42834,-1.83051,-0.834563,-0.139527,-0.271265
0.842,-0.187225,0.399647,1.31134,-0.942191,0.0368068,-0.378482,0.173414,1.38615,-1.35249,-0.482189,0.957906,2.3766,-0.753017,-0.683976,0.723022,-2.05355,-0.0736563,0.837386,0.284438,-0.414103,-1.916,-0.770731,0.0107526,0.717302,1.07607,0.342485,0.129319,1.05692,0.189044,-2.29174,-0.498649,-0.45382,-1.07642,-0.682723,-0.726232,-0.463624,-0.91844,1.00372,0.15632,0.276115,-1.2219,1.49647,1.3127,0.386845,0.112521,0.124202,-0.142952,0.882035,1.4477,0.30621,-0.287017,0.450168,-0.426709,-1.54038,-0.883502,-0.244073,0.454697,0.397031,-0.0776652,-0.0870022,-1.34938,0.173898,0.392285,-0.0140742,-1.563,0.402901,0.364282,1.04966,0.542949,-0.25499,0.170115,-0.385991,0.060333,0.440119,1.13454,-0.72418,-0.412752,0.208669,-0.132231,0.184768,0.874403,1.18743,0.925967,1.01557,0.248999,1.27966,-1.53717,0.559361,-0.216652,-1.05992,0.656056,-0.338394,0.113922,1.82872,0.216408,1.37242,-1.85344,-0.774306,-0.114543,-0.343758
0.844,-0.250917,0.464893,1.30555,-0.931102,0.0758633,-0.389071,0.211583,1.31298,-1.37678,-0.494366,0.947977,2.40613,-0.783239,-0.762475,0.773109,-2.02889,-0.10001,0.835114,0.222183,-0.435108,-1.92956,-0.772553,0.0441111,0.685492,1.14812,0.29673,0.0947522,1.06,0.274673,-2.32756,-0.468443,-0.473884,-1.08562,-0.675667,-0.775258,-0.451696,-0.994833,1.00898,0.221144,0.220203,-1.28822,1.55397,1.30456,0.427599,0.107165,0.160943,-0.173203,1.00154,1.42128,0.282917,-0.246067,0.420928,-0.448182,-1.4974,-0.951435,-0.15327,0.481912,0.383711,-0.035077,-0.0881614,-1.40545,0.172548,0.375647,0.00695086,-1.51168,0.359093,0.35222,1.06593,0.481391,-0.260014,0.0976271,-0.358724,0.0638621,0.443032,1.14312,-0.721579,-0.436311,0.259629,-0.112662,0.182006,0.880218,1.27722,0.891216,1.02865,0.217725,1.27512,-1.58292,0.537537,-0.114903,-1.04179,0.599013,-0.384254,0.176468,1.82552,0.196647,1.37864,-1.79039,-0.840771,-0.11179,-0.331276
0.846,-0.25583,0.438219,1.30878,-0.9072,0.0282013,-0.421768,0.106555,1.29736,-1.4101,-0.45767,0.947229,2.40092,-0.763879,-0.737806,0.89165,-2.00364,-0.0391514,0.922631,0.190922,-0.473605,-1.89639,-0.731423,0.0147961,0.65629,1.13386,0.257995,0.136402,1.01881,0.317871,-2.34915,-0.480208,-0.472997,-1.03368,-0.680595,-0.734377,-0.449613,-0.981026,0.911265,0.189838,0.253961,-1.30886,1.55905,1.38011,0.445295,0.129436,0.167528,-0.15684,1.002,1.43297,0.31726,-0.229485,0.42511,-0.432671,-1.49155,-0.888195,-0.0810988,0.502707,0.400275,-0.0405016,-0.0914203,-1.37516,0.210158,0.416603,-0.113095,-1.46909,0.370116,0.350147,1.01186,0.478633,-0.23742,0.131692,-0.353373,-0.0215462,0.406066,1.22887,-0.684122,-0.441277,0.29062,-0.141743,0.224406,0.911221,1.36248,0.876108,0.999275,0.214499,1.28851,-1.51248,0.560766,-0.161627,-1.11727,0.495189,-0.279969,0.142812,1.81268,0.130103,1.35231,-1.76756,-0.806124,-0.0756334,-0.24072
0.848,-0.283797,0.432916,1.29707,-0.820748,0.044013,-0.438441,0.0950028,1.26861,-1.42115,-0.458254,0.987479,2.38179,-0.771103,-0.730422,0.963071,-1.99518,0.0881421,0.956525,0.210079,-0.523101,-1.97468,-0.817857,0.00974142,0.69603,1.13387,0.307954,0.128461,0.99944,0.24383,-2.35106,-0.483086,-0.528555,-1.06553,-0.70453,-0.709233,-0.47399,-0.954897,0.831839,0.149906,0.21925,-1.28307,1.61949,1.4922,0.443069,0.148063,0.26013,-0.200492,0.999248,1.45033,0.347194,-0.281302,0.455018,-0.419087,-1.44527,-0.891891,-0.0396805,0.505004,0.417278,0.042353,-0.162839,-1.3648,0.161136,0.476149,-0.00682969,-1.45113,0.329359,0.287726,1.03206,0.458297,-0.241372,0.145493,-0.355184,0.00282727,0.454016,1.24263,-0.63976,-0.474034,0.263619,-0.114829,0.157935,0.913393,1.35799,0.853529,1.00493,0.197639,1.29255,-1.52242,0.648353,-0.269399,-1.11935,0.493638,-0.326708,0.0583637,1.81735,0.129772,1.3931,-1.87754,-0.893605,-0.00508753,-0.21844
0.85,-0.305134,0.517569,1.41628,-0.88463,0.0771297,-0.365644,0.0319641,1.24399,-1.38285,-0.554285,1.0179,2.34589,-0.841198,-0.751572,1.04019,-2.04756,0.0563826,1.03217,0.139219,-0.42858,-2.03089,-0.822011,0.0296914,0.74274,1.13834,0.317053,0.0598912,0.913998,0.230541,-2.37198,-0.593914,-0.596717,-1.09743,-0.628917,-0.751647,-0.559794,-0.96738,0.793566,0.227994,0.315717,-1.31747,1.64389,1.53416,0.489324,0.195315,0.206478,-0.214348,0.971644,1.38734,0.34095,-0.276895,0.516678,-0.426695,-1.44931,-0.871835,0.0166169,0.482708,0.36871,0.0957563,-0.164772,-1.3589,0.201997,0.475317,-0.0396688,-1.53915,0.373891,0.305915,1.0466,0.465893,-0.288804,0.0583361,-0.404614,0.0123679,0.418463,1.27061,-0.60575,-0.517409,0.289021,-0.12506,0.11946,0.915519,1.42558,0.77117,1.03738,0.194651,1.32503,-1.59698,0.6576,-0.275517,-1.09876,0.510956,-0.410309,0.0733781,1.86559,0.145808,1.3568,-1.90527,-0.858752,-0.0331442,-0.214101
0.852,-0.306663,0.499762,1.34907,-0.836923,0.0857973,-0.399332,0.0386597,1.21283,-1.38691,-0.560031,0.952678,2.43585,-0.821127,-0.740829,1.0146,-2.04915,0.00893592,0.980106,0.147487,-0.461369,-2.06528,-0.804122,0.0518009,0.793088,1.13027,0.332983,0.173816,0.920108,0.230556,-2.33593,-0.577415,-0.577483,-1.04482,-0.69381,-0.779844,-0.537234,-0.910462,0.78688,0.266669,0.339613,-1.36431,1.62654,1.51503,0.503884,0.17242,0.149084,-0.213827,1.0175,1.4206,0.334025,-0.273214,0.496229,-0.501793,-1.46783,-0.920682,0.0193092,0.466644,0.433943,-0.00189205,-0.213088,-1.31538,0.181826,0.487189,-0.0568674,-1.58307,0.411328,0.332718,0.993267,0.472234,-0.203584,0.0166949,-0.344184,-0.0293665,0.36142,1.2597,-0.634951,-0.417475,0.289085,-0.095745,0.0725527,0.921656,1.51097,0.800754,1.12078,0.211354,1.28813,-1.6115,0.654427,-0.28209,-1.15262,0.545608,-0.340568,0.0731059,1.76706,0.0810737,1.36138,-1.90785,-0.854326,0.0246869,-0.100723
0.854,-0.337608,0.445753,1.3278,-0.863719,0.111581,-0.320929,-0.00808062,1.25036,-1.39263,-0.542998,0.994758,2.43676,-0.799132,-0.701498,1.04328,-2.06147,0.0133275,1.01998,0.145637,-0.44385,-2.06423,-0.748585,0.0797432,0.783474,1.21265,0.287505,0.231772,0.962602,0.285877,-2.32238,-0.564319,-0.551763,-1.02976,-0.710286,-0.816457,-0.594567,-0.895071,0.79703,0.29313,0.391299,-1.35745,1.563,1.49211,0.50285,0.196369,0.129738,-0.19419,1.00795,1.4267,0.331962,-0.230008,0.499928,-0.556347,-1.4296,-0.876979,0.0440863,0.45868,0.4374,-0.0466783,-0.252227,-1.3455,0.191219,0.476652,0.00912088,-1.56787,0.358737,0.407112,0.839561,0.483457,-0.239605,0.0127975,-0.370159,-0.14629,0.347271,1.1743,-0.576951,-0.458807,0.295433,-0.0907055,0.0787033,0.950771,1.44869,0.811117,1.11468,0.146506,1.24049,-1.5793,0.6232,-0.280436,-1.0756,0.582044,-0.342735,0.0390412,1.71543,0.00275637,1.45501,-1.96096,-0.87031,0.0181192,-0.127898
0.856,-0.34741,0.400019,1.28898,-1.00325,0.167218,-0.329248,-0.0798432,1.24638,-1.36314,-0.517916,0.987322,2.4502,-0.777705,-0.740177,1.06396,-2.0422,0.00252114,1.10187,0.166734,-0.496472,-2.11304,-0.720643,0.0807871,0.78882,1.25364,0.266992,0.216417,0.898987,0.333949,-2.27249,-0.558455,-0.503699,-1.03067,-0.660315,-0.790497,-0.666731,-0.948748,0.727004,0.284784,0.431653,-1.37635,1.6213,1.4678,0.466315,0.0792001,0.154563,-0.205173,0.974118,1.39542,0.298319,-0.224376,0.487373,-0.606516,-1.50264,-0.908823,0.0572489,0.392705,0.374939,-0.0722058,-0.27252,-1.38672,0.192059,0.516516,-0.0174558,-1.5669,0.382571,0.412234,0.856384,0.396087,-0.217382,0.0930179,-0.331756,-0.191254,0.371942,1.14146,-0.549739,-0.467266,0.262055,-0.0801357,0.142958,1.06974,1.40808,0.798313,1.09778,0.140819,1.27325,-1.54339,0.641602,-0.224326,-1.10735,0.615532,-0.335495,0.0570966,1.67464,-0.047012,1.51377,-1.9858,-0.845828,0.00313796,-0.20952
0.858,-0.294126,0.428787,1.26544,-0.991665,0.151271,-0.300932,-0.164497,1.2372,-1.40702,-0.489647,0.962459,2.46082,-0.759207,-0.705055,1.01133,-2.04334,-0.0636113,1.06654,0.193043,-0.428481,-2.13112,-0.747495,0.0339735,0.757251,1.23014,0.220293,0.198456,0.900385,0.364361,-2.20062,-0.540347,-0.483322,-0.977682,-0.724311,-0.78788,-0.714581,-0.87583,0.633258,0.221165,0.428547,-1.4432,1.55394,1.48654,0.348437,0.0765889,0.122901,-0.184635,1.00779,1.36888,0.339048,-0.123134,0.455222,-0.682348,-1.45908,-0.883687,0.00652235,0.382066,0.340768,-0.101043,-0.247538,-1.45195,0.167722,0.515912,0.0107442,-1.60873,0.353657,0.456898,0.845912,0.403371,-0.236437,0.12092,-0.271705,-0.0758462,0.357223,1.16399,-0.619241,-0.431867,0.292534,-0.112308,0.16138,1.0809,1.38242,0.827267,1.18703,0.248522,1.2609,-1.56394,0.647678,-0.238055,-1.09786,0.622839,-0.360278,0.0631771,1.61956,-0.0766538,1.52546,-1.86749,-0.843915,-0.00116475,-0.216975
0.86,-0.29078,0.396342,1.34482,-0.980762,0.142629,-0.388864,-0.226718,1.20845,-1.39592,-0.50476,0.994924,2.54905,-0.808118,-0.742092,1.04509,-2.012,-0.0806943,1.08783,0.249713,-0.396831,-2.16993,-0.667544,0.107103,0.718919,1.17731,0.255663,0.264787,0.827534,0.313161,-2.19699,-0.503486,-0.485392,-0.921045,-0.628866,-0.751711,-0.813469,-0.836258,0.652695,0.241501,0.330389,-1.44048,1.50314,1.47536,0.383526,0.0233941,0.171074,-0.147603,1.02539,1.36391,0.36714,-0.172825,0.417672,-0.709081,-1.38504,-0.836003,-0.00897421,0.318854,0.420793,-0.123255,-0.31382,-1.39553,0.166986,0.535549,0.067743,-1.64231,0.324504,0.522522,0.872861,0.345009,-0.216372,0.174934,-0.246757,-0.130389,0.37998,1.1832,-0.577504,-0.361075,0.315573,-0.184163,0.0966728,1.10527,1.3446,0.878902,1.20561,0.289171,1.22503,-1.51542,0.609698,-0.340442,-1.08289,0.625177,-0.262574,0.0195065,1.56621,-0.108461,1.52791,-1.85064,-0.789947,0.0393999,-0.234547
0.862,-0.330346,0.353946,1.35202,-1.02713,0.153,-0.377062,-0.130255,1.18782,-1.41031,-0.489396,0.953758,2.58591,-0.864336,-0.725055,1.06388,-1.98502,-0.231445,1.15742,0.219618,-0.388013,-2.14828,-0.624627,0.029319,0.708116,1.08879,0.239206,0.267228,0.829866,0.384983,-2.20101,-0.479085,-0.537016,-0.904948,-0.655875,-0.757421,-0.842311,-0.854156,0.64712,0.27501,0.399449,-1.39564,1.48811,1.42985,0.327442,0.0423731,0.11054,-0.163062,1.02129,1.3273,0.359178,-0.134628,0.312452,-0.735858,-1.3218,-0.8262,0.104118,0.27538,0.363062,-0.0814725,-0.262593,-1.37637,0.210029,0.646668,0.0312355,-1.70124,0.274266,0.511884,0.890412,0.340731,-0.273497,0.185615,-0.229318,-0.17832,0.330345,1.08673,-0.569939,-0.337015,0.34477,-0.191023,0.114563,1.11842,1.3701,0.889215,1.24394,0.237829,1.27599,-1.57052,0.627869,-0.366807,-1.15882,0.688371,-0.230184,0.0805554,1.52665,0.00176588,1.50019,-1.87434,-0.861504,0.0929364,-0.273284
0.864,-0.306583,0.413288,1.29553,-0.990817,0.219734,-0.36564,-0.160729,1.29256,-1.48047,-0.477038,0.971157,2.60067,-0.866835,-0.728451,1.10998,-1.96019,-0.259263,1.14361,0.218777,-0.383096,-2.16051,-0.603004,0.00167258,0.686953,1.05514,0.243643,0.24586,0.817211,0.328908,-2.16855,-0.502289,-0.602047,-0.836464,-0.66118,-0.688236,-0.773957,-0.852105,0.659998,0.3206,0.419792,-1.38951,1.54789,1.45275,0.316516,0.0389485,0.145436,-0.149331,1.05359,1.33365,0.34416,-0.155043,0.328976,-0.609168,-1.3415,-0.818237,0.164597,0.329421,0.383797,-0.0430666,-0.338485,-1.40155,0.179203,0.639416,0.0501101,-1.73375,0.224085,0.477641,0.887478,0.411609,-0.248791,0.22234,-0.300614,-0.136969,0.356533,1.08404,-0.585662,-0.322709,0.301062,-0.166987,0.0750328,1.12893,1.35537,0.873833,1.27342,0.261178,1.20275,-1.60216,0.685158,-0.390501,-1.16634,0.641438,-0.147447,0.138654,1.55676,-0.0115458,1.48906,-1.88476,-0.856193,0.0809736,-0.325347
0.866,-0.276648,0.415068,1.24245,-0.958464,0.285292,-0.368373,-0.141368,1.25481,-1.42141,-0.495843,0.887452,2.52488,-0.870634,-0.704552,1.08661,-1.94196,-0.244472,1.16051,0.266382,-0.441022,-2.1498,-0.617576,0.046081,0.71552,1.09521,0.265821,0.211206,0.829035,0.317847,-2.15588,-0.492188,-0.643755,-0.795259,-0.686384,-0.667254,-0.751695,-0.859974,0.668829,0.324458,0.300891,-1.35951,1.58613,1.5058,0.24804,0.062501,0.147651,-0.159822,1.04367,1.28881,0.304291,-0.247486,0.340755,-0.569023,-1.40212,-0.793305,0.151349,0.337338,0.363847,-0.0719191,-0.306641,-1.44431,0.176547,0.685835,0.0531679,-1.68082,0.24854,0.503608,0.890731,0.432485,-0.234455,0.203077,-0.36443,-0.119942,0.280549,1.07574,-0.5842,-0.283439,0.311847,-0.209108,0.104858,1.12498,1.35181,0.909547,1.27316,0.250597,1.26236,-1.56319,0.692257,-0.341002,-1.17458,0.623425,-0.201898,0.181887,1.63259,-0.00374169,1.55484,-1.91414,-0.89952,0.0948961,-0.311512
0.868,-0.228667,0.467033,1.22738,-0.973688,0.225467,-0.375076,-0.161772,1.26276,-1.41376,-0.502681,0.959435,2.46295,-0.901686,-0.712767,1.05792,-2.00999,-0.249497,1.09974,0.320815,-0.398717,-2.21008,-0.619463,0.0999579,0.760519,1.06308,0.258235,0.165489,0.820662,0.2962,-2.15713,-0.517774,-0.665194,-0.779941,-0.718016,-0.606777,-0.817234,-0.814926,0.665087,0.389452,0.273844,-1.3024,1.60408,1.51984,0.265454,0.0481701,0.144835,-0.247581,1.02655,1.31913,0.24607,-0.217941,0.380783,-0.517013,-1.42283,-0.695861,0.141006,0.441833,0.313845,-0.107505,-0.262685,-1.48314,0.17963,0.703603,-0.00875808,-1.64962,0.246376,0.55345,0.839593,0.457959,-0.250861,0.187331,-0.322372,-0.0905857,0.293337,1.14249,-0.616912,-0.30526,0.251571,-0.241737,0.141669,1.16603,1.37204,0.919607,1.2477,0.218418,1.21251,-1.64598,0.668845,-0.364906,-1.21543,0.591872,-0.244377,0.22431,1.63535,0.00342492,1.57351,-1.90105,-0.877664,0.0754735,-0.432037
0.87,-0.228638,0.455092,1.20682,-0.955517,0.13925,-0.41751,-0.172258,1.24511,-1.40751,-0.508166,1.00324,2.56236,-0.927591,-0.788967,0.946728,-2.00995,-0.224726,1.08243,0.331973,-0.425405,-2.28142,-0.568494,0.154421,0.812223,1.13808,0.322833,0.188846,0.883964,0.276606,-2.24853,-0.584345,-0.619759,-0.716551,-0.71717,-0.586876,-0.843014,-0.729367,0.658867,0.359761,0.264695,-1.32268,1.55501,1.56023,0.209279,0.0766921,0.226564,-0.287423,1.08183,1.31262,0.173265,-0.289068,0.376909,-0.497321,-1.45287,-0.721163,0.138011,0.478572,0.324364,-0.0985783,-0.245829,-1.48299,0.202593,0.728283,-0.0254808,-1.66364,0.281181,0.560131,0.828042,0.47465,-0.278738,0.160017,-0.305001,-0.167709,0.334859,1.18266,-0.628666,-0.293672,0.247645,-0.286731,0.110966,1.20906,1.41287,0.910509,1.17968,0.276037,1.259,-1.67746,0.652827,-0.417307,-1.27181,0.570216,-0.311461,0.256333,1.643,-0.0329835,1.49225,-1.93176,-0.904397,0.0542779,-0.419892
0.872,-0.234652,0.385834,1.27513,-0.957316,0.195288,-0.373702,-0.174358,1.20248,-1.43081,-0.633144,0.955492,2.53114,-0.979933,-0.797692,0.976454,-2.00783,-0.205858,1.01164,0.341333,-0.419902,-2.19702,-0.599437,0.114735,0.721256,1.1725,0.388617,0.25157,0.877264,0.257397,-2.25746,-0.58145,-0.566052,-0.702606,-0.715152,-0.616263,-0.955631,-0.730506,0.620833,0.336875,0.31234,-1.27481,1.52302,1.57422,0.177841,0.1341,0.270633,-0.306066,1.07207,1.37551,0.136242,-0.265929,0.370816,-0.509927,-1.4508,-0.629939,0.205558,0.523724,0.309031,-0.158902,-0.175622,-1.5287,0.184201,0.746838,0.011328,-1.65442,0.304679,0.532933,0.830475,0.454952,-0.293462,0.151488,-0.291054,-0.0515862,0.321005,1.16677,-0.553703,-0.29093,0.144006,-0.262086,0.100791,1.18212,1.43871,0.858273,1.17304,0.277997,1.28199,-1.68272,0.630296,-0.45042,-1.24891,0.547954,-0.362574,0.209924,1.60761,0.0170948,1.56956,-1.86848,-0.884,0.0931829,-0.476376
0.874,-0.16374,0.339362,1.27746,-0.941683,0.1942,-0.389135,-0.211384,1.20916,-1.39456,-0.656141,0.946596,2.51804,-0.982204,-0.781129,0.902668,-1.99302,-0.135321,0.999724,0.340445,-0.378106,-2.20169,-0.658633,0.126959,0.725305,1.12807,0.378151,0.21906,0.881525,0.3406,-2.24661,-0.595805,-0.596196,-0.818848,-0.699123,-0.67589,-0.926863,-0.697268,0.526933,0.276975,0.26158,-1.28772,1.44557,1.56091,0.10447,0.0793971,0.221045,-0.360417,1.00814,1.36071,0.185448,-0.193552,0.410103,-0.622549,-1.47763,-0.676979,0.210367,0.593609,0.313206,-0.182793,-0.187201,-1.5679,0.17178,0.748988,-0.0583603,-1.66715,0.323349,0.556671,0.867069,0.438246,-0.273851,0.154285,-0.245166,-0.0961662,0.291338,1.06955,-0.584868,-0.29644,0.166228,-0.267892,0.071068,1.12728,1.48032,0.817494,1.2821,0.332172,1.31219,-1.68393,0.650358,-0.400911,-1.20238,0.631381,-0.415812,0.146979,1.60518,0.0844852,1.59693,-1.87591,-0.926394,0.126901,-0.411495
0.876,-0.0880107,0.302116,1.23252,-0.89869,0.26541,-0.395269,-0.266354,1.2379,-1.42129,-0.67439,0.943772,2.65441,-1.06515,-0.780488,0.956717,-1.96404,-0.145063,1.07336,0.350188,-0.352615,-2.21651,-0.712501,0.175603,0.696052,1.18071,0.387943,0.2233,0.940067,0.352542,-2.28061,-0.552347,-0.611987,-0.745153,-0.644446,-0.69413,-0.94983,-0.717993,0.476437,0.277355,0.294115,-1.3141,1.45837,1.54961,0.125993,0.0513503,0.191691,-0.409163,1.01045,1.27879,0.14203,-0.211218,0.338871,-0.611618,-1.44098,-0.671421,0.143824,0.634956,0.323136,-0.187626,-0.256075,-1.55262,0.218097,0.713847,-0.0408599,-1.65229,0.40176,0.574353,0.884674,0.406169,-0.24842,0.17593,-0.163329,-0.0833921,0.234246,1.08141,-0.651936,-0.235698,0.141208,-0.244727,0.117039,1.11922,1.48526,0.792196,1.26755,0.313932,1.25888,-1.70948,0.578328,-0.433617,-1.19241,0.632807,-0.454446,0.0995812,1.60042,0.10028,1.60219,-1.90175,-1.01223,0.11806,-0.356367
0.878,-0.115418,0.378019,1.20138,-0.977044,0.25359,-0.442064,-0.216393,1.21943,-1.37934,-0.747716,0.988424,2.65154,-1.0715,-0.802156,0.946026,-2.02312,-0.178126,1.09799,0.465157,-0.406994,-2.2497,-0.748203,0.189068,0.680264,1.20891,0.454646,0.229102,1.0212,0.410427,-2.21977,-0.542094,-0.669321,-0.753569,-0.609209,-0.692384,-0.964469,-0.679505,0.417037,0.257169,0.29913,-1.33203,1.51733,1.59665,0.157126,0.0568295,0.108752,-0.416137,1.01387,1.21509,0.146755,-0.234163,0.426841,-0.62025,-1.41888,-0.685207,0.131666,0.687339,0.336661,-0.215805,-0.289134,-1.56573,0.184072,0.68126,-0.00737826,-1.62921,0.351038,0.529904,0.908385,0.512858,-0.194664,0.156083,-0.150568,-0.0757703,0.188317,1.04791,-0.652106,-0.188388,0.13982,-0.256231,0.156591,1.09296,1.4692,0.777478,1.30764,0.262448,1.26603,-1.63203,0.585562,-0.439822,-1.18117,0.634653,-0.431736,0.0438877,1.63041,0.1285,1.64104,-1.84672,-0.992857,0.164531,-0.387578
0.88,0.00926837,0.373732,1.17456,-1.01164,0.188712,-0.420624,-0.295483,1.23813,-1.34133,-0.740815,1.03711,2.6928,-1.05474,-0.778185,0.987455,-2.02113,-0.187484,1.11394,0.52988,-0.528319,-2.25914,-0.762908,0.14116,0.675637,1.20974,0.41636,0.262339,1.09053,0.403269,-2.1736,-0.518043,-0.756671,-0.601626,-0.593029,-0.616992,-1.02417,-0.618123,0.401809,0.320263,0.297768,-1.33431,1.54049,1.55085,0.131868,0.00120973,0.0595293,-0.339981,1.04208,1.234,0.161101,-0.253001,0.449904,-0.575481,-1.44492,-0.630086,0.136625,0.642119,0.401788,-0.164246,-0.347398,-1.53204,0.277641,0.69548,0.0471158,-1.68457,0.333919,0.589689,0.96985,0.507021,-0.184621,0.202373,-0.162942,-0.107963,0.153247,1.05402,-0.618659,-0.200279,0.102762,-0.224987,0.169799,1.13644,1.48562,0.737998,1.33398,0.283952,1.23043,-1.61664,0.544228,-0.479512,-1.17678,0.688778,-0.36829,-0.0176869,1.60974,0.171479,1.67007,-1.80725,-0.970308,0.151142,-0.425546
0.882,-0.029009,0.406864,1.26948,-0.995712,0.21073,-0.378807,-0.364074,1.28048,-1.34168,-0.780812,1.02813,2.68483,-1.09512,-0.762863,0.962785,-2.08296,-0.157616,1.14207,0.500591,-0.499647,-2.23931,-0.800197,0.151042,0.651318,1.28245,0.352798,0.193438,1.10608,0.365387,-2.23718,-0.466336,-0.769812,-0.59928,-0.586141,-0.734223,-0.999894,-0.655493,0.354237,0.223552,0.289669,-1.51249,1.54113,1.6186,0.0397429,-0.125661,0.0584887,-0.376148,1.03566,1.23563,0.154274,-0.217762,0.441486,-0.552204,-1.42137,-0.623962,0.112831,0.611752,0.459346,-0.146134,-0.308496,-1.47835,0.311455,0.69484,0.0918926,-1.6733,0.388912,0.583223,1.07668,0.474971,-0.18738,0.202767,-0.221229,-0.0533727,0.179608,1.01089,-0.617977,-0.201089,0.132253,-0.273954,0.228951,1.1372,1.49562,0.716082,1.35539,0.232809,1.15344,-1.62715,0.547277,-0.523003,-1.17936,0.718421,-0.338214,0.00974299,1.61845,0.173071,1.73799,-1.77876,-0.913708,0.184803,-0.441256
0.884,-0.0107472,0.361384,1.33137,-0.991589,0.215228,-0.361102,-0.409096,1.30831,-1.33777,-0.845704,1.06591,2.79095,-1.08637,-0.84022,0.913761,-2.06813,-0.097334,1.13408,0.524588,-0.547396,-2.19244,-0.846542,0.0744925,0.706684,1.25354,0.334828,0.152532,1.1239,0.311305,-2.18594,-0.465006,-0.801213,-0.591886,-0.519739,-0.731074,-1.0013,-0.6672,0.322414,0.10736,0.349724,-1.51812,1.57148,1.62233,0.0217015,-0.106262,0.134719,-0.261332,1.1074,1.18217,0.110096,-0.232107,0.394104,-0.514396,-1.37389,-0.639143,0.138811,0.639127,0.492524,-0.131259,-0.354325,-1.52088,0.206716,0.691602,0.0823972,-1.68947,0.266924,0.521586,1.09894,0.451029,-0.197979,0.204121,-0.185782,-0.0649591,0.265799,1.00816,-0.649927,-0.192678,0.112902,-0.265445,0.173333,1.10266,1.4892,0.670881,1.34662,0.244016,1.07334,-1.59194,0.546857,-0.503237,-1.1869,0.765687,-0.244748,0.0291555,1.61017,0.179879,1.76356,-1.84687,-0.921582,0.16315,-0.42392
0.886,0.00641164,0.279774,1.32559,-0.958458,0.186421,-0.38568,-0.433374,1.35102,-1.26829,-0.818708,1.06043,2.80711,-1.00269,-0.80341,0.877813,-2.09428,-0.0132099,1.13286,0.585455,-0.555878,-2.11529,-0.871734,0.0681224,0.729822,1.25039,0.365482,0.132222,1.07347,0.328252,-2.15273,-0.469774,-0.772711,-0.64283,-0.516047,-0.728231,-0.935531,-0.650903,0.375117,0.0911518,0.33484,-1.48337,1.49417,1.64201,-0.0120253,-0.0553849,0.115153,-0.236939,0.990915,1.10509,0.126452,-0.209809,0.372263,-0.578877,-1.37863,-0.696712,0.096194,0.568986,0.519626,-0.166871,-0.338103,-1.49807,0.164646,0.584889,0.0212323,-1.61151,0.302144,0.550446,1.09939,0.425406,-0.211462,0.224741,-0.212655,0.00754007,0.250244,0.995896,-0.587758,-0.210503,0.0887724,-0.292208,0.235271,1.15198,1.43492,0.648601,1.37144,0.217603,1.00217,-1.58103,0.590729,-0.496509,-1.26166,0.734528,-0.291053,0.0659853,1.63416,0.16225,1.73497,-1.88908,-0.887699,0.301609,-0.383905
0.888,-0.0179811,0.274708,1.35089,-0.968635,0.0937216,-0.362957,-0.415374,1.42963,-1.31167,-0.860385,1.1001,2.78188,-1.00021,-0.836926,0.97063,-2.10641,0.0371937,1.16175,0.639911,-0.50797,-2.21024,-0.908113,0.0168372,0.819473,1.30777,0.403961,0.0745469,1.0558,0.368717,-2.18529,-0.458621,-0.904533,-0.625306,-0.627571,-0.689326,-0.989862,-0.675576,0.428333,0.0900961,0.400302,-1.52428,1.48532,1.64638,-0.121841,-0.0509735,0.153858,-0.278926,1.01555,1.03404,0.14694,-0.270793,0.402707,-0.585832,-1.46537,-0.710706,0.0477099,0.622576,0.500621,-0.171691,-0.392758,-1.51554,0.139784,0.536096,0.0682691,-1.67188,0.318156,0.549983,1.09452,0.370749,-0.217789,0.190943,-0.146295,0.0226408,0.284299,0.989538,-0.509465,-0.221914,0.0400528,-0.315048,0.251874,1.15409,1.43858,0.706473,1.35353,0.23251,1.08125,-1.60048,0.621448,-0.53912,-1.17296,0.718262,-0.223062,0.131007,1.53909,0.148195,1.69626,-1.89929,-0.944507,0.245096,-0.462821
0.89,-0.00326159,0.258695,1.27853,-0.885111,0.0697653,-0.303305,-0.401738,1.444,-1.36139,-0.803257,1.11005,2.78555,-0.990414,-0.953287,0.965156,-2.05558,0.0837031,1.16929,0.598572,-0.479285,-2.19977,-0.897576,-0.0472769,0.809446,1.25874,0.321781,0.0245043,1.03112,0.432233,-2.16894,-0.474407,-0.955933,-0.57892,-0.594122,-0.730118,-0.993115,-0.633484,0.465128,0.145889,0.363479,-1.56189,1.43013,1.642,-0.125939,0.0171566,0.100791,-0.254225,0.993246,1.03662,0.0930241,-0.316225,0.430218,-0.560936,-1.45769,-0.702555,-0.0030782,0.662485,0.512562,-0.0944933,-0.482975,-1.5651,0.178074,0.493285,0.0109672,-1.66051,0.261018,0.572863,1.04594,0.367595,-0.26561,0.241096,-0.204164,0.0258373,0.297745,0.94313,-0.524326,-0.246491,0.000697472,-0.283666,0.197318,1.16478,1.35732,0.779178,1.38371,0.215546,1.12669,-1.65825,0.629265,-0.534283,-1.11412,0.709889,-0.241817,0.0440521,1.59596,0.155888,1.68087,-1.93424,-0.954751,0.19933,-0.476097
0.892,-0.000485522,0.289439,1.28505,-0.842202,-0.00441213,-0.244613,-0.344649,1.46833,-1.32425,-0.772563,1.03816,2.82648,-0.930665,-0.977457,0.921635,-2.01122,0.0153818,1.13629,0.579463,-0.450485,-2.17543,-0.91645,-0.0997532,0.784581,1.31577,0.318959,0.0107988,0.989925,0.50717,-2.14418,-0.475158,-0.92038,-0.532821,-0.620599,-0.730387,-1.0303,-0.661064,0.478043,0.0976858,0.323587,-1.63589,1.49335,1.72517,-0.122927,0.0261468,0.154778,-0.294213,0.994142,0.981098,0.037535,-0.303433,0.368633,-0.579676,-1.45302,-0.709108,-0.0158339,0.613831,0.560364,-0.0672533,-0.507702,-1.5515,0.172144,0.432495,-0.058749,-1.59475,0.283527,0.551805,1.01417,0.251992,-0.216105,0.268648,-0.219184,0.0100957,0.324149,0.932618,-0.499009,-0.234895,-0.00144784,-0.262447,0.241746,1.08757,1.31081,0.705665,1.32255,0.188553,1.14435,-1.59512,0.686276,-0.523364,-1.17592,0.622854,-0.261851,-0.010561,1.65007,0.183003,1.71119,-1.95944,-0.979176,0.254662,-0.54618
0.894,-0.0305842,0.335622,1.28592,-0.858866,-0.00334153,-0.253808,-0.344963,1.4692,-1.34113,-0.760753,1.04981,2.747,-0.948698,-0.950064,0.872841,-1.93291,-0.0445577,1.18485,0.565207,-0.388026,-2.17384,-0.832015,-0.0951863,0.815311,1.31282,0.353478,0.0110755,1.00296,0.521294,-2.10088,-0.439059,-0.867883,-0.530943,-0.594582,-0.764146,-0.998359,-0.679462,0.495235,0.0870913,0.286648,-1.65813,1.45573,1.70374,-0.116092,0.0122044,0.0642138,-0.378048,0.959609,0.972147,-0.0171602,-0.404655,0.391861,-0.553376,-1.49362,-0.677066,0.0373192,0.662189,0.541141,-0.0784067,-0.556776,-1.61209,0.230618,0.387829,-0.0674722,-1.60902,0.240066,0.518347,0.999564,0.263065,-0.271482,0.331698,-0.238957,-0.00454201,0.474685,0.955303,-0.490586,-0.29584,-0.0218851,-0.278001,0.199497,1.07365,1.28848,0.746613,1.29453,0.226248,1.04668,-1.54604,0.667577,-0.575768,-1.17318,0.641997,-0.322951,-0.0101519,1.71448,0.216598,1.63527,-1.94797,-1.02871,0.203468,-0.506444
0.896,-0.0360761,0.39945,1.31926,-0.895236,-0.000430445,-0.242415,-0.332659,1.39103,-1.39002,-0.795565,1.11517,2.80413,-0.992392,-0.905548,0.817655,-1.94896,-0.0240719,1.19993,0.52382,-0.293123,-2.14889,-0.782605,-0.10775,0.776625,1.40368,0.379471,0.0803715,0.926022,0.4797,-2.08619,-0.48874,-0.847246,-0.547401,-0.626078,-0.823521,-1.02887,-0.7012,0.531409,0.0545399,0.334613,-1.58975,1.52249,1.66,-0.125627,-0.0149121,0.027273,-0.393814,0.893251,0.816508,-0.048164,-0.418669,0.420952,-0.522473,-1.46348,-0.651049,0.0838822,0.7144,0.558491,-0.139264,-0.525384,-1.60468,0.266724,0.322071,0.00235845,-1.53174,0.207855,0.552181,1.0016,0.267898,-0.320931,0.362636,-0.251017,-0.0368311,0.433294,0.947913,-0.606952,-0.285901,-0.0760953,-0.30079,0.145934,1.0765,1.21446,0.734141,1.27952,0.212191,1.11199,-1.56673,0.717373,-0.606174,-1.17487,0.66515,-0.27937,-0.00159498,1.72327,0.152376,1.63751,-1.85578,-1.05014,0.194447,-0.48139
0.898,-0.0365322,0.399763,1.30143,-0.904038,-0.00937962,-0.235872,-0.302776,1.50296,-1.41737,-0.8456,1.099,2.90753,-0.974379,-0.891363,0.759636,-1.96247,0.0043031,1.18785,0.527931,-0.250004,-2.1493,-0.819473,-0.146919,0.792436,1.42083,0.383798,0.0783208,0.911366,0.527771,-2.08279,-0.426666,-0.899254,-0.596836,-0.59887,-0.851335,-0.972036,-0.666242,0.416429,0.00168104,0.375644,-1.54967,1.46521,1.63668,-0.165984,-0.0320763,0.00762354,-0.363932,0.908187,0.794061,-0.111323,-0.415323,0.411718,-0.515059,-1.42881,-0.693128,0.0672444,0.72997,0.561416,-0.167087,-0.554954,-1.54405,0.318518,0.338597,0.00941403,-1.53034,0.228493,0.574011,1.03053,0.287545,-0.328683,0.339548,-0.288833,-0.0307675,0.448456,1.02732,-0.660387,-0.284207,-0.0798338,-0.396361,0.132287,1.04677,1.16642,0.703266,1.21232,0.239015,1.12916,-1.59425,0.782353,-0.603133,-1.11307,0.658256,-0.274618,-0.0304973,1.72609,0.2077,1.68484,-1.8055,-1.04702,0.142713,-0.531408
0.9,-0.0372571,0.355397,1.29297,-0.905881,-0.0217023,-0.230482,-0.340489,1.44623,-1.48694,-0.916453,1.13291,2.98962,-0.956156,-0.913103,0.793059,-1.90507,0.0235685,1.19274,0.484748,-0.252389,-2.14509,-0.83591,-0.204278,0.829749,1.45146,0.390773,0.138689,0.948848,0.432808,-2.11138,-0.484085,-0.929584,-0.563782,-0.630164,-0.844687,-0.955218,-0.674308,0.422254,-0.0194259,0.349108,-1.61268,1.43665,1.57547,-0.129,0.019184,-0.0844255,-0.407298,0.91618,0.8395,-0.155358,-0.470418,0.387205,-0.564778,-1.40029,-0.78733,0.0774219,0.725109,0.542839,-0.150108,-0.538699,-1.54736,0.263919,0.29819,0.0436114,-1.56083,0.219743,0.604196,1.02924,0.300388,-0.356545,0.308913,-0.312562,0.0187858,0.47235,1.02964,-0.687734,-0.225662,-0.0264118,-0.430468,0.157663,1.01017,1.18988,0.744634,1.18998,0.242052,1.17559,-1.65056,0.744169,-0.705082,-1.11907,0.6879,-0.32237,0.00194112,1.67473,0.208677,1.67808,-1.77576,-1.16046,0.122192,-0.509589
0.902,0.0433177,0.377833,1.34137,-0.952517,0.0555943,-0.302911,-0.335289,1.42056,-1.43123,-0.895726,1.23803,2.98157,-0.909453,-0.923083,0.782585,-1.87412,0.0604034,1.17962,0.526913,-0.274049,-2.17585,-0.847284,-0.173236,0.884192,1.41856,0.40775,0.138522,0.992665,0.437008,-2.06754,-0.478314,-0.838501,-0.623708,-0.622577,-0.914673,-1.01892,-0.711242,0.336878,-0.0268882,0.327862,-1.67815,1.42932,1.55936,-0.275791,0.0834683,-0.0170246,-0.343851,0.929776,0.914289,-0.213796,-0.409969,0.31041,-0.570392,-1.35953,-0.80712,0.0973902,0.775515,0.607177,-0.0629271,-0.618303,-1.61522,0.232968,0.304849,0.0503974,-1.52192,0.187935,0.602131,0.964699,0.201374,-0.336123,0.335316,-0.310762,-0.00791805,0.440073,0.980015,-0.676052,-0.230221,-0.0215521,-0.422718,0.158368,1.10831,1.21011,0.661211,1.23484,0.167873,1.14589,-1.68039,0.791572,-0.688463,-1.08474,0.630161,-0.20405,0.00596798,1.63782,0.295659,1.65574,-1.73702,-1.13686,0.0430428,-0.556136
0.904,0.0925477,0.366965,1.30178,-1.01673,0.0270131,-0.40821,-0.317097,1.43117,-1.49226,-0.878133,1.24889,2.9732,-0.927207,-0.948151,0.790638,-1.90403,0.0528042,1.17091,0.50568,-0.241956,-2.20601,-0.860037,-0.257611,0.869878,1.39362,0.484098,0.183038,0.957512,0.428762,-1.98903,-0.499482,-0.767614,-0.641836,-0.642516,-0.978778,-1.00732,-0.821724,0.272966,-0.00820951,0.308438,-1.57863,1.52047,1.55812,-0.219325,0.13475,0.0244731,-0.293189,0.975842,0.942267,-0.172035,-0.378275,0.335033,-0.560867,-1.38903,-0.799238,0.0650586,0.724883,0.660712,-0.0362619,-0.651563,-1.65263,0.180056,0.214583,0.0608087,-1.44596,0.128791,0.603038,1.05424,0.213787,-0.335737,0.32895,-0.344545,0.0118424,0.359313,0.949458,-0.649582,-0.183117,-0.0341852,-0.474015,0.119822,1.14335,1.17792,0.629637,1.22007,0.22138,1.09037,-1.72283,0.80351,-0.656966,-1.13044,0.635625,-0.207737,-0.0460458,1.61579,0.269231,1.70221,-1.79609,-1.074,0.0811732,-0.547566
0.906,0.146204,0.392476,1.33469,-1.09444,-0.0552502,-0.405908,-0.277066,1.3868,-1.61885,-0.878014,1.26871,3.00058,-0.919504,-0.925115,0.814788,-1.83601,0.0549381,1.18521,0.484135,-0.247151,-2.25629,-0.796967,-0.178796,0.850108,1.41653,0.396408,0.192722,0.944419,0.43674,-2.01707,-0.541386,-0.725403,-0.729978,-0.599082,-1.05992,-0.945837,-0.819596,0.276911,0.0103043,0.257858,-1.57483,1.50988,1.59363,-0.257653,0.118325,0.0230307,-0.243436,1.00002,0.904879,-0.191984,-0.390452,0.363502,-0.558613,-1.40656,-0.861193,0.11652,0.767374,0.719491,-0.0191874,-0.731196,-1.69182,0.125795,0.217151,0.090238,-1.41531,0.0398618,0.572161,1.02048,0.185736,-0.283167,0.379379,-0.303162,0.00606719,0.273613,0.964308,-0.6215,-0.184452,-0.0198668,-0.461245,0.040515,1.10954,1.21017,0.642804,1.31674,0.214012,1.11218,-1.62347,0.749167,-0.607543,-1.16172,0.578027,-0.2017,-0.0300097,1.66889,0.252303,1.71703,-1.75801,-1.08686,0.0750312,-0.492665
0.908,0.210823,0.370443,1.34034,-1.05851,-0.0915584,-0.425546,-0.281026,1.34714,-1.61769,-0.90464,1.32062,3.04282,-0.957237,-1.02185,0.898504,-1.81997,-0.0105702,1.12847,0.520913,-0.319142,-2.23698,-0.848069,-0.137111,0.812535,1.43723,0.407173,0.222615,0.917842,0.467376,-1.90661,-0.541631,-0.717421,-0.779396,-0.52552,-1.0938,-0.944281,-0.757403,0.307003,-0.00219268,0.258766,-1.60243,1.48226,1.54463,-0.311035,0.176956,0.0543045,-0.215661,1.09108,0.802605,-0.245387,-0.373431,0.277267,-0.566781,-1.45643,-0.863835,0.0791298,0.804135,0.684334,0.0521512,-0.676962,-1.71476,0.163741,0.258317,0.0927412,-1.44306,0.0603625,0.537002,1.01665,0.109105,-0.294408,0.33515,-0.29118,-0.0216667,0.298812,0.982733,-0.586898,-0.157971,0.0160064,-0.404933,0.0901598,1.08005,1.19804,0.637962,1.42406,0.205265,1.11499,-1.66476,0.754173,-0.561068,-1.25584,0.455903,-0.108552,-0.0832043,1.68691,0.199839,1.6683,-1.79402,-1.05627,0.0359011,-0.439676
0.91,0.219394,0.388289,1.27633,-1.01974,-0.113034,-0.457586,-0.315907,1.34461,-1.68265,-0.945911,1.24376,3.02331,-0.984627,-1.00768,0.859677,-1.87194,-0.0455512,1.14712,0.523,-0.399551,-2.27496,-0.834074,-0.145587,0.802618,1.46603,0.391575,0.264865,0.862738,0.468766,-1.84169,-0.570789,-0.800594,-0.782687,-0.552346,-1.0577,-0.982339,-0.703625,0.268881,-0.0987211,0.266217,-1.54615,1.4726,1.57406,-0.354029,0.222051,0.0637675,-0.254735,1.09977,0.856435,-0.237314,-0.33899,0.309645,-0.588027,-1.49654,-0.831658,0.100163,0.828872,0.687952,0.0666563,-0.691036,-1.74409,0.169238,0.248944,-0.0228135,-1.52903,0.0624966,0.553009,1.01838,0.163328,-0.36729,0.302578,-0.3877,-0.0173716,0.274452,1.04177,-0.642703,-0.209519,0.0253303,-0.423073,0.177402,1.15963,1.23499,0.663481,1.49272,0.233406,1.15718,-1.74772,0.778154,-0.536499,-1.26074,0.381401,-0.0746232,-0.0733263,1.7331,0.181243,1.75194,-1.87345,-1.00399,-0.0299413,-0.389246
0.912,0.221431,0.439068,1.25203,-1.06279,-0.070616,-0.457767,-0.374771,1.27021,-1.73303,-0.902944,1.28466,3.05659,-0.981433,-1.07242,0.874083,-1.94413,-0.0126624,1.10203,0.49236,-0.38271,-2.27344,-0.807359,-0.11728,0.795901,1.473,0.416527,0.264703,0.912196,0.46956,-1.76097,-0.607326,-0.788609,-0.824406,-0.559791,-1.17065,-1.00099,-0.658204,0.343071,-0.104729,0.276415,-1.56629,1.43301,1.55769,-0.38585,0.142665,0.015101,-0.250505,1.10738,0.838967,-0.265524,-0.350398,0.297737,-0.591161,-1.46767,-0.795178,0.0978662,0.799308,0.723154,0.0687017,-0.666078,-1.67525,0.166127,0.247399,-0.0872579,-1.477,0.125656,0.555931,0.989823,0.168178,-0.424539,0.272846,-0.287313,0.0329053,0.264688,1.06966,-0.627568,-0.215587,-0.0379676,-0.381532,0.209089,1.14107,1.23449,0.568885,1.53779,0.308923,1.11388,-1.74608,0.750079,-0.512596,-1.25622,0.306434,-0.0587455,-0.0321562,1.74192,0.246762,1.70015,-1.85721,-1.01657,-0.0317336,-0.290256
0.914,0.168001,0.397457,1.2352,-1.12202,-0.131739,-0.415577,-0.378136,1.23007,-1.77809,-0.901385,1.17215,3.01381,-0.971313,-1.04379,0.840175,-1.94795,0.0779043,1.04133,0.462229,-0.332389,-2.29363,-0.878461,-0.110139,0.777437,1.41941,0.498289,0.201013,0.905635,0.440851,-1.75623,-0.618161,-0.819726,-0.809519,-0.576528,-1.15767,-0.951528,-0.670073,0.323023,-0.152294,0.227405,-1.5458,1.50605,1.46536,-0.330127,0.0633257,0.00128578,-0.214697,1.03087,0.844941,-0.248692,-0.361863,0.352808,-0.596555,-1.453,-0.745384,0.0494487,0.838209,0.758633,0.0137804,-0.661987,-1.73058,0.208249,0.251806,-0.0868684,-1.44772,0.26617,0.591511,0.911548,0.166939,-0.374034,0.270297,-0.265636,-0.048057,0.335075,1.07388,-0.617325,-0.253124,0.00062468,-0.378515,0.228015,1.12212,1.23679,0.617855,1.54657,0.339874,1.1193,-1.7761,0.846284,-0.473437,-1.24084,0.403823,0.0214657,-0.0477724,1.72073,0.268324,1.73495,-1.8964,-1.0248,-0.116937,-0.243867
0.916,0.176617,0.45594,1.32056,-1.13562,-0.0430904,-0.404207,-0.334947,1.24644,-1.77404,-0.881076,1.19378,2.99872,-1.05585,-0.967682,0.901446,-1.90647,0.065411,1.00597,0.442153,-0.289518,-2.27274,-0.900783,-0.0793007,0.7314,1.37615,0.518406,0.210902,0.876258,0.420737,-1.71962,-0.629548,-0.808914,-0.791819,-0.492052,-1.11873,-0.983815,-0.713943,0.366187,-0.189509,0.211109,-1.51082,1.42726,1.48875,-0.328106,-0.0151575,-0.0550317,-0.209107,0.995395,0.864677,-0.277887,-0.309826,0.432256,-0.602954,-1.35105,-0.712054,0.0133441,0.794504,0.74413,0.0508922,-0.665986,-1.76918,0.218795,0.268478,-0.0765845,-1.39188,0.301922,0.623674,0.88203,0.109924,-0.357378,0.235242,-0.275963,-0.085449,0.39786,0.992873,-0.589442,-0.322422,0.058022,-0.3998,0.264853,1.21579,1.23377,0.525749,1.58792,0.338833,1.11652,-1.81286,0.777552,-0.4164,-1.24685,0.249068,-0.0927104,-0.0680743,1.77441,0.306069,1.79189,-1.90829,-1.01054,-0.12669,-0.18661
0.918,0.26626,0.489981,1.28737,-1.15688,0.0428025,-0.491358,-0.370034,1.1999,-1.78587,-0.857713,1.12245,2.97986,-1.10422,-0.977078,0.846934,-1.93019,0.0587962,1.01295,0.509493,-0.299362,-2.26267,-0.945475,-0.115123,0.608037,1.32698,0.46663,0.158744,0.919618,0.409326,-1.77458,-0.57738,-0.875971,-0.792225,-0.428613,-1.14551,-0.984909,-0.788722,0.448276,-0.200553,0.132208,-1.49207,1.32972,1.42088,-0.237239,-0.0568165,-0.0803187,-0.240527,1.0901,0.826239,-0.28525,-0.295538,0.432871,-0.567121,-1.40263,-0.680681,-0.0488662,0.739906,0.686044,0.0443352,-0.745665,-1.77473,0.273926,0.272086,-0.142645,-1.47963,0.303929,0.619873,0.865906,0.0931295,-0.281144,0.279248,-0.333433,-0.128245,0.418761,0.976542,-0.568945,-0.343867,0.00893058,-0.40003,0.217591,1.10329,1.17796,0.5304,1.58981,0.297178,1.16984,-1.72392,0.804505,-0.370976,-1.22558,0.281902,-0.105701,-0.0536748,1.70947,0.300381,1.76046,-1.96149,-1.04728,-0.150402,-0.16585
0.92,0.222575,0.578666,1.31395,-1.24728,-0.0129756,-0.484471,-0.409639,1.20002,-1.7143,-0.821031,1.11063,3.02379,-1.21428,-0.953929,0.847775,-1.92688,0.0683517,1.0357,0.499503,-0.266316,-2.14316,-0.937182,-0.0625929,0.617665,1.2686,0.465248,0.150233,0.853101,0.415898,-1.77748,-0.601726,-0.876012,-0.834692,-0.489131,-1.17358,-0.958925,-0.818869,0.453409,-0.259053,0.097727,-1.48534,1.24307,1.41128,-0.219853,-0.014354,-0.141671,-0.200545,1.06217,0.784675,-0.316079,-0.239968,0.410895,-0.584398,-1.40955,-0.703837,-0.0449742,0.694358,0.647326,-0.0332133,-0.741855,-1.77165,0.268933,0.220608,-0.131509,-1.53398,0.324982,0.59407,0.836546,0.0441346,-0.231074,0.181252,-0.386723,-0.171976,0.394301,0.973747,-0.621099,-0.347416,0.00657538,-0.431829,0.252498,1.10375,1.14727,0.533536,1.53065,0.337772,1.16345,-1.77365,0.843293,-0.411082,-1.24689,0.212576,-0.0351549,-0.100082,1.66129,0.30657,1.71087,-1.96818,-1.06119,-0.124358,-0.113414
0.922,0.259693,0.701699,1.26857,-1.25122,-0.0335075,-0.478467,-0.396322,1.21376,-1.73099,-0.794008,1.13592,2.98266,-1.14265,-1.00525,0.778744,-1.91852,0.103296,1.08739,0.540018,-0.238022,-2.14513,-0.93376,-0.104508,0.582797,1.17121,0.507449,0.213502,0.879836,0.384992,-1.83434,-0.597432,-0.903199,-0.739187,-0.528715,-1.10892,-0.944518,-0.811939,0.391644,-0.278198,0.070596,-1.53816,1.2465,1.42675,-0.267376,-0.0516048,-0.108902,-0.209875,1.12324,0.794436,-0.397374,-0.276291,0.502464,-0.566034,-1.43083,-0.731123,0.0550314,0.652723,0.684544,0.0185137,-0.712971,-1.76724,0.203675,0.151282,-0.191769,-1.54329,0.360171,0.520414,0.853441,-0.0685444,-0.220171,0.203925,-0.368802,-0.175505,0.426247,0.954285,-0.640163,-0.35212,-0.101367,-0.518647,0.202331,1.11886,1.18374,0.519536,1.46704,0.293891,1.22378,-1.89829,0.833201,-0.33772,-1.24963,0.281833,-0.0672061,-0.0548984,1.68185,0.286055,1.73946,-1.93459,-1.04387,-0.130878,-0.156045
0.924,0.216511,0.775297,1.20402,-1.28762,-0.00574651,-0.420096,-0.42795,1.26251,-1.69902,-0.753679,1.14391,2.91294,-1.17854,-1.04087,0.746973,-1.99448,0.087632,1.07756,0.574884,-0.217801,-2.16021,-1.00762,-0.194016,0.591786,1.17554,0.58979,0.228344,0.840952,0.351612,-1.89714,-0.568631,-0.898782,-0.69009,-0.564479,-1.16628,-0.923568,-0.818549,0.377139,-0.23537,0.10842,-1.53031,1.22448,1.40779,-0.239805,-0.0312596,-0.023721,-0.164726,1.15342,0.754602,-0.45902,-0.338292,0.454243,-0.577762,-1.43674,-0.735954,0.127115,0.611988,0.718715,0.00450503,-0.687223,-1.79465,0.287483,0.173383,-0.147324,-1.53023,0.420522,0.496178,0.916013,-0.0297403,-0.272387,0.295848,-0.388939,-0.136937,0.434127,0.949456,-0.613403,-0.373584,-0.123275,-0.464941,0.16498,1.14236,1.16893,0.591317,1.48211,0.297023,1.13491,-1.90963,0.960247,-0.371057,-1.26239,0.241657,-0.0334743,-0.113831,1.6634,0.276333,1.69118,-1.88627,-1.10595,-0.180686,-0.21429
0.926,0.121108,0.812681,1.19267,-1.25041,0.0596122,-0.445003,-0.491103,1.23554,-1.67283,-0.81536,1.14441,2.90401,-1.15112,-1.05299,0.710486,-1.98683,0.117833,1.04669,0.590372,-0.247835,-2.21874,-0.991543,-0.217081,0.616186,1.18846,0.65927,0.255602,0.830313,0.337658,-1.94303,-0.551731,-0.917884,-0.771495,-0.558669,-1.138,-0.908633,-0.795611,0.387267,-0.312433,0.138811,-1.49848,1.2122,1.3935,-0.203348,-0.000200032,-0.0918239,-0.140949,1.20289,0.78754,-0.467843,-0.347161,0.466801,-0.631339,-1.39742,-0.788538,0.21321,0.562492,0.751651,0.0279744,-0.746946,-1.83781,0.31551,0.208416,-0.031301,-1.58257,0.431622,0.49713,0.969735,-0.00850743,-0.237671,0.275552,-0.35697,-0.122157,0.421982,0.931537,-0.643941,-0.357374,-0.0991259,-0.457542,0.0828789,1.15128,1.13262,0.554344,1.50652,0.24898,1.23819,-1.87891,0.982192,-0.310906,-1.18729,0.25543,0.00210155,-0.153636,1.56938,0.242268,1.69154,-1.92074,-1.06857,-0.172218,-0.230813
0.928,0.152954,0.880049,1.07893,-1.25058,0.0141829,-0.442287,-0.516068,1.26893,-1.67751,-0.815806,1.16496,2.89779,-1.15677,-1.01016,0.790227,-1.99455,0.116623,1.10447,0.617495,-0.171222,-2.18992,-0.906313,-0.35404,0.582698,1.21622,0.647125,0.216277,0.823397,0.411085,-1.9145,-0.520109,-0.974624,-0.745695,-0.518659,-1.15726,-0.904804,-0.827394,0.419639,-0.340574,0.051681,-1.49921,1.22873,1.38035,-0.204443,-0.0342273,-0.085023,-0.141019,1.20053,0.73564,-0.432187,-0.374942,0.407533,-0.64316,-1.38994,-0.785142,0.209117,0.590925,0.637878,0.015656,-0.757585,-1.89164,0.364621,0.204426,0.0123178,-1.55178,0.484046,0.462233,0.962279,-0.0295432,-0.120322,0.263837,-0.385987,-0.172192,0.41267,0.920417,-0.594873,-0.380407,0.0265905,-0.431663,0.0818369,1.15785,1.16092,0.494733,1.46787,0.214942,1.24597,-1.91242,0.942972,-0.324107,-1.12287,0.258985,-0.0113055,-0.176584,1.56869,0.224537,1.71386,-1.87186,-1.09973,-0.221415,-0.253827
0.93,0.119416,0.913883,1.0169,-1.27118,0.0169291,-0.412097,-0.551282,1.31794,-1.73129,-0.846223,1.15997,2.93847,-1.15938,-1.02224,0.802506,-1.98402,0.0859912,1.14802,0.629102,-0.0700055,-2.17272,-0.846157,-0.407844,0.630961,1.23663,0.622576,0.159199,0.796192,0.458058,-1.9365,-0.481261,-0.850218,-0.727869,-0.56038,-1.17312,-0.960716,-0.809667,0.434412,-0.326364,0.0459573,-1.49892,1.25838,1.44444,-0.223829,-0.0560671,-0.0177104,-0.082515,1.18037,0.751589,-0.412993,-0.320503,0.390056,-0.656805,-1.40848,-0.787451,0.265149,0.583404,0.69735,0.00102309,-0.69311,-1.83135,0.322468,0.206836,-0.0294464,-1.50335,0.487562,0.47222,0.924071,-0.0297681,-0.0868333,0.280481,-0.352262,-0.159458,0.321872,0.900265,-0.534732,-0.380226,-0.0358611,-0.433821,0.103287,1.12681,1.14318,0.478402,1.4414,0.202359,1.26765,-1.92969,0.888584,-0.370569,-1.0786,0.286203,-0.0423213,-0.213134,1.59882,0.182021,1.81042,-1.92207,-1.05745,-0.195591,-0.310182
0.932,0.207984,0.969456,1.06597,-1.21192,0.0252172,-0.436429,-0.495426,1.33156,-1.76379,-0.836353,1.16947,2.96503,-1.19777,-1.03177,0.787082,-1.99536,0.0527788,1.12784,0.671092,0.0454323,-2.11901,-0.870793,-0.447819,0.483906,1.23561,0.578263,0.187147,0.713157,0.478219,-1.97801,-0.554672,-0.891816,-0.680181,-0.542801,-1.10906,-0.931874,-0.853593,0.506151,-0.395318,-0.00541249,-1.47043,1.29303,1.42408,-0.266095,-0.0806626,0.0268891,-0.139274,1.19801,0.75173,-0.489117,-0.336313,0.454121,-0.699489,-1.39031,-0.809699,0.198229,0.610138,0.66591,0.0140239,-0.737991,-1.81851,0.284791,0.165442,-0.030654,-1.4473,0.485502,0.516898,0.838816,-0.038,-0.124653,0.264572,-0.332308,-0.206952,0.325887,0.90654,-0.496796,-0.372882,-0.0743711,-0.451974,0.0825431,1.11603,1.09454,0.422227,1.46884,0.187433,1.33152,-1.91021,0.872542,-0.350037,-1.10352,0.300546,-0.0944034,-0.144797,1.60664,0.237458,1.77394,-1.97338,-1.07075,-0.257314,-0.357389
0.934,0.188912,0.978594,0.981026,-1.28632,0.0913266,-0.412921,-0.520169,1.25899,-1.68076,-0.865018,1.16834,3.05885,-1.21608,-1.0126,0.830931,-1.95457,0.0777248,1.13546,0.698177,-0.00632089,-2.12303,-0.835809,-0.548724,0.498602,1.24762,0.555753,0.27073,0.693947,0.490489,-1.96522,-0.484936,-0.90935,-0.643154,-0.506342,-1.15068,-0.995967,-0.843998,0.459752,-0.422275,0.0707727,-1.44734,1.24368,1.45725,-0.211259,-0.0704818,-0.00966713,-0.183751,1.19929,0.726842,-0.42768,-0.325945,0.436573,-0.608707,-1.48586,-0.80365,0.220061,0.581723,0.722286,0.0879692,-0.664829,-1.88458,0.272003,0.140294,0.0110251,-1.42959,0.57617,0.505862,0.758798,-0.0213901,-0.09055,0.328559,-0.334893,-0.254434,0.306255,0.920288,-0.456424,-0.373609,-0.00503758,-0.401034,0.0233663,1.18758,1.06939,0.354458,1.49946,0.235054,1.18248,-1.96634,0.831139,-0.251789,-1.07794,0.350727,-0.0733982,-0.0649583,1.6962,0.273946,1.72501,-1.90372,-1.03752,-0.237963,-0.417925
0.936,0.223848,1.01579,0.973787,-1.33783,0.0712108,-0.373743,-0.462093,1.33131,-1.7659,-0.85191,1.14228,3.02044,-1.13331,-1.062,0.796569,-1.89209,0.099446,1.12354,0.650585,-0.0548857,-2.21263,-0.845681,-0.497781,0.488283,1.18323,0.64251,0.227585,0.646575,0.519069,-1.99383,-0.411775,-0.959346,-0.679767,-0.511983,-1.19414,-1.01822,-0.848543,0.454751,-0.450787,0.0696633,-1.44768,1.27091,1.47993,-0.240749,-0.040004,0.00816219,-0.215412,1.13432,0.743821,-0.437262,-0.234244,0.4571,-0.656719,-1.54681,-0.817611,0.246633,0.498404,0.731937,0.138541,-0.740958,-1.89339,0.34686,0.105945,0.0581355,-1.46156,0.542882,0.525738,0.761175,0.00824797,-0.102178,0.400756,-0.308626,-0.219261,0.256015,0.81804,-0.47065,-0.450753,-0.00671858,-0.416745,0.0653346,1.24242,1.08958,0.373962,1.4364,0.285382,1.19797,-1.90849,0.870951,-0.202977,-1.08127,0.393414,-0.0914973,-0.0256517,1.66367,0.263572,1.68086,-1.87254,-1.0466,-0.184204,-0.439811
0.938,0.23677,1.05772,0.935081,-1.29884,0.0904642,-0.332452,-0.440422,1.3384,-1.77995,-0.793692,1.20145,3.0492,-1.04242,-1.03016,0.867884,-1.87217,0.0420668,1.09096,0.592618,-0.0560052,-2.17254,-0.844166,-0.540033,0.556204,1.21649,0.591048,0.222091,0.632947,0.529004,-1.97361,-0.396766,-0.973482,-0.688255,-0.468618,-1.14859,-0.987322,-0.827641,0.550662,-0.502977,0.132277,-1.47261,1.32654,1.44454,-0.186566,-0.0453271,0.00331855,-0.161349,1.1865,0.704766,-0.531745,-0.253251,0.45494,-0.646848,-1.58392,-0.836907,0.253153,0.459019,0.80231,0.193471,-0.799592,-1.91386,0.313541,0.0427175,0.00548015,-1.43684,0.596043,0.463455,0.751965,-0.0147025,-0.0697561,0.421996,-0.284426,-0.144576,0.304436,0.841511,-0.455755,-0.482446,-0.00519087,-0.374387,0.0481989,1.17242,1.12959,0.291752,1.4864,0.345569,1.20568,-1.92932,0.862612,-0.14676,-1.03651,0.510627,-0.124036,-0.047117,1.67812,0.198715,1.75228,-1.91678,-1.04121,-0.141719,-0.513786
0.94,0.27739,1.02326,0.869037,-1.29947,0.122958,-0.337102,-0.492324,1.2571,-1.77804,-0.812413,1.18258,3.13737,-1.06892,-1.01695,0.834723,-1.8996,-0.0531601,1.06071,0.525643,-0.098831,-2.15461,-0.838049,-0.568347,0.564705,1.24578,0.528541,0.278335,0.592067,0.517005,-1.9055,-0.314417,-0.927434,-0.684539,-0.490165,-1.12516,-1.02371,-0.836721,0.543083,-0.570101,0.224144,-1.49024,1.36862,1.49085,-0.127677,-0.0392661,-0.0504351,-0.108567,1.16706,0.716502,-0.515773,-0.226274,0.425222,-0.581471,-1.51918,-0.817954,0.2292,0.534239,0.872251,0.183674,-0.822228,-1.97677,0.361497,-0.0193583,-0.0162256,-1.48163,0.538729,0.466088,0.740462,-0.0787952,-0.123202,0.505638,-0.244517,-0.103707,0.287273,0.856029,-0.535987,-0.455782,-0.0215952,-0.442952,0.131781,1.16443,1.11409,0.39209,1.49861,0.34131,1.21909,-1.94592,0.908464,-0.147484,-1.04875,0.416851,-0.0578917,0.0141712,1.65971,0.133798,1.70619,-1.90103,-0.955872,-0.137107,-0.465545
0.942,0.221082,0.972113,0.856075,-1.24088,0.103846,-0.359739,-0.418836,1.20896,-1.67347,-0.803978,1.25996,3.12255,-0.972346,-0.947165,0.812392,-1.89595,-0.0328073,1.03729,0.483929,-0.0516468,-2.1545,-0.879385,-0.70078,0.522744,1.14011,0.438149,0.321184,0.613849,0.492008,-1.84398,-0.362091,-0.910941,-0.68808,-0.484692,-1.11069,-1.04308,-0.85375,0.600745,-0.624092,0.238161,-1.50257,1.39475,1.51001,-0.153494,-0.083115,-0.101765,-0.036888,1.21532,0.646191,-0.526159,-0.237106,0.461169,-0.553728,-1.48152,-0.864883,0.288192,0.42914,0.960442,0.174008,-0.802531,-2.04118,0.347861,-0.0295876,-0.143829,-1.41729,0.558846,0.442256,0.613307,-0.0521077,-0.194524,0.517989,-0.153188,-0.150291,0.242145,0.840714,-0.516586,-0.491432,-0.0208266,-0.470327,0.184574,1.12926,1.07303,0.423546,1.4353,0.364989,1.23383,-1.98574,0.840236,-0.126935,-1.08633,0.372964,-0.00385556,0.0415864,1.6166,0.210458,1.62564,-1.88277,-1.0132,-0.127145,-0.527076
0.944,0.195067,0.942921,0.838445,-1.29577,0.0941522,-0.429257,-0.398389,1.12065,-1.62726,-0.754635,1.30927,3.01298,-0.9869,-0.958889,0.80823,-1.89419,0.0708865,0.988025,0.487277,-0.0710753,-2.11229,-0.912637,-0.623588,0.53815,1.11995,0.431268,0.286155,0.569426,0.463995,-1.78717,-0.353503,-0.873413,-0.705815,-0.472077,-1.11266,-1.10685,-0.797847,0.581325,-0.608781,0.200681,-1.50794,1.31494,1.44198,-0.20334,-0.141432,-0.145183,-0.0103101,1.20494,0.62089,-0.540707,-0.191632,0.390862,-0.5902,-1.59672,-0.895195,0.272417,0.414606,0.898912,0.179714,-0.803193,-2.04834,0.297278,-0.0187478,-0.0723711,-1.3724,0.557276,0.405109,0.639497,-0.0708145,-0.122033,0.526631,-0.13994,-0.147848,0.263442,0.83439,-0.487365,-0.471672,-0.0301561,-0.394864,0.174892,1.17437,1.10465,0.416853,1.42035,0.337376,1.33675,-2.01996,0.8145,-0.129164,-1.07642,0.349624,-0.00398087,0.18793,1.66967,0.218426,1.59626,-1.83425,-0.999512,-0.14215,-0.515423
0.946,0.178877,0.977956,0.808575,-1.29275,0.101644,-0.325698,-0.450084,1.06031,-1.62233,-0.708163,1.33841,3.05749,-1.02772,-0.913182,0.80387,-1.98032,0.143276,1.00827,0.449678,-0.0329116,-2.14351,-0.913376,-0.533883,0.551062,1.10308,0.38476,0.288951,0.555114,0.486798,-1.78456,-0.284324,-0.833384,-0.673968,-0.460285,-1.14536,-1.05636,-0.742092,0.514215,-0.633568,0.244783,-1.43215,1.3214,1.45719,-0.213173,-0.12724,-0.157017,0.00784998,1.19416,0.590314,-0.524968,-0.169419,0.395379,-0.582376,-1.61025,-0.987957,0.297868,0.403896,0.921553,0.223324,-0.84355,-1.9976,0.37281,0.00344137,-0.0257297,-1.38453,0.581779,0.484866,0.679042,-0.103112,-0.0702466,0.484308,-0.201328,-0.114569,0.271176,0.772998,-0.541371,-0.523428,0.05465,-0.372082,0.227308,1.22731,1.04767,0.325297,1.31527,0.228425,1.36821,-2.01547,0.802022,-0.135566,-1.08979,0.362261,0.0609044,0.158669,1.68521,0.234797,1.61855,-1.81328,-1.08142,-0.112155,-0.591298
0.948,0.145165,0.982535,0.8089,-1.30423,0.10065,-0.344394,-0.471815,1.08969,-1.58951,-0.722439,1.32484,3.14197,-0.948196,-0.932508,0.831741,-1.96041,0.154035,0.92262,0.484549,-0.102084,-2.16634,-0.917144,-0.440758,0.545509,1.15603,0.395965,0.363199,0.59486,0.48128,-1.79187,-0.337208,-0.890888,-0.662745,-0.427775,-1.09212,-1.05844,-0.711096,0.520883,-0.513553,0.295151,-1.50922,1.21126,1.4159,-0.177646,-0.177892,-0.203658,0.0432838,1.12961,0.550506,-0.537859,-0.0588296,0.386833,-0.511201,-1.66107,-1.06115,0.292407,0.440845,0.894056,0.192834,-0.871053,-2.01659,0.276108,-0.000364533,0.0280765,-1.4923,0.500322,0.589873,0.661228,-0.101948,-0.0923081,0.514865,-0.186586,-0.14983,0.253033,0.756479,-0.595802,-0.516398,0.00112108,-0.347057,0.183417,1.1977,1.01961,0.30695,1.36921,0.222483,1.37626,-1.90629,0.816242,-0.123475,-1.06038,0.340778,0.106136,0.233898,1.69713,0.17069,1.58693,-1.82012,-1.06705,-0.0772224,-0.519738
0.95,0.189557,0.964746,0.80851,-1.29387,0.0924283,-0.355067,-0.421532,1.11455,-1.61891,-0.796173,1.39889,3.07464,-0.993533,-0.947955,0.879514,-2.03199,0.15166,1.01917,0.533155,-0.175146,-2.22357,-0.913366,-0.450641,0.522771,1.15789,0.393681,0.295162,0.660668,0.529266,-1.91015,-0.354763,-0.885005,-0.676895,-0.404825,-1.11024,-1.04491,-0.772519,0.589058,-0.500953,0.223598,-1.49419,1.25684,1.39711,-0.0970313,-0.157109,-0.24876,0.100501,1.17143,0.525519,-0.527229,-0.0409843,0.46848,-0.458238,-1.661,-1.03578,0.275026,0.456344,0.929983,0.193239,-0.903947,-1.97061,0.382415,-0.0277286,-0.0649965,-1.51552,0.524497,0.634685,0.676033,-0.128202,-0.153363,0.505029,-0.227998,-0.19469,0.243187,0.792778,-0.468093,-0.499233,0.0197824,-0.404745,0.133681,1.21697,1.06268,0.232455,1.40076,0.203793,1.31483,-1.915,0.832159,-0.137121,-1.07291,0.296525,0.173918,0.150005,1.71343,0.239011,1.62118,-1.87529,-1.02395,-0.0255609,-0.53869
0.952,0.178249,0.992319,0.837604,-1.24868,0.0887454,-0.31399,-0.425313,1.10984,-1.51306,-0.773225,1.3855,3.08249,-0.977633,-0.945277,0.841652,-2.08017,0.103414,1.03029,0.523925,-0.18062,-2.13512,-0.880649,-0.417407,0.543337,1.22606,0.386263,0.303619,0.657164,0.503572,-1.92155,-0.360388,-0.87542,-0.664272,-0.450406,-1.01327,-1.0027,-0.69153,0.675265,-0.565168,0.253542,-1.48724,1.23759,1.41651,-0.147001,-0.176437,-0.241954,0.114443,1.25989,0.532357,-0.508157,-0.0811759,0.532855,-0.400097,-1.68178,-0.999977,0.235914,0.454742,0.932875,0.118533,-0.911719,-2.04142,0.323488,0.0299109,-0.0153093,-1.47965,0.484321,0.71197,0.572338,-0.176506,-0.217046,0.483081,-0.303474,-0.197742,0.295049,0.734944,-0.491894,-0.543028,0.0133921,-0.39845,0.139131,1.18622,1.01541,0.252265,1.45037,0.221834,1.35043,-1.93927,0.811215,-0.108676,-1.10347,0.253738,0.234056,0.0885218,1.83893,0.285717,1.66565,-1.82128,-1.00335,-0.0381233,-0.566129
0.954,0.15034,0.993769,0.87744,-1.2234,0.071616,-0.375975,-0.38197,1.04692,-1.49455,-0.79934,1.35434,3.02063,-0.870186,-0.964064,0.822595,-2.06523,0.106204,1.01599,0.536277,-0.167405,-2.06785,-0.921848,-0.356426,0.512417,1.11412,0.412139,0.279191,0.658725,0.506893,-1.95679,-0.341674,-0.889546,-0.652904,-0.416473,-1.05198,-0.939421,-0.732468,0.667793,-0.557528,0.301413,-1.49785,1.27981,1.41566,-0.103756,-0.208513,-0.173842,0.130894,1.20885,0.59082,-0.512179,-0.109431,0.593855,-0.441866,-1.66431,-0.961656,0.294646,0.450851,0.940678,0.0664892,-0.958133,-2.04326,0.359754,0.175389,-0.0224072,-1.44431,0.535639,0.686274,0.509776,-0.122182,-0.227966,0.520903,-0.241107,-0.197009,0.307945,0.68009,-0.547167,-0.551742,0.0773856,-0.414493,0.118305,1.17904,1.03288,0.279554,1.42711,0.223344,1.3642,-1.85904,0.802157,-0.166924,-1.00492,0.328779,0.275084,0.147858,1.80342,0.273153,1.59691,-1.81069,-0.980238,0.0449176,-0.587678
0.956,0.175539,0.954442,0.884448,-1.22153,0.0572856,-0.457604,-0.30782,1.02009,-1.49179,-0.846537,1.33637,3.06637,-0.934912,-1.02193,0.802233,-2.10019,0.166066,0.932278,0.475097,-0.12888,-2.1162,-0.954682,-0.404783,0.569918,1.17562,0.406656,0.292946,0.684543,0.427119,-1.9566,-0.424751,-0.959227,-0.622587,-0.426705,-0.965828,-0.910332,-0.692444,0.667549,-0.51795,0.308333,-1.46008,1.27879,1.42318,-0.155194,-0.259427,-0.217025,0.0911411,1.20044,0.587311,-0.442352,-0.0696174,0.655702,-0.456707,-1.65956,-0.938249,0.301586,0.481051,0.944834,0.00690113,-0.95602,-2.0432,0.402369,0.236852,0.058444,-1.52241,0.507299,0.663856,0.461129,-0.121503,-0.270804,0.496996,-0.238955,-0.285156,0.322211,0.726611,-0.633695,-0.486938,0.0807283,-0.420407,0.113095,1.15963,1.03577,0.265428,1.41982,0.196848,1.36266,-1.81489,0.771392,-0.157804,-0.915607,0.32472,0.360605,0.208991,1.78855,0.297092,1.53335,-1.7929,-1.04654,0.0201553,-0.606388
0.958,0.167282,0.966309,0.932703,-1.19138,-0.0666722,-0.44571,-0.190067,1.05404,-1.37414,-0.864064,1.31154,3.08737,-0.971795,-0.962941,0.800674,-2.14099,0.144374,0.881679,0.432106,-0.168876,-2.12278,-1.00376,-0.40166,0.51901,1.17957,0.421192,0.348903,0.669136,0.376453,-1.97348,-0.436286,-0.936734,-0.581942,-0.395639,-0.951092,-0.920911,-0.694723,0.64311,-0.513373,0.297155,-1.48309,1.3057,1.46055,-0.123798,-0.235843,-0.261186,0.0974903,1.12243,0.537906,-0.46779,-0.103472,0.696113,-0.361809,-1.56889,-0.921736,0.297006,0.424095,0.885133,-0.0297984,-0.970903,-1.9701,0.343305,0.259076,0.0177643,-1.52182,0.411127,0.617555,0.450445,-0.126725,-0.312236,0.445062,-0.236066,-0.207999,0.316858,0.752171,-0.607391,-0.554543,0.0216124,-0.482399,0.124429,1.17566,0.977043,0.270976,1.45029,0.183863,1.32446,-1.85012,0.834604,-0.132668,-0.901351,0.326863,0.357044,0.22641,1.74135,0.33442,1.48201,-1.76983,-1.07446,0.0364472,-0.607691
0.96,0.119032,0.98901,0.955669,-1.19244,-0.160378,-0.441254,-0.139289,1.05452,-1.38102,-0.785858,1.36445,3.06353,-0.997969,-1.03075,0.723975,-2.08043,0.187826,0.858371,0.437694,-0.161365,-2.07831,-1.01106,-0.480782,0.545483,1.23687,0.449411,0.392987,0.634258,0.346258,-2.00821,-0.408316,-0.833011,-0.597909,-0.398382,-0.947522,-0.933516,-0.769227,0.639078,-0.512896,0.254422,-1.46413,1.29163,1.47453,-0.0228203,-0.278206,-0.239414,0.0956825,1.08888,0.550042,-0.527042,-0.166571,0.737602,-0.271585,-1.5864,-0.955974,0.313037,0.471357,0.866367,-0.0339761,-0.970836,-2.09238,0.300949,0.276035,0.0115871,-1.45692,0.428712,0.57122,0.424123,-0.116008,-0.24612,0.464055,-0.219514,-0.275872,0.319113,0.730999,-0.616801,-0.552359,-0.042773,-0.514775,0.145538,1.17656,0.991529,0.299178,1.40692,0.196875,1.32466,-1.74431,0.88422,-0.105198,-0.89742,0.354058,0.396011,0.18135,1.70302,0.434189,1.47641,-1.88373,-1.07613,0.0656964,-0.616082
0.962,0.116712,1.02672,0.916034,-1.22281,-0.172677,-0.502854,-0.157151,1.10553,-1.3563,-0.786052,1.33239,3.08286,-0.963203,-0.968851,0.748671,-2.08862,0.238269,0.862208,0.465385,-0.142833,-2.09581,-1.00086,-0.428518,0.556516,1.21429,0.393213,0.446923,0.592474,0.289379,-2.0863,-0.416198,-0.820911,-0.588175,-0.492861,-1.01004,-0.952274,-0.826825,0.632255,-0.571878,0.274295,-1.43068,1.23292,1.45701,0.0451372,-0.260281,-0.201159,0.0850717,1.08057,0.608558,-0.517368,-0.121221,0.747281,-0.298351,-1.6617,-0.950974,0.275297,0.473572,0.800651,0.0237295,-0.946014,-2.07547,0.317305,0.263433,0.0794946,-1.44425,0.464385,0.543537,0.351235,-0.0887457,-0.313142,0.471397,-0.25623,-0.241913,0.312328,0.751917,-0.570474,-0.509038,-0.0941469,-0.464891,0.161955,1.18224,0.939613,0.33344,1.4004,0.218203,1.26177,-1.79779,0.925231,-0.0849613,-0.942144,0.374198,0.433369,0.146503,1.68875,0.360479,1.41514,-1.79963,-1.08273,0.0117896,-0.611741
0.964,0.124218,1.05258,0.897837,-1.18072,-0.169886,-0.51888,-0.231617,1.07845,-1.41963,-0.753573,1.34692,3.04162,-1.0189,-0.93754,0.793471,-2.11734,0.267462,0.889589,0.452216,-0.152519,-2.07999,-0.948406,-0.412577,0.577532,1.21981,0.475702,0.411788,0.693728,0.276988,-2.09908,-0.352112,-0.789699,-0.53593,-0.440798,-1.00112,-0.97144,-0.807589,0.70108,-0.571723,0.317765,-1.42113,1.29092,1.36521,0.0251176,-0.265218,-0.118859,0.046852,1.07289,0.57395,-0.583616,-0.215441,0.844507,-0.345171,-1.63273,-1.00214,0.324771,0.454583,0.813193,0.0631978,-0.899042,-2.04556,0.321881,0.279732,0.0250905,-1.45061,0.419281,0.560151,0.288082,-0.0165073,-0.268044,0.468266,-0.215902,-0.289848,0.403179,0.755594,-0.530588,-0.556291,-0.100499,-0.465233,0.174706,1.18343,0.953935,0.335427,1.40771,0.223596,1.23552,-1.8625,0.978602,-0.151589,-0.958975,0.429927,0.486692,0.137668,1.76247,0.391731,1.43743,-1.84619,-1.02917,-0.0146027,-0.630514
0.966,0.180542,0.992972,0.846135,-1.14151,-0.193692,-0.501763,-0.239699,1.17855,-1.4427,-0.702895,1.32047,3.08102,-1.09837,-0.861588,0.697073,-2.15738,0.298368,0.929259,0.451533,-0.0939502,-2.05143,-0.88951,-0.453588,0.629842,1.16012,0.536784,0.445,0.684252,0.271705,-2.10659,-0.369917,-0.787776,-0.551005,-0.439637,-1.01205,-0.955419,-0.821112,0.615305,-0.616973,0.323728,-1.5707,1.268,1.39263,-0.0313186,-0.277011,-0.0355332,-0.0270885,1.00798,0.593959,-0.604645,-0.188525,0.85635,-0.314301,-1.69013,-1.03046,0.358014,0.45926,0.846637,0.0941839,-0.909614,-2.09618,0.347351,0.263324,0.0144608,-1.49297,0.379484,0.610747,0.308197,-0.0226184,-0.253197,0.394196,-0.123234,-0.242315,0.38747,0.77174,-0.518203,-0.601839,-0.122103,-0.432993,0.156002,1.1759,1.02354,0.318663,1.45411,0.235212,1.1977,-1.82483,0.988032,-0.157517,-0.921655,0.426748,0.52379,0.141015,1.67671,0.302667,1.42603,-1.81009,-1.05536,-0.0234527,-0.556243
0.968,0.269557,1.03895,0.864447,-1.19257,-0.219113,-0.565855,-0.245208,1.19626,-1.44541,-0.621415,1.33218,3.04793,-1.17959,-0.890104,0.671711,-2.19186,0.267018,0.998693,0.481755,-0.00701649,-2.02958,-0.939338,-0.40881,0.646941,1.16702,0.53198,0.412715,0.637352,0.254014,-2.06038,-0.402785,-0.75069,-0.548418,-0.362521,-1.04702,-0.981138,-0.856897,0.667105,-0.608576,0.417974,-1.52889,1.19441,1.41582,-0.00125752,-0.320723,0.0328695,0.00174582,1.03946,0.670657,-0.638456,-0.17799,0.867939,-0.357429,-1.67134,-1.01342,0.315835,0.44935,0.874994,0.092574,-0.856498,-2.03078,0.396113,0.162585,0.016711,-1.46103,0.385783,0.561281,0.290141,-0.0681518,-0.266801,0.439227,-0.154811,-0.22792,0.340448,0.756351,-0.472262,-0.590241,-0.190327,-0.38022,0.131279,1.24889,1.00999,0.334796,1.42847,0.249182,1.26325,-1.79101,1.00066,-0.120191,-0.862606,0.386603,0.55062,-0.0272803,1.69476,0.338457,1.3895,-1.82143,-1.1212,-0.013456,-0.653869
0.97,0.243698,0.969211,0.895701,-1.18006,-0.226875,-0.556624,-0.23982,1.25048,-1.4368,-0.644503,1.35644,3.02935,-1.28062,-0.827725,0.665437,-2.10118,0.291154,0.963851,0.466555,-0.0475234,-2.05538,-0.861374,-0.340984,0.682168,1.07634,0.580668,0.356075,0.622546,0.227586,-2.04865,-0.407948,-0.785753,-0.491307,-0.349099,-1.10817,-0.997705,-0.904926,0.657114,-0.645082,0.436534,-1.50978,1.21813,1.38899,0.0156136,-0.263573,0.0857631,0.0401128,0.955011,0.582546,-0.547388,-0.174263,0.79478,-0.280531,-1.6208,-1.03517,0.326017,0.557423,0.866631,0.0279391,-0.854727,-1.91193,0.33399,0.297893,-0.0166933,-1.44857,0.381549,0.562891,0.295981,-0.0544491,-0.229074,0.428426,-0.102043,-0.325914,0.350403,0.769055,-0.547781,-0.603495,-0.191369,-0.344139,0.116845,1.30339,1.02225,0.396457,1.39666,0.300115,1.26391,-1.83145,1.06218,-0.136232,-0.855122,0.375444,0.624668,-0.0509535,1.71148,0.443869,1.34845,-1.82179,-1.1055,0.052203,-0.661409
0.972,0.319643,1.01437,0.889975,-1.03232,-0.171396,-0.606094,-0.269038,1.18435,-1.53869,-0.683964,1.31067,2.96552,-1.31229,-0.855699,0.587661,-2.02745,0.319424,0.960675,0.523846,-0.0152516,-2.06722,-0.803679,-0.351002,0.646677,1.07561,0.596179,0.367029,0.672358,0.2227,-2.06832,-0.405102,-0.81635,-0.569983,-0.420493,-1.14621,-1.04845,-0.916374,0.660871,-0.647319,0.465554,-1.51396,1.22007,1.37957,0.0291736,-0.326524,0.236949,0.126392,0.998179,0.581102,-0.544877,-0.149898,0.837223,-0.21066,-1.61557,-0.956172,0.265269,0.538935,0.848203,0.0387348,-0.84562,-1.97093,0.395129,0.221065,-0.0603912,-1.40816,0.414222,0.603834,0.298468,-0.0369684,-0.283292,0.420308,-0.113621,-0.326287,0.324788,0.794606,-0.548556,-0.538973,-0.158942,-0.406265,0.101467,1.38391,0.966574,0.46961,1.37518,0.286329,1.17413,-1.77485,1.06588,-0.219657,-0.838285,0.312088,0.613037,0.0497381,1.7736,0.4098,1.41026,-1.7991,-1.13899,0.0929726,-0.640382
0.974,0.300531,1.05495,0.835101,-0.965917,-0.202688,-0.594483,-0.310184,1.12122,-1.54421,-0.699616,1.27397,2.95406,-1.32442,-0.835909,0.584585,-2.08887,0.281468,1.00279,0.580051,0.0773346,-2.06113,-0.786884,-0.268406,0.637208,1.02837,0.629632,0.382952,0.695692,0.189333,-2.04053,-0.355447,-0.772257,-0.610549,-0.376199,-1.2066,-0.99159,-0.986108,0.672526,-0.641788,0.369044,-1.54327,1.1837,1.34627,0.0250808,-0.313358,0.261751,0.0809515,0.966488,0.635644,-0.550331,-0.162509,0.850388,-0.252248,-1.57253,-1.0256,0.234859,0.52321,0.882194,0.0348454,-0.750403,-1.90244,0.38702,0.244677,-0.128418,-1.45187,0.395846,0.652048,0.287916,0.00317733,-0.282756,0.474932,-0.0852227,-0.290134,0.346244,0.758545,-0.544902,-0.580085,-0.129722,-0.405127,0.119123,1.36363,1.03995,0.492149,1.40332,0.225161,1.20764,-1.74579,1.00039,-0.204323,-0.873584,0.36745,0.617583,0.0290088,1.76292,0.477635,1.51126,-1.78571,-1.13268,0.0667133,-0.668344
0.976,0.307232,1.09418,0.81103,-0.947432,-0.243762,-0.573231,-0.274509,1.12185,-1.58491,-0.692508,1.25535,3.02228,-1.32306,-0.836792,0.597614,-2.09247,0.318152,1.04167,0.580045,0.161811,-2.03134,-0.805341,-0.275621,0.695886,0.958547,0.61476,0.317555,0.687902,0.146524,-1.94089,-0.327626,-0.688992,-0.580469,-0.32822,-1.20504,-1.08266,-1.01132,0.686759,-0.656136,0.398738,-1.53663,1.25192,1.35669,0.0635962,-0.231432,0.186701,0.142726,0.979363,0.650716,-0.544138,-0.0766105,0.855696,-0.197956,-1.57225,-1.07306,0.351389,0.524665,0.860117,0.0086907,-0.769526,-1.90371,0.462605,0.19526,-0.154467,-1.42297,0.347017,0.616839,0.404947,-0.0326679,-0.273252,0.404682,-0.0633573,-0.311207,0.392155,0.803993,-0.591435,-0.557374,-0.0439496,-0.419648,0.10218,1.44974,1.04462,0.524515,1.39542,0.2817,1.23619,-1.85123,0.975491,-0.238876,-0.796203,0.36501,0.617074,0.108944,1.76673,0.475199,1.50294,-1.78587,-1.06654,0.0653102,-0.627982
0.978,0.29102,1.06017,0.877248,-1.06835,-0.170374,-0.508283,-0.2833,1.11666,-1.61651,-0.732433,1.26486,3.04437,-1.28229,-0.818786,0.676525,-2.08698,0.312348,1.03834,0.534309,0.261643,-2.06894,-0.810844,-0.307388,0.699547,0.974928,0.591438,0.332532,0.593982,0.168599,-1.91145,-0.265746,-0.716418,-0.551738,-0.332868,-1.22941,-1.08642,-0.97266,0.668648,-0.63981,0.384521,-1.47145,1.21825,1.34834,0.0818272,-0.194055,0.126761,0.189834,1.0468,0.685978,-0.598024,-0.126625,0.83831,-0.218712,-1.66836,-1.12473,0.294789,0.506475,0.826304,0.0847147,-0.801085,-1.93351,0.46577,0.20782,-0.241389,-1.50815,0.363781,0.614915,0.407546,-0.0094231,-0.274157,0.441112,-0.0121317,-0.401431,0.316015,0.806978,-0.616587,-0.645944,-0.054891,-0.406628,0.114415,1.48753,1.04048,0.545291,1.44717,0.277739,1.25434,-1.76973,0.971047,-0.208038,-0.870627,0.356403,0.676408,0.115275,1.78618,0.455367,1.48119,-1.89213,-1.0952,0.143022,-0.607885
0.98,0.280735,0.96275,0.866076,-1.09722,-0.154872,-0.503285,-0.28779,1.11173,-1.61325,-0.72891,1.31866,3.14172,-1.28191,-0.804897,0.662452,-2.09121,0.355734,1.0591,0.536847,0.309384,-2.03138,-0.809455,-0.296844,0.691916,0.894486,0.619877,0.384907,0.623347,0.104423,-1.98119,-0.248094,-0.736588,-0.529726,-0.43036,-1.25897,-1.01762,-0.922289,0.697868,-0.616555,0.334487,-1.475,1.17669,1.38661,0.0671779,-0.274828,0.01187,0.208816,1.11478,0.659541,-0.578745,-0.0805922,0.929393,-0.0951367,-1.64433,-1.09061,0.348892,0.453933,0.847569,0.107867,-0.754213,-1.95907,0.485337,0.22442,-0.177895,-1.50634,0.420901,0.575751,0.432085,0.0274817,-0.281794,0.4032,-0.0373743,-0.408292,0.326541,0.821914,-0.618221,-0.624839,-0.123371,-0.468907,0.101567,1.54125,1.00177,0.588459,1.45033,0.296657,1.17748,-1.75543,0.979626,-0.180218,-0.845399,0.362196,0.645036,0.150206,1.8435,0.43195,1.53163,-1.86845,-1.10194,0.156071,-0.615216
0.982,0.332512,0.955854,0.881036,-1.13835,-0.155758,-0.52445,-0.295864,1.06196,-1.62544,-0.730194,1.28749,3.19574,-1.34495,-0.788262,0.638297,-2.1292,0.399518,1.04474,0.554704,0.31792,-1.94085,-0.842023,-0.222835,0.67549,0.945996,0.617134,0.381862,0.664821,0.158712,-1.98277,-0.205033,-0.731657,-0.488009,-0.481886,-1.28923,-1.03449,-0.891451,0.649819,-0.554516,0.34773,-1.51808,1.12985,1.43099,0.106079,-0.369246,0.0230971,0.272868,1.11551,0.593265,-0.58402,-0.045189,0.912683,-0.073603,-1.66731,-1.0957,0.324541,0.436336,0.88274,0.0921469,-0.782537,-1.9879,0.485064,0.141017,-0.275425,-1.53145,0.432436,0.55523,0.340815,-0.0303527,-0.275322,0.409757,-0.0995791,-0.438829,0.402048,0.754284,-0.590588,-0.626033,-0.103857,-0.546885,0.0715719,1.59623,0.938413,0.654006,1.38019,0.400615,1.11473,-1.74432,0.980906,-0.144062,-0.792107,0.359839,0.63709,0.162178,1.76477,0.449378,1.54722,-1.8239,-1.11705,0.200546,-0.624217
0.984,0.380848,0.923681,0.926917,-1.13268,-0.187809,-0.561123,-0.283238,1.01175,-1.55045,-0.736351,1.29634,3.07921,-1.24726,-0.810174,0.649258,-2.14576,0.390232,1.0207,0.527243,0.374066,-1.93295,-0.745188,-0.178123,0.623889,0.902998,0.635195,0.435612,0.699797,0.256828,-1.89432,-0.154149,-0.737001,-0.519519,-0.527231,-1.29321,-1.06628,-0.892983,0.698324,-0.545181,0.341186,-1.50842,1.09567,1.42845,0.0552081,-0.364155,-0.0200314,0.267022,1.08978,0.621743,-0.588303,-0.0240949,0.837052,-0.0517134,-1.67515,-1.12937,0.346849,0.418566,0.919121,0.0624458,-0.821806,-1.9481,0.477643,0.106856,-0.317429,-1.55814,0.418102,0.547349,0.277247,-0.00680429,-0.310668,0.426359,0.0116738,-0.496706,0.441708,0.765711,-0.551615,-0.63783,-0.120795,-0.592004,0.117797,1.61186,0.974976,0.652102,1.35577,0.452588,1.15594,-1.78278,0.940767,-0.103779,-0.872297,0.385748,0.730495,0.213299,1.82396,0.448333,1.54723,-1.90558,-1.15029,0.106619,-0.715336
0.986,0.489585,0.909422,0.949058,-1.09905,-0.139352,-0.558854,-0.295778,0.929985,-1.58633,-0.735805,1.25016,3.07422,-1.30766,-0.831932,0.684049,-2.15981,0.468643,1.11778,0.535764,0.347171,-1.8852,-0.734935,-0.166102,0.612479,0.866149,0.588393,0.364021,0.720438,0.260254,-1.8652,-0.204822,-0.764522,-0.470567,-0.490518,-1.3143,-1.04857,-0.852844,0.727782,-0.518603,0.407048,-1.49005,1.06858,1.42817,0.0468856,-0.379708,-0.0313851,0.278558,1.06815,0.653571,-0.52744,0.0161344,0.891587,-0.0403803,-1.65057,-1.19167,0.337447,0.429663,0.913739,0.04932,-0.746838,-1.9283,0.550049,0.0975986,-0.334504,-1.50288,0.412145,0.557596,0.234913,-0.0786758,-0.221737,0.419355,0.034111,-0.486043,0.396348,0.84364,-0.553779,-0.66307,-0.118521,-0.613243,0.128425,1.58934,1.00644,0.578597,1.3468,0.489403,1.20141,-1.81794,0.979316,-0.157984,-0.924615,0.421349,0.815406,0.222019,1.74348,0.466054,1.45026,-1.88505,-1.16147,0.173864,-0.690809
0.988,0.50967,0.901942,0.940562,-1.10423,-0.0518045,-0.524638,-0.367625,0.921896,-1.59813,-0.723569,1.33805,3.09606,-1.28356,-0.815034,0.777146,-2.15546,0.522392,1.14942,0.573244,0.334597,-1.82816,-0.753687,-0.122214,0.552049,0.779142,0.615585,0.3932,0.73187,0.221343,-1.90308,-0.201172,-0.719459,-0.404795,-0.491681,-1.23534,-0.953645,-0.797843,0.754652,-0.50463,0.412295,-1.47526,1.02636,1.51425,0.0596223,-0.374953,-0.0816743,0.260262,1.07714,0.633373,-0.508231,0.0766703,0.952631,-0.0596321,-1.61337,-1.18945,0.213561,0.521149,0.887915,0.0241566,-0.768673,-1.89551,0.577362,0.104228,-0.339497,-1.52311,0.326263,0.540903,0.230543,-0.0490498,-0.237053,0.456754,-0.00504871,-0.45561,0.419071,0.923446,-0.624193,-0.655361,-0.13257,-0.605904,0.235279,1.65524,0.996193,0.575614,1.3163,0.550724,1.19492,-1.90119,1.06216,-0.18298,-0.891903,0.501605,0.82642,0.218815,1.77141,0.433139,1.30888,-1.89163,-1.16476,0.200465,-0.661871
0.99,0.440215,0.852421,0.948648,-1.17629,-0.0879606,-0.421082,-0.333653,0.936316,-1.52075,-0.776634,1.30464,3.04567,-1.30215,-0.716062,0.767216,-2.2327,0.548916,1.22652,0.540586,0.301577,-1.85402,-0.732276,-0.120795,0.541954,0.744916,0.581,0.36263,0.689186,0.24424,-1.85988,-0.187791,-0.713766,-0.464148,-0.474266,-1.19955,-0.993018,-0.748224,0.704195,-0.540805,0.389813,-1.50799,0.998924,1.55108,0.0135767,-0.278674,-0.113787,0.22681,1.06174,0.650927,-0.590265,0.0772553,0.933405,-0.0651678,-1.61449,-1.14354,0.201293,0.555338,0.803678,0.00737634,-0.750546,-1.92594,0.539493,0.0409405,-0.329703,-1.56028,0.321558,0.506826,0.238535,-0.0935769,-0.252168,0.427549,0.0521275,-0.475124,0.471038,0.98508,-0.651273,-0.669635,-0.106866,-0.582444,0.179758,1.67976,1.02118,0.598109,1.33322,0.529703,1.16606,-1.92016,1.03345,-0.163608,-0.892719,0.497582,0.780939,0.257176,1.7937,0.384615,1.34617,-1.95307,-1.20181,0.117092,-0.634806
0.992,0.438143,0.825387,0.875494,-1.18454,-0.148473,-0.38025,-0.414602,0.91026,-1.43842,-0.789366,1.27925,3.04997,-1.2037,-0.680687,0.794058,-2.32161,0.569702,1.17816,0.542521,0.318007,-1.78636,-0.722468,-0.0847235,0.591487,0.711517,0.650942,0.33698,0.739742,0.249696,-1.88871,-0.205904,-0.684524,-0.382985,-0.42167,-1.23218,-0.92983,-0.70059,0.698709,-0.542254,0.441234,-1.63062,0.982417,1.59094,-0.0139009,-0.3358,-0.0608989,0.233175,1.0579,0.658305,-0.570902,0.167552,0.963888,-0.0747444,-1.55431,-1.13171,0.259041,0.656003,0.737711,0.00500083,-0.762587,-1.94122,0.469354,0.185145,-0.317631,-1.60751,0.349077,0.502095,0.263109,-0.144664,-0.24745,0.42181,0.0394252,-0.442617,0.501218,0.947277,-0.708103,-0.607366,-0.062236,-0.534317,0.128089,1.67268,1.10145,0.598845,1.21556,0.642888,1.1643,-1.92146,1.16864,-0.156928,-0.933125,0.555395,0.826231,0.309806,1.79259,0.361859,1.37778,-1.93063,-1.21728,0.0603117,-0.624627
0.994,0.394002,0.921462,0.825946,-1.204,-0.174032,-0.381662,-0.437447,0.913224,-1.38859,-0.729742,1.25442,3.02573,-1.15362,-0.689993,0.809697,-2.3441,0.516602,1.17065,0.491946,0.357637,-1.69352,-0.740956,-0.119546,0.549569,0.666102,0.592695,0.371655,0.708698,0.255221,-1.82164,-0.276995,-0.661237,-0.433234,-0.358048,-1.21887,-0.953248,-0.680708,0.688505,-0.578293,0.413441,-1.671,0.957639,1.57981,0.0106375,-0.353361,-0.0458302,0.267823,1.10716,0.630113,-0.543359,0.180517,1.0207,-0.0458608,-1.56157,-1.09704,0.339301,0.730085,0.822121,-0.0128623,-0.751305,-1.94841,0.468576,0.197253,-0.301575,-1.64895,0.336295,0.495064,0.393307,-0.136946,-0.271308,0.358063,-0.000926242,-0.477768,0.46268,0.963565,-0.710266,-0.705617,-0.076033,-0.515878,0.129036,1.7066,1.08253,0.569583,1.19057,0.691493,1.08998,-1.86057,1.21053,-0.170507,-0.858088,0.622446,0.886597,0.332562,1.75081,0.376449,1.36104,-1.88412,-1.24827,0.0944933,-0.677687
0.996,0.39612,0.909441,0.867345,-1.17417,-0.229995,-0.295461,-0.384121,0.949674,-1.39218,-0.763731,1.2995,3.00753,-1.15092,-0.722468,0.753139,-2.38643,0.509994,1.11519,0.374644,0.391614,-1.74996,-0.700006,-0.0469426,0.504618,0.716853,0.609139,0.360593,0.651197,0.348021,-1.81174,-0.223845,-0.599977,-0.423095,-0.397415,-1.17914,-0.906708,-0.684137,0.632743,-0.634177,0.457317,-1.74543,1.05416,1.48814,0.0576287,-0.305869,-0.00652094,0.19998,1.15363,0.590456,-0.548903,0.12685,0.973965,-0.0476675,-1.52979,-1.13005,0.320238,0.84089,0.849096,-0.06688,-0.757733,-1.9752,0.491608,0.166017,-0.215792,-1.68346,0.32955,0.518066,0.363765,-0.116325,-0.366519,0.340311,-0.00292671,-0.473409,0.42524,1.00688,-0.82974,-0.643148,-0.051581,-0.459931,0.0543366,1.69719,1.07109,0.614323,1.23746,0.746638,1.10431,-1.87055,1.19548,-0.106479,-0.903315,0.611545,0.94315,0.291299,1.72041,0.364496,1.29302,-1.8631,-1.21962,0.170838,-0.639311
0.998,0.351485,0.897171,0.810489,-1.05945,-0.238702,-0.256372,-0.423956,0.925507,-1.4569,-0.757668,1.26777,3.04,-1.1543,-0.69531,0.784665,-2.4312,0.547082,1.12749,0.393192,0.357082,-1.67631,-0.724266,0.0652525,0.529561,0.717896,0.685656,0.285522,0.59774,0.374876,-1.77585,-0.208495,-0.637766,-0.366358,-0.388084,-1.11717,-0.851642,-0.767827,0.550647,-0.621966,0.485749,-1.79653,1.08189,1.52047,0.0303098,-0.311066,0.0252576,0.165148,1.13409,0.578359,-0.561702,0.142449,0.975641,-0.0939116,-1.51387,-1.0765,0.332308,0.844653,0.912496,-0.0249437,-0.823244,-1.98226,0.44371,0.168319,-0.224905,-1.69075,0.286981,0.51343,0.377906,-0.0587047,-0.457853,0.286739,-0.00893348,-0.494578,0.386663,1.02973,-0.816284,-0.649647,-0.00577215,-0.495263,-0.0380614,1.69116,1.0995,0.605625,1.21451,0.741977,1.04065,-1.83592,1.2337,-0.109593,-0.933545,0.632235,0.924706,0.315773,1.7343,0.315874,1.29906,-1.86198,-1.26821,0.166311,-0.720893
1,0.399709,0.854448,0.859784,-1.04466,-0.1912,-0.335098,-0.392794,0.944033,-1.45369,-0.673104,1.26806,3.02874,-1.10149,-0.756452,0.726577,-2.4814,0.4925,1.12115,0.390573,0.351156,-1.67726,-0.731172,0.0693958,0.537232,0.748647,0.694599,0.341165,0.63106,0.434586,-1.79273,-0.158946,-0.769321,-0.360578,-0.439546,-1.08905,-0.851767,-0.824475,0.57826,-0.592621,0.522107,-1.78222,1.06433,1.57309,0.0443808,-0.3115,0.0233451,0.189239,1.14033,0.560029,-0.630487,0.125085,0.961229,-0.0789214,-1.50831,-1.09386,0.313159,0.856364,1.0023,-0.0378118,-0.84671,-2.00483,0.406075,0.172542,-0.164878,-1.74756,0.337821,0.45079,0.394885,0.0331043,-0.473565,0.363429,-0.0474576,-0.491947,0.41798,1.06316,-0.818788,-0.667546,-0.0128735,-0.469555,-0.0955332,1.69765,1.08782,0.58391,1.18459,0.775429,0.997978,-1.83382,1.19473,-0.0922138,-0.90204,0.698766,0.911864,0.283788,1.73979,0.314328,1.28926,-1.81209,-1.2371,0.162219,-0.702081
